2024-07-10 16:37:10,446 -                train: [    INFO] - Training in distributed mode with multiple processes, 1 GPU per process. Process 1, total 4.
2024-07-10 16:37:10,484 -                train: [    INFO] - Training in distributed mode with multiple processes, 1 GPU per process. Process 0, total 4.
2024-07-10 16:37:10,557 -                train: [    INFO] - Model vitsnn created, param count:9314884
2024-07-10 16:37:10,557 -     timm.data.config: [    INFO] - Data processing configuration for current model + dataset:
2024-07-10 16:37:10,557 -     timm.data.config: [    INFO] - 	input_size: (3, 32, 32)
2024-07-10 16:37:10,557 -     timm.data.config: [    INFO] - 	interpolation: bicubic
2024-07-10 16:37:10,557 -     timm.data.config: [    INFO] - 	mean: (0.4914, 0.4822, 0.4465)
2024-07-10 16:37:10,557 -     timm.data.config: [    INFO] - 	std: (0.247, 0.2435, 0.2616)
2024-07-10 16:37:10,557 -     timm.data.config: [    INFO] - 	crop_pct: 1.0
2024-07-10 16:37:10,651 -                train: [    INFO] - Training in distributed mode with multiple processes, 1 GPU per process. Process 2, total 4.
2024-07-10 16:37:10,652 -                train: [    INFO] - Training in distributed mode with multiple processes, 1 GPU per process. Process 3, total 4.
2024-07-10 16:37:10,721 -                train: [    INFO] - Using native Torch AMP. Training in mixed precision.
2024-07-10 16:37:10,722 -                train: [    INFO] - Using native Torch DistributedDataParallel.
2024-07-10 16:37:11,384 -                train: [    INFO] - Scheduled epochs: 410
2024-07-10 16:46:21,086 -                train: [    INFO] - Training in distributed mode with multiple processes, 1 GPU per process. Process 2, total 4.
2024-07-10 16:46:21,098 -                train: [    INFO] - Training in distributed mode with multiple processes, 1 GPU per process. Process 1, total 4.
2024-07-10 16:46:21,238 -                train: [    INFO] - Training in distributed mode with multiple processes, 1 GPU per process. Process 3, total 4.
2024-07-10 16:46:21,245 -                train: [    INFO] - Training in distributed mode with multiple processes, 1 GPU per process. Process 0, total 4.
2024-07-10 16:46:21,322 -                train: [    INFO] - Model vitsnn created, param count:9314884
2024-07-10 16:46:21,322 -     timm.data.config: [    INFO] - Data processing configuration for current model + dataset:
2024-07-10 16:46:21,322 -     timm.data.config: [    INFO] - 	input_size: (3, 32, 32)
2024-07-10 16:46:21,322 -     timm.data.config: [    INFO] - 	interpolation: bicubic
2024-07-10 16:46:21,322 -     timm.data.config: [    INFO] - 	mean: (0.4914, 0.4822, 0.4465)
2024-07-10 16:46:21,322 -     timm.data.config: [    INFO] - 	std: (0.247, 0.2435, 0.2616)
2024-07-10 16:46:21,322 -     timm.data.config: [    INFO] - 	crop_pct: 1.0
2024-07-10 16:46:21,509 -                train: [    INFO] - Using native Torch AMP. Training in mixed precision.
2024-07-10 16:46:21,509 -                train: [    INFO] - Using native Torch DistributedDataParallel.
2024-07-10 16:46:21,838 -                train: [    INFO] - Scheduled epochs: 410
2024-07-10 16:46:27,137 -                train: [    INFO] - Train: 0 [   0/97 (  0%)]  Loss:  2.308710 (2.3087)  Time: 1.935s,  264.65/s  (1.935s,  264.65/s)  LR: 1.000e-05  Data: 0.604 (0.604)
2024-07-10 16:46:53,902 -                train: [    INFO] - Train: 0 [  96/97 (100%)]  Loss:  2.259708 (2.2842)  Time: 0.274s, 1871.09/s  (0.296s, 1730.65/s)  LR: 1.000e-05  Data: 0.000 (0.010)
2024-07-10 16:46:54,549 -                train: [    INFO] - Test: [   0/19]  Time: 0.645 (0.645)  Loss:  2.1602 (2.1602)  Acc@1: 26.9531 (26.9531)  Acc@5: 76.7578 (76.7578)
2024-07-10 16:46:55,301 -                train: [    INFO] - Test: [  19/19]  Time: 0.063 (0.070)  Loss:  2.1523 (2.1691)  Acc@1: 26.8382 (25.9100)  Acc@5: 77.9412 (78.0400)
2024-07-10 16:46:55,458 - timm.utils.checkpoint_saver: [    INFO] - Current checkpoints:
 ('./output/train/20240710-164625-vitsnn-32/checkpoint-0.pth.tar', 25.909999963378905)

2024-07-10 16:46:55,459 -                train: [    INFO] - *** Best metric: 25.909999963378905 (epoch 0)
2024-07-10 16:46:55,800 -                train: [    INFO] - Train: 1 [   0/97 (  0%)]  Loss:  2.253967 (2.2540)  Time: 0.340s, 1506.52/s  (0.340s, 1506.52/s)  LR: 8.021e-05  Data: 0.070 (0.070)
2024-07-10 16:47:22,277 -                train: [    INFO] - Train: 1 [  96/97 (100%)]  Loss:  1.997288 (2.1256)  Time: 0.271s, 1890.47/s  (0.276s, 1852.12/s)  LR: 8.021e-05  Data: 0.000 (0.004)
2024-07-10 16:47:22,395 -                train: [    INFO] - Test: [   0/19]  Time: 0.117 (0.117)  Loss:  1.6768 (1.6768)  Acc@1: 40.6250 (40.6250)  Acc@5: 90.2344 (90.2344)
2024-07-10 16:47:23,146 -                train: [    INFO] - Test: [  19/19]  Time: 0.028 (0.043)  Loss:  1.6680 (1.6618)  Acc@1: 36.7647 (39.8800)  Acc@5: 91.1765 (89.7400)
2024-07-10 16:47:23,369 - timm.utils.checkpoint_saver: [    INFO] - Current checkpoints:
 ('./output/train/20240710-164625-vitsnn-32/checkpoint-1.pth.tar', 39.87999999389648)
 ('./output/train/20240710-164625-vitsnn-32/checkpoint-0.pth.tar', 25.909999963378905)

2024-07-10 16:47:23,369 -                train: [    INFO] - *** Best metric: 39.87999999389648 (epoch 1)
2024-07-10 16:47:23,712 -                train: [    INFO] - Train: 2 [   0/97 (  0%)]  Loss:  1.913086 (1.9131)  Time: 0.342s, 1498.36/s  (0.342s, 1498.36/s)  LR: 1.504e-04  Data: 0.072 (0.072)
2024-07-10 16:47:50,148 -                train: [    INFO] - Train: 2 [  96/97 (100%)]  Loss:  1.881209 (1.8971)  Time: 0.272s, 1885.63/s  (0.276s, 1854.80/s)  LR: 1.504e-04  Data: 0.000 (0.004)
2024-07-10 16:47:50,265 -                train: [    INFO] - Test: [   0/19]  Time: 0.115 (0.115)  Loss:  1.4473 (1.4473)  Acc@1: 48.2422 (48.2422)  Acc@5: 94.1406 (94.1406)
2024-07-10 16:47:51,008 -                train: [    INFO] - Test: [  19/19]  Time: 0.028 (0.043)  Loss:  1.5273 (1.4589)  Acc@1: 43.0147 (47.0400)  Acc@5: 89.7059 (92.7500)
2024-07-10 16:47:51,176 - timm.utils.checkpoint_saver: [    INFO] - Current checkpoints:
 ('./output/train/20240710-164625-vitsnn-32/checkpoint-2.pth.tar', 47.03999999389649)
 ('./output/train/20240710-164625-vitsnn-32/checkpoint-1.pth.tar', 39.87999999389648)

2024-07-10 16:47:51,176 -                train: [    INFO] - *** Best metric: 47.03999999389649 (epoch 2)
2024-07-10 16:47:51,528 -                train: [    INFO] - Train: 3 [   0/97 (  0%)]  Loss:  1.896093 (1.8961)  Time: 0.350s, 1461.52/s  (0.350s, 1461.52/s)  LR: 2.206e-04  Data: 0.080 (0.080)
2024-07-10 16:48:18,633 -                train: [    INFO] - Train: 3 [  96/97 (100%)]  Loss:  1.690475 (1.7933)  Time: 0.273s, 1873.19/s  (0.283s, 1809.06/s)  LR: 2.206e-04  Data: 0.000 (0.004)
2024-07-10 16:48:18,744 -                train: [    INFO] - Test: [   0/19]  Time: 0.110 (0.110)  Loss:  1.3281 (1.3281)  Acc@1: 50.1953 (50.1953)  Acc@5: 92.7734 (92.7734)
2024-07-10 16:48:19,499 -                train: [    INFO] - Test: [  19/19]  Time: 0.027 (0.043)  Loss:  1.4521 (1.3273)  Acc@1: 45.9559 (52.6100)  Acc@5: 93.3824 (93.7700)
2024-07-10 16:48:19,720 - timm.utils.checkpoint_saver: [    INFO] - Current checkpoints:
 ('./output/train/20240710-164625-vitsnn-32/checkpoint-3.pth.tar', 52.610000018310544)
 ('./output/train/20240710-164625-vitsnn-32/checkpoint-2.pth.tar', 47.03999999389649)

2024-07-10 16:48:19,720 -                train: [    INFO] - *** Best metric: 52.610000018310544 (epoch 3)
2024-07-10 16:48:20,052 -                train: [    INFO] - Train: 4 [   0/97 (  0%)]  Loss:  1.921135 (1.9211)  Time: 0.331s, 1547.49/s  (0.331s, 1547.49/s)  LR: 2.908e-04  Data: 0.060 (0.060)
2024-07-10 16:48:46,681 -                train: [    INFO] - Train: 4 [  96/97 (100%)]  Loss:  1.610469 (1.7658)  Time: 0.272s, 1884.97/s  (0.278s, 1842.26/s)  LR: 2.908e-04  Data: 0.000 (0.004)
2024-07-10 16:48:46,793 -                train: [    INFO] - Test: [   0/19]  Time: 0.110 (0.110)  Loss:  1.2295 (1.2295)  Acc@1: 56.6406 (56.6406)  Acc@5: 95.8984 (95.8984)
2024-07-10 16:48:47,527 -                train: [    INFO] - Test: [  19/19]  Time: 0.028 (0.042)  Loss:  1.3291 (1.2026)  Acc@1: 51.4706 (57.6600)  Acc@5: 95.2206 (95.2000)
2024-07-10 16:48:47,693 - timm.utils.checkpoint_saver: [    INFO] - Current checkpoints:
 ('./output/train/20240710-164625-vitsnn-32/checkpoint-4.pth.tar', 57.66000001220703)
 ('./output/train/20240710-164625-vitsnn-32/checkpoint-3.pth.tar', 52.610000018310544)

2024-07-10 16:48:47,694 -                train: [    INFO] - *** Best metric: 57.66000001220703 (epoch 4)
2024-07-10 16:48:48,060 -                train: [    INFO] - Train: 5 [   0/97 (  0%)]  Loss:  1.866958 (1.8670)  Time: 0.366s, 1400.30/s  (0.366s, 1400.30/s)  LR: 3.611e-04  Data: 0.084 (0.084)
2024-07-10 16:49:14,775 -                train: [    INFO] - Train: 5 [  96/97 (100%)]  Loss:  1.724688 (1.7958)  Time: 0.271s, 1889.52/s  (0.279s, 1834.25/s)  LR: 3.611e-04  Data: 0.000 (0.004)
2024-07-10 16:49:14,889 -                train: [    INFO] - Test: [   0/19]  Time: 0.113 (0.113)  Loss:  1.0371 (1.0371)  Acc@1: 64.8438 (64.8438)  Acc@5: 96.8750 (96.8750)
2024-07-10 16:49:15,647 -                train: [    INFO] - Test: [  19/19]  Time: 0.035 (0.044)  Loss:  1.2139 (1.0731)  Acc@1: 54.4118 (62.8500)  Acc@5: 95.2206 (96.3500)
2024-07-10 16:49:15,814 - timm.utils.checkpoint_saver: [    INFO] - Current checkpoints:
 ('./output/train/20240710-164625-vitsnn-32/checkpoint-5.pth.tar', 62.8500000366211)
 ('./output/train/20240710-164625-vitsnn-32/checkpoint-4.pth.tar', 57.66000001220703)

2024-07-10 16:49:15,814 -                train: [    INFO] - *** Best metric: 62.8500000366211 (epoch 5)
2024-07-10 16:49:16,161 -                train: [    INFO] - Train: 6 [   0/97 (  0%)]  Loss:  1.669601 (1.6696)  Time: 0.345s, 1483.41/s  (0.345s, 1483.41/s)  LR: 4.313e-04  Data: 0.075 (0.075)
2024-07-10 16:49:42,792 -                train: [    INFO] - Train: 6 [  96/97 (100%)]  Loss:  1.488731 (1.5792)  Time: 0.272s, 1884.51/s  (0.278s, 1841.18/s)  LR: 4.313e-04  Data: 0.000 (0.004)
2024-07-10 16:49:42,910 -                train: [    INFO] - Test: [   0/19]  Time: 0.117 (0.117)  Loss:  0.9619 (0.9619)  Acc@1: 67.5781 (67.5781)  Acc@5: 97.4609 (97.4609)
2024-07-10 16:49:43,643 -                train: [    INFO] - Test: [  19/19]  Time: 0.027 (0.042)  Loss:  1.1572 (0.9803)  Acc@1: 57.7206 (66.0400)  Acc@5: 96.3235 (96.8000)
2024-07-10 16:49:43,858 - timm.utils.checkpoint_saver: [    INFO] - Current checkpoints:
 ('./output/train/20240710-164625-vitsnn-32/checkpoint-6.pth.tar', 66.04000001220703)
 ('./output/train/20240710-164625-vitsnn-32/checkpoint-5.pth.tar', 62.8500000366211)

2024-07-10 16:49:43,858 -                train: [    INFO] - *** Best metric: 66.04000001220703 (epoch 6)
2024-07-10 16:49:44,191 -                train: [    INFO] - Train: 7 [   0/97 (  0%)]  Loss:  1.522446 (1.5224)  Time: 0.332s, 1540.33/s  (0.332s, 1540.33/s)  LR: 5.015e-04  Data: 0.060 (0.060)
2024-07-10 16:50:11,118 -                train: [    INFO] - Train: 7 [  96/97 (100%)]  Loss:  1.739501 (1.6310)  Time: 0.274s, 1868.55/s  (0.281s, 1822.08/s)  LR: 5.015e-04  Data: 0.000 (0.005)
2024-07-10 16:50:11,232 -                train: [    INFO] - Test: [   0/19]  Time: 0.113 (0.113)  Loss:  0.8833 (0.8833)  Acc@1: 70.7031 (70.7031)  Acc@5: 98.2422 (98.2422)
2024-07-10 16:50:11,948 -                train: [    INFO] - Test: [  19/19]  Time: 0.023 (0.041)  Loss:  1.0371 (0.9117)  Acc@1: 65.4412 (69.4800)  Acc@5: 96.3235 (97.6200)
2024-07-10 16:50:12,129 - timm.utils.checkpoint_saver: [    INFO] - Current checkpoints:
 ('./output/train/20240710-164625-vitsnn-32/checkpoint-7.pth.tar', 69.48000002441407)
 ('./output/train/20240710-164625-vitsnn-32/checkpoint-6.pth.tar', 66.04000001220703)

2024-07-10 16:50:12,130 -                train: [    INFO] - *** Best metric: 69.48000002441407 (epoch 7)
2024-07-10 16:50:12,482 -                train: [    INFO] - Train: 8 [   0/97 (  0%)]  Loss:  1.517929 (1.5179)  Time: 0.351s, 1457.65/s  (0.351s, 1457.65/s)  LR: 5.717e-04  Data: 0.074 (0.074)
2024-07-10 16:50:39,285 -                train: [    INFO] - Train: 8 [  96/97 (100%)]  Loss:  1.488318 (1.5031)  Time: 0.271s, 1890.05/s  (0.280s, 1829.09/s)  LR: 5.717e-04  Data: 0.000 (0.004)
2024-07-10 16:50:39,393 -                train: [    INFO] - Test: [   0/19]  Time: 0.106 (0.106)  Loss:  0.8511 (0.8511)  Acc@1: 74.8047 (74.8047)  Acc@5: 98.0469 (98.0469)
2024-07-10 16:50:40,114 -                train: [    INFO] - Test: [  19/19]  Time: 0.023 (0.041)  Loss:  0.9663 (0.8560)  Acc@1: 66.9118 (72.4300)  Acc@5: 98.5294 (97.8000)
2024-07-10 16:50:40,278 - timm.utils.checkpoint_saver: [    INFO] - Current checkpoints:
 ('./output/train/20240710-164625-vitsnn-32/checkpoint-8.pth.tar', 72.4300000366211)
 ('./output/train/20240710-164625-vitsnn-32/checkpoint-7.pth.tar', 69.48000002441407)

2024-07-10 16:50:40,278 -                train: [    INFO] - *** Best metric: 72.4300000366211 (epoch 8)
2024-07-10 16:50:40,633 -                train: [    INFO] - Train: 9 [   0/97 (  0%)]  Loss:  1.368214 (1.3682)  Time: 0.353s, 1449.91/s  (0.353s, 1449.91/s)  LR: 6.419e-04  Data: 0.082 (0.082)
2024-07-10 16:51:07,384 -                train: [    INFO] - Train: 9 [  96/97 (100%)]  Loss:  1.445176 (1.4067)  Time: 0.271s, 1886.11/s  (0.279s, 1832.52/s)  LR: 6.419e-04  Data: 0.000 (0.004)
2024-07-10 16:51:07,497 -                train: [    INFO] - Test: [   0/19]  Time: 0.111 (0.111)  Loss:  0.7949 (0.7949)  Acc@1: 74.8047 (74.8047)  Acc@5: 98.0469 (98.0469)
2024-07-10 16:51:08,228 -                train: [    INFO] - Test: [  19/19]  Time: 0.025 (0.042)  Loss:  0.9453 (0.8248)  Acc@1: 69.8529 (72.7500)  Acc@5: 97.7941 (98.0700)
2024-07-10 16:51:08,393 - timm.utils.checkpoint_saver: [    INFO] - Current checkpoints:
 ('./output/train/20240710-164625-vitsnn-32/checkpoint-9.pth.tar', 72.74999985351562)
 ('./output/train/20240710-164625-vitsnn-32/checkpoint-8.pth.tar', 72.4300000366211)

2024-07-10 16:51:08,393 -                train: [    INFO] - *** Best metric: 72.74999985351562 (epoch 9)
2024-07-10 16:51:08,726 -                train: [    INFO] - Train: 10 [   0/97 (  0%)]  Loss:  1.357053 (1.3571)  Time: 0.331s, 1546.78/s  (0.331s, 1546.78/s)  LR: 7.121e-04  Data: 0.060 (0.060)
2024-07-10 16:51:35,412 -                train: [    INFO] - Train: 10 [  96/97 (100%)]  Loss:  1.639496 (1.4983)  Time: 0.271s, 1888.24/s  (0.278s, 1838.42/s)  LR: 7.121e-04  Data: 0.000 (0.004)
2024-07-10 16:51:35,531 -                train: [    INFO] - Test: [   0/19]  Time: 0.118 (0.118)  Loss:  0.7754 (0.7754)  Acc@1: 75.0000 (75.0000)  Acc@5: 98.6328 (98.6328)
2024-07-10 16:51:36,264 -                train: [    INFO] - Test: [  19/19]  Time: 0.027 (0.043)  Loss:  0.8794 (0.7984)  Acc@1: 70.2206 (73.6200)  Acc@5: 97.4265 (98.1600)
2024-07-10 16:51:36,446 - timm.utils.checkpoint_saver: [    INFO] - Current checkpoints:
 ('./output/train/20240710-164625-vitsnn-32/checkpoint-10.pth.tar', 73.62000001220703)
 ('./output/train/20240710-164625-vitsnn-32/checkpoint-9.pth.tar', 72.74999985351562)

2024-07-10 16:51:36,446 -                train: [    INFO] - *** Best metric: 73.62000001220703 (epoch 10)
2024-07-10 16:51:36,799 -                train: [    INFO] - Train: 11 [   0/97 (  0%)]  Loss:  1.406786 (1.4068)  Time: 0.351s, 1456.78/s  (0.351s, 1456.78/s)  LR: 7.823e-04  Data: 0.064 (0.064)
2024-07-10 16:52:03,487 -                train: [    INFO] - Train: 11 [  96/97 (100%)]  Loss:  1.389807 (1.3983)  Time: 0.272s, 1885.23/s  (0.279s, 1836.88/s)  LR: 7.823e-04  Data: 0.000 (0.004)
2024-07-10 16:52:03,603 -                train: [    INFO] - Test: [   0/19]  Time: 0.115 (0.115)  Loss:  0.7100 (0.7100)  Acc@1: 77.1484 (77.1484)  Acc@5: 99.0234 (99.0234)
2024-07-10 16:52:04,341 -                train: [    INFO] - Test: [  19/19]  Time: 0.034 (0.043)  Loss:  0.7720 (0.7370)  Acc@1: 74.2647 (75.2700)  Acc@5: 98.8971 (98.5700)
2024-07-10 16:52:04,533 - timm.utils.checkpoint_saver: [    INFO] - Current checkpoints:
 ('./output/train/20240710-164625-vitsnn-32/checkpoint-11.pth.tar', 75.27000009765625)
 ('./output/train/20240710-164625-vitsnn-32/checkpoint-10.pth.tar', 73.62000001220703)

2024-07-10 16:52:04,533 -                train: [    INFO] - *** Best metric: 75.27000009765625 (epoch 11)
2024-07-10 16:52:04,866 -                train: [    INFO] - Train: 12 [   0/97 (  0%)]  Loss:  1.259988 (1.2600)  Time: 0.331s, 1548.39/s  (0.331s, 1548.39/s)  LR: 8.525e-04  Data: 0.061 (0.061)
2024-07-10 16:52:31,574 -                train: [    INFO] - Train: 12 [  96/97 (100%)]  Loss:  1.277111 (1.2685)  Time: 0.271s, 1887.18/s  (0.279s, 1836.89/s)  LR: 8.525e-04  Data: 0.000 (0.004)
2024-07-10 16:52:31,684 -                train: [    INFO] - Test: [   0/19]  Time: 0.108 (0.108)  Loss:  0.7041 (0.7041)  Acc@1: 75.9766 (75.9766)  Acc@5: 99.4141 (99.4141)
2024-07-10 16:52:32,438 -                train: [    INFO] - Test: [  19/19]  Time: 0.035 (0.043)  Loss:  0.8496 (0.7245)  Acc@1: 69.8529 (76.1800)  Acc@5: 98.8971 (98.3900)
2024-07-10 16:52:32,656 - timm.utils.checkpoint_saver: [    INFO] - Current checkpoints:
 ('./output/train/20240710-164625-vitsnn-32/checkpoint-12.pth.tar', 76.17999985351562)
 ('./output/train/20240710-164625-vitsnn-32/checkpoint-11.pth.tar', 75.27000009765625)

2024-07-10 16:52:32,657 -                train: [    INFO] - *** Best metric: 76.17999985351562 (epoch 12)
2024-07-10 16:52:33,009 -                train: [    INFO] - Train: 13 [   0/97 (  0%)]  Loss:  1.217682 (1.2177)  Time: 0.351s, 1460.15/s  (0.351s, 1460.15/s)  LR: 9.227e-04  Data: 0.081 (0.081)
2024-07-10 16:53:00,165 -                train: [    INFO] - Train: 13 [  96/97 (100%)]  Loss:  1.260831 (1.2393)  Time: 0.272s, 1884.33/s  (0.284s, 1805.64/s)  LR: 9.227e-04  Data: 0.000 (0.004)
2024-07-10 16:53:00,284 -                train: [    INFO] - Test: [   0/19]  Time: 0.117 (0.117)  Loss:  0.7080 (0.7080)  Acc@1: 75.9766 (75.9766)  Acc@5: 99.2188 (99.2188)
2024-07-10 16:53:01,008 -                train: [    INFO] - Test: [  19/19]  Time: 0.024 (0.042)  Loss:  0.7393 (0.6982)  Acc@1: 76.4706 (76.8000)  Acc@5: 98.5294 (98.6800)
2024-07-10 16:53:01,245 - timm.utils.checkpoint_saver: [    INFO] - Current checkpoints:
 ('./output/train/20240710-164625-vitsnn-32/checkpoint-13.pth.tar', 76.80000001220704)
 ('./output/train/20240710-164625-vitsnn-32/checkpoint-12.pth.tar', 76.17999985351562)

2024-07-10 16:53:01,245 -                train: [    INFO] - *** Best metric: 76.80000001220704 (epoch 13)
2024-07-10 16:53:01,591 -                train: [    INFO] - Train: 14 [   0/97 (  0%)]  Loss:  1.267371 (1.2674)  Time: 0.345s, 1483.85/s  (0.345s, 1483.85/s)  LR: 9.929e-04  Data: 0.072 (0.072)
2024-07-10 16:53:28,416 -                train: [    INFO] - Train: 14 [  96/97 (100%)]  Loss:  1.406348 (1.3369)  Time: 0.272s, 1883.01/s  (0.280s, 1827.98/s)  LR: 9.929e-04  Data: 0.000 (0.004)
2024-07-10 16:53:28,527 -                train: [    INFO] - Test: [   0/19]  Time: 0.109 (0.109)  Loss:  0.6572 (0.6572)  Acc@1: 79.2969 (79.2969)  Acc@5: 98.8281 (98.8281)
2024-07-10 16:53:29,270 -                train: [    INFO] - Test: [  19/19]  Time: 0.035 (0.043)  Loss:  0.7466 (0.6717)  Acc@1: 75.3676 (78.3200)  Acc@5: 98.5294 (98.5700)
2024-07-10 16:53:29,450 - timm.utils.checkpoint_saver: [    INFO] - Current checkpoints:
 ('./output/train/20240710-164625-vitsnn-32/checkpoint-14.pth.tar', 78.31999995117188)
 ('./output/train/20240710-164625-vitsnn-32/checkpoint-13.pth.tar', 76.80000001220704)

2024-07-10 16:53:29,450 -                train: [    INFO] - *** Best metric: 78.31999995117188 (epoch 14)
2024-07-10 16:53:29,800 -                train: [    INFO] - Train: 15 [   0/97 (  0%)]  Loss:  1.272764 (1.2728)  Time: 0.349s, 1467.10/s  (0.349s, 1467.10/s)  LR: 1.063e-03  Data: 0.078 (0.078)
2024-07-10 16:53:56,375 -                train: [    INFO] - Train: 15 [  96/97 (100%)]  Loss:  1.403071 (1.3379)  Time: 0.272s, 1882.20/s  (0.278s, 1844.75/s)  LR: 1.063e-03  Data: 0.000 (0.004)
2024-07-10 16:53:56,484 -                train: [    INFO] - Test: [   0/19]  Time: 0.108 (0.108)  Loss:  0.6499 (0.6499)  Acc@1: 77.5391 (77.5391)  Acc@5: 98.4375 (98.4375)
2024-07-10 16:53:57,250 -                train: [    INFO] - Test: [  19/19]  Time: 0.040 (0.044)  Loss:  0.6885 (0.6465)  Acc@1: 77.2059 (78.6000)  Acc@5: 99.2647 (98.5500)
2024-07-10 16:53:57,422 - timm.utils.checkpoint_saver: [    INFO] - Current checkpoints:
 ('./output/train/20240710-164625-vitsnn-32/checkpoint-15.pth.tar', 78.59999991455078)
 ('./output/train/20240710-164625-vitsnn-32/checkpoint-14.pth.tar', 78.31999995117188)

2024-07-10 16:53:57,423 -                train: [    INFO] - *** Best metric: 78.59999991455078 (epoch 15)
2024-07-10 16:53:57,772 -                train: [    INFO] - Train: 16 [   0/97 (  0%)]  Loss:  1.395028 (1.3950)  Time: 0.349s, 1468.23/s  (0.349s, 1468.23/s)  LR: 1.133e-03  Data: 0.078 (0.078)
2024-07-10 16:54:24,393 -                train: [    INFO] - Train: 16 [  96/97 (100%)]  Loss:  1.202033 (1.2985)  Time: 0.272s, 1882.66/s  (0.278s, 1841.63/s)  LR: 1.133e-03  Data: 0.000 (0.004)
2024-07-10 16:54:24,524 -                train: [    INFO] - Test: [   0/19]  Time: 0.129 (0.129)  Loss:  0.6035 (0.6035)  Acc@1: 78.9062 (78.9062)  Acc@5: 99.8047 (99.8047)
2024-07-10 16:54:25,255 -                train: [    INFO] - Test: [  19/19]  Time: 0.027 (0.043)  Loss:  0.6743 (0.6110)  Acc@1: 80.1471 (80.2000)  Acc@5: 98.5294 (98.8100)
2024-07-10 16:54:25,439 - timm.utils.checkpoint_saver: [    INFO] - Current checkpoints:
 ('./output/train/20240710-164625-vitsnn-32/checkpoint-16.pth.tar', 80.19999993896485)
 ('./output/train/20240710-164625-vitsnn-32/checkpoint-15.pth.tar', 78.59999991455078)

2024-07-10 16:54:25,439 -                train: [    INFO] - *** Best metric: 80.19999993896485 (epoch 16)
2024-07-10 16:54:25,790 -                train: [    INFO] - Train: 17 [   0/97 (  0%)]  Loss:  1.378233 (1.3782)  Time: 0.350s, 1462.59/s  (0.350s, 1462.59/s)  LR: 1.204e-03  Data: 0.080 (0.080)
2024-07-10 16:54:52,505 -                train: [    INFO] - Train: 17 [  96/97 (100%)]  Loss:  1.077807 (1.2280)  Time: 0.272s, 1880.15/s  (0.279s, 1835.12/s)  LR: 1.204e-03  Data: 0.000 (0.004)
2024-07-10 16:54:52,619 -                train: [    INFO] - Test: [   0/19]  Time: 0.112 (0.112)  Loss:  0.6172 (0.6172)  Acc@1: 78.9062 (78.9062)  Acc@5: 99.4141 (99.4141)
2024-07-10 16:54:53,371 -                train: [    INFO] - Test: [  19/19]  Time: 0.028 (0.043)  Loss:  0.6997 (0.6279)  Acc@1: 77.2059 (80.3000)  Acc@5: 98.8971 (98.6200)
2024-07-10 16:54:53,571 - timm.utils.checkpoint_saver: [    INFO] - Current checkpoints:
 ('./output/train/20240710-164625-vitsnn-32/checkpoint-17.pth.tar', 80.30000012207032)
 ('./output/train/20240710-164625-vitsnn-32/checkpoint-16.pth.tar', 80.19999993896485)

2024-07-10 16:54:53,571 -                train: [    INFO] - *** Best metric: 80.30000012207032 (epoch 17)
2024-07-10 16:54:53,913 -                train: [    INFO] - Train: 18 [   0/97 (  0%)]  Loss:  1.092330 (1.0923)  Time: 0.341s, 1500.22/s  (0.341s, 1500.22/s)  LR: 1.274e-03  Data: 0.070 (0.070)
2024-07-10 16:55:20,682 -                train: [    INFO] - Train: 18 [  96/97 (100%)]  Loss:  1.354617 (1.2235)  Time: 0.272s, 1885.00/s  (0.279s, 1832.05/s)  LR: 1.274e-03  Data: 0.000 (0.004)
2024-07-10 16:55:20,793 -                train: [    INFO] - Test: [   0/19]  Time: 0.109 (0.109)  Loss:  0.5967 (0.5967)  Acc@1: 81.0547 (81.0547)  Acc@5: 99.0234 (99.0234)
2024-07-10 16:55:21,541 -                train: [    INFO] - Test: [  19/19]  Time: 0.028 (0.043)  Loss:  0.6709 (0.6384)  Acc@1: 77.5735 (79.4400)  Acc@5: 99.6324 (98.8300)
2024-07-10 16:55:21,701 -                train: [    INFO] - *** Best metric: 80.30000012207032 (epoch 17)
2024-07-10 16:55:22,049 -                train: [    INFO] - Train: 19 [   0/97 (  0%)]  Loss:  1.125809 (1.1258)  Time: 0.346s, 1477.76/s  (0.346s, 1477.76/s)  LR: 1.344e-03  Data: 0.074 (0.074)
2024-07-10 16:55:48,699 -                train: [    INFO] - Train: 19 [  96/97 (100%)]  Loss:  1.300230 (1.2130)  Time: 0.272s, 1881.10/s  (0.278s, 1839.78/s)  LR: 1.344e-03  Data: 0.000 (0.004)
2024-07-10 16:55:48,807 -                train: [    INFO] - Test: [   0/19]  Time: 0.107 (0.107)  Loss:  0.5654 (0.5654)  Acc@1: 81.4453 (81.4453)  Acc@5: 99.4141 (99.4141)
2024-07-10 16:55:49,545 -                train: [    INFO] - Test: [  19/19]  Time: 0.028 (0.042)  Loss:  0.6016 (0.5775)  Acc@1: 79.4118 (81.2300)  Acc@5: 99.6324 (99.1800)
2024-07-10 16:55:49,720 - timm.utils.checkpoint_saver: [    INFO] - Current checkpoints:
 ('./output/train/20240710-164625-vitsnn-32/checkpoint-19.pth.tar', 81.23000003662109)
 ('./output/train/20240710-164625-vitsnn-32/checkpoint-17.pth.tar', 80.30000012207032)

2024-07-10 16:55:49,720 -                train: [    INFO] - *** Best metric: 81.23000003662109 (epoch 19)
2024-07-10 16:55:50,081 -                train: [    INFO] - Train: 20 [   0/97 (  0%)]  Loss:  1.091956 (1.0920)  Time: 0.360s, 1423.25/s  (0.360s, 1423.25/s)  LR: 1.406e-03  Data: 0.086 (0.086)
2024-07-10 16:56:16,740 -                train: [    INFO] - Train: 20 [  96/97 (100%)]  Loss:  1.079901 (1.0859)  Time: 0.272s, 1885.49/s  (0.279s, 1838.22/s)  LR: 1.406e-03  Data: 0.000 (0.004)
2024-07-10 16:56:16,856 -                train: [    INFO] - Test: [   0/19]  Time: 0.113 (0.113)  Loss:  0.5264 (0.5264)  Acc@1: 83.3984 (83.3984)  Acc@5: 99.2188 (99.2188)
2024-07-10 16:56:17,595 -                train: [    INFO] - Test: [  19/19]  Time: 0.030 (0.043)  Loss:  0.6553 (0.5485)  Acc@1: 77.9412 (82.5500)  Acc@5: 98.8971 (99.2300)
2024-07-10 16:56:17,769 - timm.utils.checkpoint_saver: [    INFO] - Current checkpoints:
 ('./output/train/20240710-164625-vitsnn-32/checkpoint-20.pth.tar', 82.55000002441406)
 ('./output/train/20240710-164625-vitsnn-32/checkpoint-19.pth.tar', 81.23000003662109)

2024-07-10 16:56:17,769 -                train: [    INFO] - *** Best metric: 82.55000002441406 (epoch 20)
2024-07-10 16:56:18,106 -                train: [    INFO] - Train: 21 [   0/97 (  0%)]  Loss:  1.251215 (1.2512)  Time: 0.335s, 1527.06/s  (0.335s, 1527.06/s)  LR: 1.405e-03  Data: 0.065 (0.065)
2024-07-10 16:56:44,784 -                train: [    INFO] - Train: 21 [  96/97 (100%)]  Loss:  0.974199 (1.1127)  Time: 0.272s, 1884.88/s  (0.278s, 1838.61/s)  LR: 1.405e-03  Data: 0.000 (0.004)
2024-07-10 16:56:44,911 -                train: [    INFO] - Test: [   0/19]  Time: 0.125 (0.125)  Loss:  0.5171 (0.5171)  Acc@1: 82.6172 (82.6172)  Acc@5: 99.2188 (99.2188)
2024-07-10 16:56:45,652 -                train: [    INFO] - Test: [  19/19]  Time: 0.028 (0.043)  Loss:  0.5464 (0.5320)  Acc@1: 83.4559 (83.4900)  Acc@5: 99.2647 (99.1500)
2024-07-10 16:56:45,817 - timm.utils.checkpoint_saver: [    INFO] - Current checkpoints:
 ('./output/train/20240710-164625-vitsnn-32/checkpoint-21.pth.tar', 83.49000012207031)
 ('./output/train/20240710-164625-vitsnn-32/checkpoint-20.pth.tar', 82.55000002441406)

2024-07-10 16:56:45,817 -                train: [    INFO] - *** Best metric: 83.49000012207031 (epoch 21)
2024-07-10 16:56:46,162 -                train: [    INFO] - Train: 22 [   0/97 (  0%)]  Loss:  1.357237 (1.3572)  Time: 0.344s, 1487.08/s  (0.344s, 1487.08/s)  LR: 1.404e-03  Data: 0.066 (0.066)
2024-07-10 16:57:13,018 -                train: [    INFO] - Train: 22 [  96/97 (100%)]  Loss:  1.272833 (1.3150)  Time: 0.272s, 1882.49/s  (0.280s, 1825.99/s)  LR: 1.404e-03  Data: 0.000 (0.004)
2024-07-10 16:57:13,133 -                train: [    INFO] - Test: [   0/19]  Time: 0.112 (0.112)  Loss:  0.5459 (0.5459)  Acc@1: 83.0078 (83.0078)  Acc@5: 99.2188 (99.2188)
2024-07-10 16:57:13,866 -                train: [    INFO] - Test: [  19/19]  Time: 0.024 (0.042)  Loss:  0.5820 (0.5350)  Acc@1: 84.1912 (83.7200)  Acc@5: 99.2647 (99.2500)
2024-07-10 16:57:14,119 - timm.utils.checkpoint_saver: [    INFO] - Current checkpoints:
 ('./output/train/20240710-164625-vitsnn-32/checkpoint-22.pth.tar', 83.72000002441406)
 ('./output/train/20240710-164625-vitsnn-32/checkpoint-21.pth.tar', 83.49000012207031)

2024-07-10 16:57:14,119 -                train: [    INFO] - *** Best metric: 83.72000002441406 (epoch 22)
2024-07-10 16:57:14,463 -                train: [    INFO] - Train: 23 [   0/97 (  0%)]  Loss:  1.124081 (1.1241)  Time: 0.343s, 1494.25/s  (0.343s, 1494.25/s)  LR: 1.403e-03  Data: 0.069 (0.069)
2024-07-10 16:57:41,259 -                train: [    INFO] - Train: 23 [  96/97 (100%)]  Loss:  1.052615 (1.0883)  Time: 0.272s, 1885.72/s  (0.280s, 1830.13/s)  LR: 1.403e-03  Data: 0.000 (0.004)
2024-07-10 16:57:41,372 -                train: [    INFO] - Test: [   0/19]  Time: 0.111 (0.111)  Loss:  0.4712 (0.4712)  Acc@1: 86.1328 (86.1328)  Acc@5: 99.4141 (99.4141)
2024-07-10 16:57:42,118 -                train: [    INFO] - Test: [  19/19]  Time: 0.028 (0.043)  Loss:  0.6025 (0.5125)  Acc@1: 80.8824 (84.4800)  Acc@5: 99.2647 (99.0800)
2024-07-10 16:57:42,337 - timm.utils.checkpoint_saver: [    INFO] - Current checkpoints:
 ('./output/train/20240710-164625-vitsnn-32/checkpoint-23.pth.tar', 84.48000004882813)
 ('./output/train/20240710-164625-vitsnn-32/checkpoint-22.pth.tar', 83.72000002441406)

2024-07-10 16:57:42,337 -                train: [    INFO] - *** Best metric: 84.48000004882813 (epoch 23)
2024-07-10 16:57:42,678 -                train: [    INFO] - Train: 24 [   0/97 (  0%)]  Loss:  1.230252 (1.2303)  Time: 0.341s, 1503.21/s  (0.341s, 1503.21/s)  LR: 1.402e-03  Data: 0.070 (0.070)
2024-07-10 16:58:09,387 -                train: [    INFO] - Train: 24 [  96/97 (100%)]  Loss:  1.040328 (1.1353)  Time: 0.273s, 1876.91/s  (0.279s, 1836.20/s)  LR: 1.402e-03  Data: 0.000 (0.004)
2024-07-10 16:58:09,504 -                train: [    INFO] - Test: [   0/19]  Time: 0.115 (0.115)  Loss:  0.4673 (0.4673)  Acc@1: 85.5469 (85.5469)  Acc@5: 99.2188 (99.2188)
2024-07-10 16:58:10,223 -                train: [    INFO] - Test: [  19/19]  Time: 0.024 (0.042)  Loss:  0.5376 (0.4876)  Acc@1: 83.8235 (84.4600)  Acc@5: 99.2647 (99.1900)
2024-07-10 16:58:10,387 - timm.utils.checkpoint_saver: [    INFO] - Current checkpoints:
 ('./output/train/20240710-164625-vitsnn-32/checkpoint-23.pth.tar', 84.48000004882813)
 ('./output/train/20240710-164625-vitsnn-32/checkpoint-24.pth.tar', 84.46000007324218)

2024-07-10 16:58:10,388 -                train: [    INFO] - *** Best metric: 84.48000004882813 (epoch 23)
2024-07-10 16:58:10,745 -                train: [    INFO] - Train: 25 [   0/97 (  0%)]  Loss:  1.284044 (1.2840)  Time: 0.356s, 1437.58/s  (0.356s, 1437.58/s)  LR: 1.401e-03  Data: 0.082 (0.082)
2024-07-10 16:58:37,331 -                train: [    INFO] - Train: 25 [  96/97 (100%)]  Loss:  1.344815 (1.3144)  Time: 0.272s, 1883.98/s  (0.278s, 1843.44/s)  LR: 1.401e-03  Data: 0.000 (0.004)
2024-07-10 16:58:37,444 -                train: [    INFO] - Test: [   0/19]  Time: 0.111 (0.111)  Loss:  0.4551 (0.4551)  Acc@1: 85.9375 (85.9375)  Acc@5: 99.6094 (99.6094)
2024-07-10 16:58:38,168 -                train: [    INFO] - Test: [  19/19]  Time: 0.024 (0.042)  Loss:  0.4939 (0.4817)  Acc@1: 85.6618 (85.5100)  Acc@5: 99.2647 (99.3000)
2024-07-10 16:58:38,333 - timm.utils.checkpoint_saver: [    INFO] - Current checkpoints:
 ('./output/train/20240710-164625-vitsnn-32/checkpoint-25.pth.tar', 85.5100000366211)
 ('./output/train/20240710-164625-vitsnn-32/checkpoint-23.pth.tar', 84.48000004882813)

2024-07-10 16:58:38,333 -                train: [    INFO] - *** Best metric: 85.5100000366211 (epoch 25)
2024-07-10 16:58:38,693 -                train: [    INFO] - Train: 26 [   0/97 (  0%)]  Loss:  0.999277 (0.9993)  Time: 0.359s, 1427.81/s  (0.359s, 1427.81/s)  LR: 1.400e-03  Data: 0.088 (0.088)
2024-07-10 16:59:05,274 -                train: [    INFO] - Train: 26 [  96/97 (100%)]  Loss:  1.115138 (1.0572)  Time: 0.271s, 1886.74/s  (0.278s, 1843.65/s)  LR: 1.400e-03  Data: 0.000 (0.004)
2024-07-10 16:59:05,386 -                train: [    INFO] - Test: [   0/19]  Time: 0.110 (0.110)  Loss:  0.4417 (0.4417)  Acc@1: 84.7656 (84.7656)  Acc@5: 99.8047 (99.8047)
2024-07-10 16:59:06,142 -                train: [    INFO] - Test: [  19/19]  Time: 0.035 (0.043)  Loss:  0.4663 (0.4481)  Acc@1: 81.9853 (85.6300)  Acc@5: 100.0000 (99.4400)
2024-07-10 16:59:06,324 - timm.utils.checkpoint_saver: [    INFO] - Current checkpoints:
 ('./output/train/20240710-164625-vitsnn-32/checkpoint-26.pth.tar', 85.62999990234376)
 ('./output/train/20240710-164625-vitsnn-32/checkpoint-25.pth.tar', 85.5100000366211)

2024-07-10 16:59:06,325 -                train: [    INFO] - *** Best metric: 85.62999990234376 (epoch 26)
2024-07-10 16:59:06,679 -                train: [    INFO] - Train: 27 [   0/97 (  0%)]  Loss:  1.131247 (1.1312)  Time: 0.354s, 1446.91/s  (0.354s, 1446.91/s)  LR: 1.398e-03  Data: 0.082 (0.082)
2024-07-10 16:59:33,421 -                train: [    INFO] - Train: 27 [  96/97 (100%)]  Loss:  0.995073 (1.0632)  Time: 0.357s, 1432.69/s  (0.279s, 1833.02/s)  LR: 1.398e-03  Data: 0.000 (0.004)
2024-07-10 16:59:33,532 -                train: [    INFO] - Test: [   0/19]  Time: 0.108 (0.108)  Loss:  0.4458 (0.4458)  Acc@1: 84.9609 (84.9609)  Acc@5: 99.4141 (99.4141)
2024-07-10 16:59:34,267 -                train: [    INFO] - Test: [  19/19]  Time: 0.028 (0.042)  Loss:  0.5137 (0.4739)  Acc@1: 85.2941 (85.1500)  Acc@5: 99.2647 (99.2800)
2024-07-10 16:59:34,428 -                train: [    INFO] - *** Best metric: 85.62999990234376 (epoch 26)
2024-07-10 16:59:34,778 -                train: [    INFO] - Train: 28 [   0/97 (  0%)]  Loss:  1.069442 (1.0694)  Time: 0.349s, 1469.03/s  (0.349s, 1469.03/s)  LR: 1.397e-03  Data: 0.077 (0.077)
2024-07-10 17:00:01,596 -                train: [    INFO] - Train: 28 [  96/97 (100%)]  Loss:  1.204458 (1.1370)  Time: 0.272s, 1880.34/s  (0.280s, 1828.27/s)  LR: 1.397e-03  Data: 0.000 (0.004)
2024-07-10 17:00:01,709 -                train: [    INFO] - Test: [   0/19]  Time: 0.111 (0.111)  Loss:  0.4385 (0.4385)  Acc@1: 85.9375 (85.9375)  Acc@5: 99.4141 (99.4141)
2024-07-10 17:00:02,452 -                train: [    INFO] - Test: [  19/19]  Time: 0.042 (0.043)  Loss:  0.4966 (0.4471)  Acc@1: 85.2941 (86.1100)  Acc@5: 99.2647 (99.4400)
2024-07-10 17:00:02,629 - timm.utils.checkpoint_saver: [    INFO] - Current checkpoints:
 ('./output/train/20240710-164625-vitsnn-32/checkpoint-28.pth.tar', 86.10999987792968)
 ('./output/train/20240710-164625-vitsnn-32/checkpoint-26.pth.tar', 85.62999990234376)

2024-07-10 17:00:02,629 -                train: [    INFO] - *** Best metric: 86.10999987792968 (epoch 28)
2024-07-10 17:00:02,975 -                train: [    INFO] - Train: 29 [   0/97 (  0%)]  Loss:  0.846964 (0.8470)  Time: 0.344s, 1486.79/s  (0.344s, 1486.79/s)  LR: 1.396e-03  Data: 0.073 (0.073)
2024-07-10 17:00:29,697 -                train: [    INFO] - Train: 29 [  96/97 (100%)]  Loss:  1.011264 (0.9291)  Time: 0.275s, 1860.19/s  (0.279s, 1835.01/s)  LR: 1.396e-03  Data: 0.000 (0.004)
2024-07-10 17:00:29,808 -                train: [    INFO] - Test: [   0/19]  Time: 0.109 (0.109)  Loss:  0.4155 (0.4155)  Acc@1: 86.7188 (86.7188)  Acc@5: 99.2188 (99.2188)
2024-07-10 17:00:30,536 -                train: [    INFO] - Test: [  19/19]  Time: 0.027 (0.042)  Loss:  0.4629 (0.4289)  Acc@1: 84.1912 (86.3600)  Acc@5: 99.6324 (99.5100)
2024-07-10 17:00:30,756 - timm.utils.checkpoint_saver: [    INFO] - Current checkpoints:
 ('./output/train/20240710-164625-vitsnn-32/checkpoint-29.pth.tar', 86.36000002441406)
 ('./output/train/20240710-164625-vitsnn-32/checkpoint-28.pth.tar', 86.10999987792968)

2024-07-10 17:00:30,756 -                train: [    INFO] - *** Best metric: 86.36000002441406 (epoch 29)
2024-07-10 17:00:31,112 -                train: [    INFO] - Train: 30 [   0/97 (  0%)]  Loss:  1.017728 (1.0177)  Time: 0.355s, 1443.18/s  (0.355s, 1443.18/s)  LR: 1.395e-03  Data: 0.084 (0.084)
2024-07-10 17:00:57,751 -                train: [    INFO] - Train: 30 [  96/97 (100%)]  Loss:  1.154050 (1.0859)  Time: 0.272s, 1885.78/s  (0.278s, 1839.93/s)  LR: 1.395e-03  Data: 0.000 (0.004)
2024-07-10 17:00:57,874 -                train: [    INFO] - Test: [   0/19]  Time: 0.120 (0.120)  Loss:  0.3984 (0.3984)  Acc@1: 86.3281 (86.3281)  Acc@5: 99.4141 (99.4141)
2024-07-10 17:00:58,621 -                train: [    INFO] - Test: [  19/19]  Time: 0.027 (0.043)  Loss:  0.4707 (0.4090)  Acc@1: 83.4559 (86.7500)  Acc@5: 100.0000 (99.4400)
2024-07-10 17:00:58,793 - timm.utils.checkpoint_saver: [    INFO] - Current checkpoints:
 ('./output/train/20240710-164625-vitsnn-32/checkpoint-30.pth.tar', 86.75000012207032)
 ('./output/train/20240710-164625-vitsnn-32/checkpoint-29.pth.tar', 86.36000002441406)

2024-07-10 17:00:58,793 -                train: [    INFO] - *** Best metric: 86.75000012207032 (epoch 30)
2024-07-10 17:00:59,138 -                train: [    INFO] - Train: 31 [   0/97 (  0%)]  Loss:  1.110715 (1.1107)  Time: 0.343s, 1494.69/s  (0.343s, 1494.69/s)  LR: 1.394e-03  Data: 0.072 (0.072)
2024-07-10 17:01:25,810 -                train: [    INFO] - Train: 31 [  96/97 (100%)]  Loss:  0.999010 (1.0549)  Time: 0.272s, 1884.98/s  (0.278s, 1838.52/s)  LR: 1.394e-03  Data: 0.000 (0.004)
2024-07-10 17:01:25,919 -                train: [    INFO] - Test: [   0/19]  Time: 0.108 (0.108)  Loss:  0.4033 (0.4033)  Acc@1: 87.3047 (87.3047)  Acc@5: 99.6094 (99.6094)
2024-07-10 17:01:26,642 -                train: [    INFO] - Test: [  19/19]  Time: 0.024 (0.042)  Loss:  0.4531 (0.4336)  Acc@1: 86.0294 (86.7800)  Acc@5: 99.6324 (99.2300)
2024-07-10 17:01:26,816 - timm.utils.checkpoint_saver: [    INFO] - Current checkpoints:
 ('./output/train/20240710-164625-vitsnn-32/checkpoint-31.pth.tar', 86.77999998779296)
 ('./output/train/20240710-164625-vitsnn-32/checkpoint-30.pth.tar', 86.75000012207032)

2024-07-10 17:01:26,817 -                train: [    INFO] - *** Best metric: 86.77999998779296 (epoch 31)
2024-07-10 17:01:27,175 -                train: [    INFO] - Train: 32 [   0/97 (  0%)]  Loss:  1.129673 (1.1297)  Time: 0.357s, 1435.91/s  (0.357s, 1435.91/s)  LR: 1.392e-03  Data: 0.084 (0.084)
2024-07-10 17:01:54,059 -                train: [    INFO] - Train: 32 [  96/97 (100%)]  Loss:  1.163079 (1.1464)  Time: 0.272s, 1881.98/s  (0.281s, 1823.27/s)  LR: 1.392e-03  Data: 0.000 (0.004)
2024-07-10 17:01:54,174 -                train: [    INFO] - Test: [   0/19]  Time: 0.112 (0.112)  Loss:  0.4189 (0.4189)  Acc@1: 87.3047 (87.3047)  Acc@5: 99.2188 (99.2188)
2024-07-10 17:01:54,946 -                train: [    INFO] - Test: [  19/19]  Time: 0.042 (0.044)  Loss:  0.4812 (0.4468)  Acc@1: 84.5588 (86.3200)  Acc@5: 100.0000 (99.4100)
2024-07-10 17:01:55,138 -                train: [    INFO] - *** Best metric: 86.77999998779296 (epoch 31)
2024-07-10 17:01:55,470 -                train: [    INFO] - Train: 33 [   0/97 (  0%)]  Loss:  0.915696 (0.9157)  Time: 0.331s, 1546.01/s  (0.331s, 1546.01/s)  LR: 1.391e-03  Data: 0.061 (0.061)
2024-07-10 17:02:22,229 -                train: [    INFO] - Train: 33 [  96/97 (100%)]  Loss:  0.853290 (0.8845)  Time: 0.272s, 1885.04/s  (0.279s, 1833.37/s)  LR: 1.391e-03  Data: 0.000 (0.004)
2024-07-10 17:02:22,350 -                train: [    INFO] - Test: [   0/19]  Time: 0.118 (0.118)  Loss:  0.4207 (0.4207)  Acc@1: 87.8906 (87.8906)  Acc@5: 99.2188 (99.2188)
2024-07-10 17:02:23,089 -                train: [    INFO] - Test: [  19/19]  Time: 0.027 (0.043)  Loss:  0.3960 (0.4015)  Acc@1: 87.1324 (87.7900)  Acc@5: 100.0000 (99.4300)
2024-07-10 17:02:23,272 - timm.utils.checkpoint_saver: [    INFO] - Current checkpoints:
 ('./output/train/20240710-164625-vitsnn-32/checkpoint-33.pth.tar', 87.79000004882812)
 ('./output/train/20240710-164625-vitsnn-32/checkpoint-31.pth.tar', 86.77999998779296)

2024-07-10 17:02:23,272 -                train: [    INFO] - *** Best metric: 87.79000004882812 (epoch 33)
2024-07-10 17:02:23,611 -                train: [    INFO] - Train: 34 [   0/97 (  0%)]  Loss:  0.962972 (0.9630)  Time: 0.338s, 1516.11/s  (0.338s, 1516.11/s)  LR: 1.389e-03  Data: 0.067 (0.067)
2024-07-10 17:02:50,226 -                train: [    INFO] - Train: 34 [  96/97 (100%)]  Loss:  1.095804 (1.0294)  Time: 0.272s, 1880.22/s  (0.278s, 1842.78/s)  LR: 1.389e-03  Data: 0.000 (0.004)
2024-07-10 17:02:50,338 -                train: [    INFO] - Test: [   0/19]  Time: 0.110 (0.110)  Loss:  0.3640 (0.3640)  Acc@1: 88.8672 (88.8672)  Acc@5: 99.4141 (99.4141)
2024-07-10 17:02:51,097 -                train: [    INFO] - Test: [  19/19]  Time: 0.041 (0.043)  Loss:  0.4585 (0.4091)  Acc@1: 84.9265 (86.9000)  Acc@5: 99.6324 (99.4600)
2024-07-10 17:02:51,266 - timm.utils.checkpoint_saver: [    INFO] - Current checkpoints:
 ('./output/train/20240710-164625-vitsnn-32/checkpoint-33.pth.tar', 87.79000004882812)
 ('./output/train/20240710-164625-vitsnn-32/checkpoint-34.pth.tar', 86.90000013427735)

2024-07-10 17:02:51,267 -                train: [    INFO] - *** Best metric: 87.79000004882812 (epoch 33)
2024-07-10 17:02:51,605 -                train: [    INFO] - Train: 35 [   0/97 (  0%)]  Loss:  1.109568 (1.1096)  Time: 0.337s, 1520.74/s  (0.337s, 1520.74/s)  LR: 1.388e-03  Data: 0.066 (0.066)
2024-07-10 17:03:18,077 -                train: [    INFO] - Train: 35 [  96/97 (100%)]  Loss:  0.846420 (0.9780)  Time: 0.272s, 1881.73/s  (0.276s, 1852.65/s)  LR: 1.388e-03  Data: 0.000 (0.004)
2024-07-10 17:03:18,190 -                train: [    INFO] - Test: [   0/19]  Time: 0.111 (0.111)  Loss:  0.3540 (0.3540)  Acc@1: 89.2578 (89.2578)  Acc@5: 99.4141 (99.4141)
2024-07-10 17:03:18,943 -                train: [    INFO] - Test: [  19/19]  Time: 0.035 (0.043)  Loss:  0.4507 (0.4061)  Acc@1: 83.0882 (87.3100)  Acc@5: 100.0000 (99.5300)
2024-07-10 17:03:19,165 - timm.utils.checkpoint_saver: [    INFO] - Current checkpoints:
 ('./output/train/20240710-164625-vitsnn-32/checkpoint-33.pth.tar', 87.79000004882812)
 ('./output/train/20240710-164625-vitsnn-32/checkpoint-35.pth.tar', 87.31000017089843)

2024-07-10 17:03:19,165 -                train: [    INFO] - *** Best metric: 87.79000004882812 (epoch 33)
2024-07-10 17:03:19,507 -                train: [    INFO] - Train: 36 [   0/97 (  0%)]  Loss:  1.023371 (1.0234)  Time: 0.341s, 1500.65/s  (0.341s, 1500.65/s)  LR: 1.386e-03  Data: 0.071 (0.071)
2024-07-10 17:03:46,285 -                train: [    INFO] - Train: 36 [  96/97 (100%)]  Loss:  1.040316 (1.0318)  Time: 0.274s, 1871.87/s  (0.280s, 1831.45/s)  LR: 1.386e-03  Data: 0.000 (0.004)
2024-07-10 17:03:46,405 -                train: [    INFO] - Test: [   0/19]  Time: 0.117 (0.117)  Loss:  0.3586 (0.3586)  Acc@1: 89.2578 (89.2578)  Acc@5: 99.4141 (99.4141)
2024-07-10 17:03:47,145 -                train: [    INFO] - Test: [  19/19]  Time: 0.042 (0.043)  Loss:  0.4238 (0.3858)  Acc@1: 87.8677 (88.1600)  Acc@5: 99.6324 (99.3400)
2024-07-10 17:03:47,381 - timm.utils.checkpoint_saver: [    INFO] - Current checkpoints:
 ('./output/train/20240710-164625-vitsnn-32/checkpoint-36.pth.tar', 88.1600001586914)
 ('./output/train/20240710-164625-vitsnn-32/checkpoint-33.pth.tar', 87.79000004882812)

2024-07-10 17:03:47,381 -                train: [    INFO] - *** Best metric: 88.1600001586914 (epoch 36)
2024-07-10 17:03:47,721 -                train: [    INFO] - Train: 37 [   0/97 (  0%)]  Loss:  1.177681 (1.1777)  Time: 0.339s, 1510.33/s  (0.339s, 1510.33/s)  LR: 1.385e-03  Data: 0.068 (0.068)
2024-07-10 17:04:14,627 -                train: [    INFO] - Train: 37 [  96/97 (100%)]  Loss:  1.150308 (1.1640)  Time: 0.272s, 1881.82/s  (0.281s, 1823.01/s)  LR: 1.385e-03  Data: 0.000 (0.004)
2024-07-10 17:04:14,736 -                train: [    INFO] - Test: [   0/19]  Time: 0.107 (0.107)  Loss:  0.4021 (0.4021)  Acc@1: 86.7188 (86.7188)  Acc@5: 99.8047 (99.8047)
2024-07-10 17:04:15,468 -                train: [    INFO] - Test: [  19/19]  Time: 0.025 (0.042)  Loss:  0.4077 (0.3998)  Acc@1: 88.2353 (87.1300)  Acc@5: 99.6324 (99.5900)
2024-07-10 17:04:15,689 -                train: [    INFO] - *** Best metric: 88.1600001586914 (epoch 36)
2024-07-10 17:04:16,031 -                train: [    INFO] - Train: 38 [   0/97 (  0%)]  Loss:  1.137923 (1.1379)  Time: 0.341s, 1500.51/s  (0.341s, 1500.51/s)  LR: 1.383e-03  Data: 0.070 (0.070)
2024-07-10 17:04:42,758 -                train: [    INFO] - Train: 38 [  96/97 (100%)]  Loss:  0.981039 (1.0595)  Time: 0.273s, 1872.27/s  (0.279s, 1834.92/s)  LR: 1.383e-03  Data: 0.000 (0.004)
2024-07-10 17:04:42,868 -                train: [    INFO] - Test: [   0/19]  Time: 0.108 (0.108)  Loss:  0.4077 (0.4077)  Acc@1: 86.7188 (86.7188)  Acc@5: 99.2188 (99.2188)
2024-07-10 17:04:43,612 -                train: [    INFO] - Test: [  19/19]  Time: 0.034 (0.043)  Loss:  0.4155 (0.3970)  Acc@1: 87.5000 (87.3300)  Acc@5: 99.6324 (99.5300)
2024-07-10 17:04:43,784 -                train: [    INFO] - *** Best metric: 88.1600001586914 (epoch 36)
2024-07-10 17:04:44,140 -                train: [    INFO] - Train: 39 [   0/97 (  0%)]  Loss:  1.020926 (1.0209)  Time: 0.354s, 1444.69/s  (0.354s, 1444.69/s)  LR: 1.382e-03  Data: 0.080 (0.080)
2024-07-10 17:05:10,894 -                train: [    INFO] - Train: 39 [  96/97 (100%)]  Loss:  0.989489 (1.0052)  Time: 0.272s, 1885.36/s  (0.279s, 1832.13/s)  LR: 1.382e-03  Data: 0.000 (0.004)
2024-07-10 17:05:11,007 -                train: [    INFO] - Test: [   0/19]  Time: 0.111 (0.111)  Loss:  0.3562 (0.3562)  Acc@1: 88.4766 (88.4766)  Acc@5: 99.4141 (99.4141)
2024-07-10 17:05:11,751 -                train: [    INFO] - Test: [  19/19]  Time: 0.027 (0.043)  Loss:  0.3850 (0.3679)  Acc@1: 87.5000 (88.6700)  Acc@5: 100.0000 (99.5900)
2024-07-10 17:05:11,933 - timm.utils.checkpoint_saver: [    INFO] - Current checkpoints:
 ('./output/train/20240710-164625-vitsnn-32/checkpoint-39.pth.tar', 88.67)
 ('./output/train/20240710-164625-vitsnn-32/checkpoint-36.pth.tar', 88.1600001586914)

2024-07-10 17:05:11,933 -                train: [    INFO] - *** Best metric: 88.67 (epoch 39)
2024-07-10 17:05:12,273 -                train: [    INFO] - Train: 40 [   0/97 (  0%)]  Loss:  0.677531 (0.6775)  Time: 0.338s, 1515.18/s  (0.338s, 1515.18/s)  LR: 1.380e-03  Data: 0.067 (0.067)
2024-07-10 17:05:39,137 -                train: [    INFO] - Train: 40 [  96/97 (100%)]  Loss:  0.981349 (0.8294)  Time: 0.273s, 1874.84/s  (0.280s, 1825.85/s)  LR: 1.380e-03  Data: 0.000 (0.004)
2024-07-10 17:05:39,249 -                train: [    INFO] - Test: [   0/19]  Time: 0.110 (0.110)  Loss:  0.3625 (0.3625)  Acc@1: 90.6250 (90.6250)  Acc@5: 99.8047 (99.8047)
2024-07-10 17:05:39,986 -                train: [    INFO] - Test: [  19/19]  Time: 0.028 (0.042)  Loss:  0.4170 (0.3893)  Acc@1: 87.5000 (88.1400)  Acc@5: 99.6324 (99.4900)
2024-07-10 17:05:40,143 -                train: [    INFO] - *** Best metric: 88.67 (epoch 39)
2024-07-10 17:05:40,496 -                train: [    INFO] - Train: 41 [   0/97 (  0%)]  Loss:  1.251348 (1.2513)  Time: 0.352s, 1454.31/s  (0.352s, 1454.31/s)  LR: 1.378e-03  Data: 0.077 (0.077)
2024-07-10 17:06:07,379 -                train: [    INFO] - Train: 41 [  96/97 (100%)]  Loss:  1.204030 (1.2277)  Time: 0.272s, 1883.22/s  (0.281s, 1823.64/s)  LR: 1.378e-03  Data: 0.000 (0.004)
2024-07-10 17:06:07,490 -                train: [    INFO] - Test: [   0/19]  Time: 0.109 (0.109)  Loss:  0.3374 (0.3374)  Acc@1: 89.4531 (89.4531)  Acc@5: 99.6094 (99.6094)
2024-07-10 17:06:08,230 -                train: [    INFO] - Test: [  19/19]  Time: 0.027 (0.042)  Loss:  0.3601 (0.3653)  Acc@1: 86.7647 (88.7100)  Acc@5: 100.0000 (99.5900)
2024-07-10 17:06:08,462 - timm.utils.checkpoint_saver: [    INFO] - Current checkpoints:
 ('./output/train/20240710-164625-vitsnn-32/checkpoint-41.pth.tar', 88.71000009765625)
 ('./output/train/20240710-164625-vitsnn-32/checkpoint-39.pth.tar', 88.67)

2024-07-10 17:06:08,463 -                train: [    INFO] - *** Best metric: 88.71000009765625 (epoch 41)
2024-07-10 17:06:08,820 -                train: [    INFO] - Train: 42 [   0/97 (  0%)]  Loss:  0.869629 (0.8696)  Time: 0.356s, 1437.93/s  (0.356s, 1437.93/s)  LR: 1.376e-03  Data: 0.085 (0.085)
2024-07-10 17:06:35,831 -                train: [    INFO] - Train: 42 [  96/97 (100%)]  Loss:  1.002166 (0.9359)  Time: 0.275s, 1864.21/s  (0.282s, 1814.85/s)  LR: 1.376e-03  Data: 0.000 (0.005)
2024-07-10 17:06:35,949 -                train: [    INFO] - Test: [   0/19]  Time: 0.116 (0.116)  Loss:  0.3499 (0.3499)  Acc@1: 86.5234 (86.5234)  Acc@5: 99.6094 (99.6094)
2024-07-10 17:06:36,694 -                train: [    INFO] - Test: [  19/19]  Time: 0.027 (0.043)  Loss:  0.3845 (0.3601)  Acc@1: 86.7647 (88.8700)  Acc@5: 100.0000 (99.6100)
2024-07-10 17:06:36,929 - timm.utils.checkpoint_saver: [    INFO] - Current checkpoints:
 ('./output/train/20240710-164625-vitsnn-32/checkpoint-42.pth.tar', 88.87000009765624)
 ('./output/train/20240710-164625-vitsnn-32/checkpoint-41.pth.tar', 88.71000009765625)

2024-07-10 17:06:36,929 -                train: [    INFO] - *** Best metric: 88.87000009765624 (epoch 42)
2024-07-10 17:06:37,302 -                train: [    INFO] - Train: 43 [   0/97 (  0%)]  Loss:  0.909982 (0.9100)  Time: 0.373s, 1373.79/s  (0.373s, 1373.79/s)  LR: 1.375e-03  Data: 0.100 (0.100)
2024-07-10 17:07:04,023 -                train: [    INFO] - Train: 43 [  96/97 (100%)]  Loss:  0.914634 (0.9123)  Time: 0.272s, 1883.98/s  (0.279s, 1833.18/s)  LR: 1.375e-03  Data: 0.000 (0.004)
2024-07-10 17:07:04,134 -                train: [    INFO] - Test: [   0/19]  Time: 0.109 (0.109)  Loss:  0.3457 (0.3457)  Acc@1: 89.4531 (89.4531)  Acc@5: 99.8047 (99.8047)
2024-07-10 17:07:04,868 -                train: [    INFO] - Test: [  19/19]  Time: 0.027 (0.042)  Loss:  0.3806 (0.3582)  Acc@1: 87.5000 (88.9100)  Acc@5: 100.0000 (99.5400)
2024-07-10 17:07:05,038 - timm.utils.checkpoint_saver: [    INFO] - Current checkpoints:
 ('./output/train/20240710-164625-vitsnn-32/checkpoint-43.pth.tar', 88.91)
 ('./output/train/20240710-164625-vitsnn-32/checkpoint-42.pth.tar', 88.87000009765624)

2024-07-10 17:07:05,039 -                train: [    INFO] - *** Best metric: 88.91 (epoch 43)
2024-07-10 17:07:05,398 -                train: [    INFO] - Train: 44 [   0/97 (  0%)]  Loss:  1.196658 (1.1967)  Time: 0.358s, 1431.78/s  (0.358s, 1431.78/s)  LR: 1.373e-03  Data: 0.084 (0.084)
2024-07-10 17:07:32,208 -                train: [    INFO] - Train: 44 [  96/97 (100%)]  Loss:  0.961722 (1.0792)  Time: 0.272s, 1884.84/s  (0.280s, 1828.17/s)  LR: 1.373e-03  Data: 0.000 (0.004)
2024-07-10 17:07:32,322 -                train: [    INFO] - Test: [   0/19]  Time: 0.112 (0.112)  Loss:  0.3440 (0.3440)  Acc@1: 90.4297 (90.4297)  Acc@5: 99.6094 (99.6094)
2024-07-10 17:07:33,051 -                train: [    INFO] - Test: [  19/19]  Time: 0.024 (0.042)  Loss:  0.3962 (0.3507)  Acc@1: 86.3971 (88.5000)  Acc@5: 100.0000 (99.6200)
2024-07-10 17:07:33,206 -                train: [    INFO] - *** Best metric: 88.91 (epoch 43)
2024-07-10 17:07:33,556 -                train: [    INFO] - Train: 45 [   0/97 (  0%)]  Loss:  0.816288 (0.8163)  Time: 0.349s, 1469.14/s  (0.349s, 1469.14/s)  LR: 1.371e-03  Data: 0.068 (0.068)
2024-07-10 17:08:00,293 -                train: [    INFO] - Train: 45 [  96/97 (100%)]  Loss:  0.802021 (0.8092)  Time: 0.274s, 1867.58/s  (0.279s, 1833.74/s)  LR: 1.371e-03  Data: 0.000 (0.005)
2024-07-10 17:08:00,408 -                train: [    INFO] - Test: [   0/19]  Time: 0.114 (0.114)  Loss:  0.3438 (0.3438)  Acc@1: 88.8672 (88.8672)  Acc@5: 99.4141 (99.4141)
2024-07-10 17:08:01,144 -                train: [    INFO] - Test: [  19/19]  Time: 0.027 (0.042)  Loss:  0.4331 (0.3775)  Acc@1: 85.6618 (87.9000)  Acc@5: 99.6324 (99.5900)
2024-07-10 17:08:01,314 -                train: [    INFO] - *** Best metric: 88.91 (epoch 43)
2024-07-10 17:08:01,670 -                train: [    INFO] - Train: 46 [   0/97 (  0%)]  Loss:  1.220781 (1.2208)  Time: 0.355s, 1443.80/s  (0.355s, 1443.80/s)  LR: 1.369e-03  Data: 0.081 (0.081)
2024-07-10 17:08:28,454 -                train: [    INFO] - Train: 46 [  96/97 (100%)]  Loss:  1.200729 (1.2108)  Time: 0.272s, 1881.19/s  (0.280s, 1830.17/s)  LR: 1.369e-03  Data: 0.000 (0.004)
2024-07-10 17:08:28,560 -                train: [    INFO] - Test: [   0/19]  Time: 0.104 (0.104)  Loss:  0.3247 (0.3247)  Acc@1: 89.4531 (89.4531)  Acc@5: 99.6094 (99.6094)
2024-07-10 17:08:29,302 -                train: [    INFO] - Test: [  19/19]  Time: 0.027 (0.042)  Loss:  0.3872 (0.3622)  Acc@1: 86.3971 (88.6300)  Acc@5: 99.6324 (99.6400)
2024-07-10 17:08:29,471 -                train: [    INFO] - *** Best metric: 88.91 (epoch 43)
2024-07-10 17:08:29,814 -                train: [    INFO] - Train: 47 [   0/97 (  0%)]  Loss:  0.945097 (0.9451)  Time: 0.341s, 1501.61/s  (0.341s, 1501.61/s)  LR: 1.367e-03  Data: 0.070 (0.070)
2024-07-10 17:08:56,778 -                train: [    INFO] - Train: 47 [  96/97 (100%)]  Loss:  1.076607 (1.0109)  Time: 0.272s, 1882.66/s  (0.281s, 1818.93/s)  LR: 1.367e-03  Data: 0.000 (0.004)
2024-07-10 17:08:56,881 -                train: [    INFO] - Test: [   0/19]  Time: 0.100 (0.100)  Loss:  0.3496 (0.3496)  Acc@1: 88.0859 (88.0859)  Acc@5: 99.6094 (99.6094)
2024-07-10 17:08:57,621 -                train: [    INFO] - Test: [  19/19]  Time: 0.027 (0.042)  Loss:  0.3643 (0.3391)  Acc@1: 86.3971 (88.7600)  Acc@5: 100.0000 (99.6200)
2024-07-10 17:08:57,803 -                train: [    INFO] - *** Best metric: 88.91 (epoch 43)
2024-07-10 17:08:58,145 -                train: [    INFO] - Train: 48 [   0/97 (  0%)]  Loss:  0.996513 (0.9965)  Time: 0.341s, 1500.58/s  (0.341s, 1500.58/s)  LR: 1.365e-03  Data: 0.064 (0.064)
2024-07-10 17:09:24,790 -                train: [    INFO] - Train: 48 [  96/97 (100%)]  Loss:  0.962610 (0.9796)  Time: 0.272s, 1880.98/s  (0.278s, 1840.48/s)  LR: 1.365e-03  Data: 0.000 (0.004)
2024-07-10 17:09:24,898 -                train: [    INFO] - Test: [   0/19]  Time: 0.106 (0.106)  Loss:  0.3623 (0.3623)  Acc@1: 88.4766 (88.4766)  Acc@5: 99.6094 (99.6094)
2024-07-10 17:09:25,651 -                train: [    INFO] - Test: [  19/19]  Time: 0.034 (0.043)  Loss:  0.3252 (0.3385)  Acc@1: 90.4412 (89.5200)  Acc@5: 100.0000 (99.6900)
2024-07-10 17:09:25,830 - timm.utils.checkpoint_saver: [    INFO] - Current checkpoints:
 ('./output/train/20240710-164625-vitsnn-32/checkpoint-48.pth.tar', 89.52000002441406)
 ('./output/train/20240710-164625-vitsnn-32/checkpoint-43.pth.tar', 88.91)

2024-07-10 17:09:25,831 -                train: [    INFO] - *** Best metric: 89.52000002441406 (epoch 48)
2024-07-10 17:09:26,174 -                train: [    INFO] - Train: 49 [   0/97 (  0%)]  Loss:  1.105149 (1.1051)  Time: 0.342s, 1496.50/s  (0.342s, 1496.50/s)  LR: 1.363e-03  Data: 0.071 (0.071)
2024-07-10 17:09:52,896 -                train: [    INFO] - Train: 49 [  96/97 (100%)]  Loss:  1.015839 (1.0605)  Time: 0.271s, 1886.37/s  (0.279s, 1835.16/s)  LR: 1.363e-03  Data: 0.000 (0.004)
2024-07-10 17:09:53,003 -                train: [    INFO] - Test: [   0/19]  Time: 0.105 (0.105)  Loss:  0.3125 (0.3125)  Acc@1: 90.8203 (90.8203)  Acc@5: 99.8047 (99.8047)
2024-07-10 17:09:53,725 -                train: [    INFO] - Test: [  19/19]  Time: 0.027 (0.041)  Loss:  0.4282 (0.3502)  Acc@1: 85.2941 (89.3300)  Acc@5: 100.0000 (99.6200)
2024-07-10 17:09:53,923 - timm.utils.checkpoint_saver: [    INFO] - Current checkpoints:
 ('./output/train/20240710-164625-vitsnn-32/checkpoint-48.pth.tar', 89.52000002441406)
 ('./output/train/20240710-164625-vitsnn-32/checkpoint-49.pth.tar', 89.3299998779297)

2024-07-10 17:09:53,924 -                train: [    INFO] - *** Best metric: 89.52000002441406 (epoch 48)
2024-07-10 17:09:54,285 -                train: [    INFO] - Train: 50 [   0/97 (  0%)]  Loss:  0.914048 (0.9140)  Time: 0.361s, 1419.45/s  (0.361s, 1419.45/s)  LR: 1.361e-03  Data: 0.085 (0.085)
2024-07-10 17:10:20,926 -                train: [    INFO] - Train: 50 [  96/97 (100%)]  Loss:  1.023164 (0.9686)  Time: 0.272s, 1880.33/s  (0.278s, 1839.42/s)  LR: 1.361e-03  Data: 0.000 (0.004)
2024-07-10 17:10:21,031 -                train: [    INFO] - Test: [   0/19]  Time: 0.103 (0.103)  Loss:  0.3293 (0.3293)  Acc@1: 90.2344 (90.2344)  Acc@5: 99.8047 (99.8047)
2024-07-10 17:10:21,785 -                train: [    INFO] - Test: [  19/19]  Time: 0.028 (0.043)  Loss:  0.3955 (0.3550)  Acc@1: 89.3382 (89.5600)  Acc@5: 100.0000 (99.6500)
2024-07-10 17:10:21,957 - timm.utils.checkpoint_saver: [    INFO] - Current checkpoints:
 ('./output/train/20240710-164625-vitsnn-32/checkpoint-50.pth.tar', 89.56000017089843)
 ('./output/train/20240710-164625-vitsnn-32/checkpoint-48.pth.tar', 89.52000002441406)

2024-07-10 17:10:21,958 -                train: [    INFO] - *** Best metric: 89.56000017089843 (epoch 50)
2024-07-10 17:10:22,302 -                train: [    INFO] - Train: 51 [   0/97 (  0%)]  Loss:  0.791576 (0.7916)  Time: 0.343s, 1490.92/s  (0.343s, 1490.92/s)  LR: 1.359e-03  Data: 0.069 (0.069)
2024-07-10 17:10:49,071 -                train: [    INFO] - Train: 51 [  96/97 (100%)]  Loss:  0.807728 (0.7997)  Time: 0.272s, 1881.94/s  (0.279s, 1831.89/s)  LR: 1.359e-03  Data: 0.000 (0.004)
2024-07-10 17:10:49,180 -                train: [    INFO] - Test: [   0/19]  Time: 0.107 (0.107)  Loss:  0.2939 (0.2939)  Acc@1: 90.4297 (90.4297)  Acc@5: 99.8047 (99.8047)
2024-07-10 17:10:49,930 -                train: [    INFO] - Test: [  19/19]  Time: 0.028 (0.043)  Loss:  0.2976 (0.3218)  Acc@1: 89.7059 (89.9300)  Acc@5: 99.6324 (99.6800)
2024-07-10 17:10:50,159 - timm.utils.checkpoint_saver: [    INFO] - Current checkpoints:
 ('./output/train/20240710-164625-vitsnn-32/checkpoint-51.pth.tar', 89.92999991455078)
 ('./output/train/20240710-164625-vitsnn-32/checkpoint-50.pth.tar', 89.56000017089843)

2024-07-10 17:10:50,159 -                train: [    INFO] - *** Best metric: 89.92999991455078 (epoch 51)
2024-07-10 17:10:50,506 -                train: [    INFO] - Train: 52 [   0/97 (  0%)]  Loss:  0.853226 (0.8532)  Time: 0.345s, 1484.22/s  (0.345s, 1484.22/s)  LR: 1.356e-03  Data: 0.068 (0.068)
2024-07-10 17:11:17,500 -                train: [    INFO] - Train: 52 [  96/97 (100%)]  Loss:  1.067532 (0.9604)  Time: 0.272s, 1885.76/s  (0.282s, 1816.72/s)  LR: 1.356e-03  Data: 0.000 (0.004)
2024-07-10 17:11:17,612 -                train: [    INFO] - Test: [   0/19]  Time: 0.111 (0.111)  Loss:  0.3528 (0.3528)  Acc@1: 88.4766 (88.4766)  Acc@5: 99.6094 (99.6094)
2024-07-10 17:11:18,365 -                train: [    INFO] - Test: [  19/19]  Time: 0.031 (0.043)  Loss:  0.3735 (0.3597)  Acc@1: 88.2353 (88.8100)  Acc@5: 99.6324 (99.6000)
2024-07-10 17:11:18,568 -                train: [    INFO] - *** Best metric: 89.92999991455078 (epoch 51)
2024-07-10 17:11:18,910 -                train: [    INFO] - Train: 53 [   0/97 (  0%)]  Loss:  0.765075 (0.7651)  Time: 0.340s, 1504.43/s  (0.340s, 1504.43/s)  LR: 1.354e-03  Data: 0.069 (0.069)
2024-07-10 17:11:45,629 -                train: [    INFO] - Train: 53 [  96/97 (100%)]  Loss:  0.934556 (0.8498)  Time: 0.272s, 1883.97/s  (0.279s, 1835.48/s)  LR: 1.354e-03  Data: 0.000 (0.004)
2024-07-10 17:11:45,737 -                train: [    INFO] - Test: [   0/19]  Time: 0.106 (0.106)  Loss:  0.2986 (0.2986)  Acc@1: 91.2109 (91.2109)  Acc@5: 99.6094 (99.6094)
2024-07-10 17:11:46,482 -                train: [    INFO] - Test: [  19/19]  Time: 0.027 (0.043)  Loss:  0.3455 (0.3401)  Acc@1: 90.0735 (89.6300)  Acc@5: 98.8971 (99.5300)
2024-07-10 17:11:46,665 - timm.utils.checkpoint_saver: [    INFO] - Current checkpoints:
 ('./output/train/20240710-164625-vitsnn-32/checkpoint-51.pth.tar', 89.92999991455078)
 ('./output/train/20240710-164625-vitsnn-32/checkpoint-53.pth.tar', 89.62999986572265)

2024-07-10 17:11:46,666 -                train: [    INFO] - *** Best metric: 89.92999991455078 (epoch 51)
2024-07-10 17:11:47,017 -                train: [    INFO] - Train: 54 [   0/97 (  0%)]  Loss:  0.864682 (0.8647)  Time: 0.350s, 1460.85/s  (0.350s, 1460.85/s)  LR: 1.352e-03  Data: 0.080 (0.080)
2024-07-10 17:12:13,659 -                train: [    INFO] - Train: 54 [  96/97 (100%)]  Loss:  0.767387 (0.8160)  Time: 0.272s, 1882.01/s  (0.278s, 1840.09/s)  LR: 1.352e-03  Data: 0.000 (0.004)
2024-07-10 17:12:13,771 -                train: [    INFO] - Test: [   0/19]  Time: 0.110 (0.110)  Loss:  0.3147 (0.3147)  Acc@1: 90.4297 (90.4297)  Acc@5: 99.6094 (99.6094)
2024-07-10 17:12:14,510 -                train: [    INFO] - Test: [  19/19]  Time: 0.027 (0.042)  Loss:  0.3242 (0.3180)  Acc@1: 88.9706 (90.0000)  Acc@5: 99.6324 (99.5700)
2024-07-10 17:12:14,681 - timm.utils.checkpoint_saver: [    INFO] - Current checkpoints:
 ('./output/train/20240710-164625-vitsnn-32/checkpoint-54.pth.tar', 90.00000001220702)
 ('./output/train/20240710-164625-vitsnn-32/checkpoint-51.pth.tar', 89.92999991455078)

2024-07-10 17:12:14,681 -                train: [    INFO] - *** Best metric: 90.00000001220702 (epoch 54)
2024-07-10 17:12:15,040 -                train: [    INFO] - Train: 55 [   0/97 (  0%)]  Loss:  0.877071 (0.8771)  Time: 0.357s, 1433.30/s  (0.357s, 1433.30/s)  LR: 1.350e-03  Data: 0.073 (0.073)
2024-07-10 17:12:41,696 -                train: [    INFO] - Train: 55 [  96/97 (100%)]  Loss:  0.872357 (0.8747)  Time: 0.273s, 1878.35/s  (0.278s, 1838.61/s)  LR: 1.350e-03  Data: 0.000 (0.004)
2024-07-10 17:12:41,814 -                train: [    INFO] - Test: [   0/19]  Time: 0.116 (0.116)  Loss:  0.3540 (0.3540)  Acc@1: 89.8438 (89.8438)  Acc@5: 99.6094 (99.6094)
2024-07-10 17:12:42,557 -                train: [    INFO] - Test: [  19/19]  Time: 0.034 (0.043)  Loss:  0.3552 (0.3443)  Acc@1: 89.3382 (89.1900)  Acc@5: 99.6324 (99.5900)
2024-07-10 17:12:42,770 -                train: [    INFO] - *** Best metric: 90.00000001220702 (epoch 54)
2024-07-10 17:12:43,130 -                train: [    INFO] - Train: 56 [   0/97 (  0%)]  Loss:  0.940642 (0.9406)  Time: 0.358s, 1429.38/s  (0.358s, 1429.38/s)  LR: 1.347e-03  Data: 0.087 (0.087)
2024-07-10 17:13:09,874 -                train: [    INFO] - Train: 56 [  96/97 (100%)]  Loss:  0.924489 (0.9326)  Time: 0.272s, 1880.64/s  (0.279s, 1832.55/s)  LR: 1.347e-03  Data: 0.000 (0.004)
2024-07-10 17:13:09,986 -                train: [    INFO] - Test: [   0/19]  Time: 0.109 (0.109)  Loss:  0.3135 (0.3135)  Acc@1: 90.8203 (90.8203)  Acc@5: 100.0000 (100.0000)
2024-07-10 17:13:10,732 -                train: [    INFO] - Test: [  19/19]  Time: 0.027 (0.043)  Loss:  0.3027 (0.3259)  Acc@1: 90.0735 (90.1300)  Acc@5: 99.6324 (99.6900)
2024-07-10 17:13:10,914 - timm.utils.checkpoint_saver: [    INFO] - Current checkpoints:
 ('./output/train/20240710-164625-vitsnn-32/checkpoint-56.pth.tar', 90.12999986572265)
 ('./output/train/20240710-164625-vitsnn-32/checkpoint-54.pth.tar', 90.00000001220702)

2024-07-10 17:13:10,915 -                train: [    INFO] - *** Best metric: 90.12999986572265 (epoch 56)
2024-07-10 17:13:11,278 -                train: [    INFO] - Train: 57 [   0/97 (  0%)]  Loss:  1.045608 (1.0456)  Time: 0.362s, 1415.47/s  (0.362s, 1415.47/s)  LR: 1.345e-03  Data: 0.092 (0.092)
2024-07-10 17:13:38,313 -                train: [    INFO] - Train: 57 [  96/97 (100%)]  Loss:  1.192108 (1.1189)  Time: 0.272s, 1885.46/s  (0.282s, 1812.88/s)  LR: 1.345e-03  Data: 0.000 (0.004)
2024-07-10 17:13:38,427 -                train: [    INFO] - Test: [   0/19]  Time: 0.112 (0.112)  Loss:  0.3247 (0.3247)  Acc@1: 91.6016 (91.6016)  Acc@5: 99.6094 (99.6094)
2024-07-10 17:13:39,180 -                train: [    INFO] - Test: [  19/19]  Time: 0.035 (0.043)  Loss:  0.3596 (0.3501)  Acc@1: 90.8088 (89.8100)  Acc@5: 99.6324 (99.6600)
2024-07-10 17:13:39,341 -                train: [    INFO] - *** Best metric: 90.12999986572265 (epoch 56)
2024-07-10 17:13:39,686 -                train: [    INFO] - Train: 58 [   0/97 (  0%)]  Loss:  1.069103 (1.0691)  Time: 0.344s, 1488.18/s  (0.344s, 1488.18/s)  LR: 1.343e-03  Data: 0.073 (0.073)
2024-07-10 17:14:06,402 -                train: [    INFO] - Train: 58 [  96/97 (100%)]  Loss:  0.857974 (0.9635)  Time: 0.272s, 1885.06/s  (0.279s, 1835.42/s)  LR: 1.343e-03  Data: 0.000 (0.004)
2024-07-10 17:14:06,512 -                train: [    INFO] - Test: [   0/19]  Time: 0.107 (0.107)  Loss:  0.3201 (0.3201)  Acc@1: 90.0391 (90.0391)  Acc@5: 99.6094 (99.6094)
2024-07-10 17:14:07,280 -                train: [    INFO] - Test: [  19/19]  Time: 0.041 (0.044)  Loss:  0.3918 (0.3430)  Acc@1: 87.1324 (89.6900)  Acc@5: 100.0000 (99.6600)
2024-07-10 17:14:07,454 -                train: [    INFO] - *** Best metric: 90.12999986572265 (epoch 56)
2024-07-10 17:14:07,809 -                train: [    INFO] - Train: 59 [   0/97 (  0%)]  Loss:  1.134076 (1.1341)  Time: 0.352s, 1452.63/s  (0.352s, 1452.63/s)  LR: 1.340e-03  Data: 0.077 (0.077)
2024-07-10 17:14:34,389 -                train: [    INFO] - Train: 59 [  96/97 (100%)]  Loss:  0.952258 (1.0432)  Time: 0.272s, 1881.76/s  (0.278s, 1844.13/s)  LR: 1.340e-03  Data: 0.000 (0.004)
2024-07-10 17:14:34,497 -                train: [    INFO] - Test: [   0/19]  Time: 0.106 (0.106)  Loss:  0.3042 (0.3042)  Acc@1: 90.6250 (90.6250)  Acc@5: 99.8047 (99.8047)
2024-07-10 17:14:35,243 -                train: [    INFO] - Test: [  19/19]  Time: 0.028 (0.043)  Loss:  0.3223 (0.3343)  Acc@1: 89.3382 (89.6200)  Acc@5: 99.6324 (99.6500)
2024-07-10 17:14:35,407 -                train: [    INFO] - *** Best metric: 90.12999986572265 (epoch 56)
2024-07-10 17:14:35,743 -                train: [    INFO] - Train: 60 [   0/97 (  0%)]  Loss:  1.041320 (1.0413)  Time: 0.335s, 1526.57/s  (0.335s, 1526.57/s)  LR: 1.338e-03  Data: 0.065 (0.065)
2024-07-10 17:15:02,564 -                train: [    INFO] - Train: 60 [  96/97 (100%)]  Loss:  1.165332 (1.1033)  Time: 0.272s, 1884.57/s  (0.280s, 1828.94/s)  LR: 1.338e-03  Data: 0.000 (0.004)
2024-07-10 17:15:02,679 -                train: [    INFO] - Test: [   0/19]  Time: 0.113 (0.113)  Loss:  0.3018 (0.3018)  Acc@1: 90.2344 (90.2344)  Acc@5: 99.4141 (99.4141)
2024-07-10 17:15:03,409 -                train: [    INFO] - Test: [  19/19]  Time: 0.027 (0.042)  Loss:  0.2820 (0.3042)  Acc@1: 93.0147 (90.6700)  Acc@5: 100.0000 (99.6100)
2024-07-10 17:15:03,594 - timm.utils.checkpoint_saver: [    INFO] - Current checkpoints:
 ('./output/train/20240710-164625-vitsnn-32/checkpoint-60.pth.tar', 90.66999989013672)
 ('./output/train/20240710-164625-vitsnn-32/checkpoint-56.pth.tar', 90.12999986572265)

2024-07-10 17:15:03,594 -                train: [    INFO] - *** Best metric: 90.66999989013672 (epoch 60)
2024-07-10 17:15:03,968 -                train: [    INFO] - Train: 61 [   0/97 (  0%)]  Loss:  1.111531 (1.1115)  Time: 0.373s, 1373.35/s  (0.373s, 1373.35/s)  LR: 1.335e-03  Data: 0.079 (0.079)
2024-07-10 17:15:30,635 -                train: [    INFO] - Train: 61 [  96/97 (100%)]  Loss:  1.011873 (1.0617)  Time: 0.272s, 1882.18/s  (0.279s, 1836.82/s)  LR: 1.335e-03  Data: 0.000 (0.004)
2024-07-10 17:15:30,747 -                train: [    INFO] - Test: [   0/19]  Time: 0.110 (0.110)  Loss:  0.3652 (0.3652)  Acc@1: 87.6953 (87.6953)  Acc@5: 99.8047 (99.8047)
2024-07-10 17:15:31,504 -                train: [    INFO] - Test: [  19/19]  Time: 0.042 (0.043)  Loss:  0.3613 (0.3431)  Acc@1: 87.5000 (88.8500)  Acc@5: 100.0000 (99.6800)
2024-07-10 17:15:31,715 -                train: [    INFO] - *** Best metric: 90.66999989013672 (epoch 60)
2024-07-10 17:15:32,067 -                train: [    INFO] - Train: 62 [   0/97 (  0%)]  Loss:  0.930759 (0.9308)  Time: 0.352s, 1455.58/s  (0.352s, 1455.58/s)  LR: 1.333e-03  Data: 0.076 (0.076)
2024-07-10 17:15:58,959 -                train: [    INFO] - Train: 62 [  96/97 (100%)]  Loss:  1.208513 (1.0696)  Time: 0.272s, 1885.10/s  (0.281s, 1823.11/s)  LR: 1.333e-03  Data: 0.000 (0.004)
2024-07-10 17:15:59,071 -                train: [    INFO] - Test: [   0/19]  Time: 0.110 (0.110)  Loss:  0.2664 (0.2664)  Acc@1: 92.3828 (92.3828)  Acc@5: 99.4141 (99.4141)
2024-07-10 17:15:59,817 -                train: [    INFO] - Test: [  19/19]  Time: 0.027 (0.043)  Loss:  0.3359 (0.3061)  Acc@1: 88.6029 (90.5500)  Acc@5: 99.6324 (99.5800)
2024-07-10 17:15:59,996 - timm.utils.checkpoint_saver: [    INFO] - Current checkpoints:
 ('./output/train/20240710-164625-vitsnn-32/checkpoint-60.pth.tar', 90.66999989013672)
 ('./output/train/20240710-164625-vitsnn-32/checkpoint-62.pth.tar', 90.55000006103515)

2024-07-10 17:15:59,997 -                train: [    INFO] - *** Best metric: 90.66999989013672 (epoch 60)
2024-07-10 17:16:00,333 -                train: [    INFO] - Train: 63 [   0/97 (  0%)]  Loss:  0.752436 (0.7524)  Time: 0.335s, 1526.71/s  (0.335s, 1526.71/s)  LR: 1.330e-03  Data: 0.065 (0.065)
2024-07-10 17:16:26,943 -                train: [    INFO] - Train: 63 [  96/97 (100%)]  Loss:  1.007273 (0.8799)  Time: 0.271s, 1886.12/s  (0.278s, 1843.26/s)  LR: 1.330e-03  Data: 0.000 (0.004)
2024-07-10 17:16:27,058 -                train: [    INFO] - Test: [   0/19]  Time: 0.113 (0.113)  Loss:  0.3235 (0.3235)  Acc@1: 88.4766 (88.4766)  Acc@5: 99.8047 (99.8047)
2024-07-10 17:16:27,809 -                train: [    INFO] - Test: [  19/19]  Time: 0.028 (0.043)  Loss:  0.3530 (0.3162)  Acc@1: 89.3382 (90.0700)  Acc@5: 100.0000 (99.6700)
2024-07-10 17:16:27,970 -                train: [    INFO] - *** Best metric: 90.66999989013672 (epoch 60)
2024-07-10 17:16:28,361 -                train: [    INFO] - Train: 64 [   0/97 (  0%)]  Loss:  1.276480 (1.2765)  Time: 0.390s, 1312.35/s  (0.390s, 1312.35/s)  LR: 1.327e-03  Data: 0.104 (0.104)
2024-07-10 17:16:55,033 -                train: [    INFO] - Train: 64 [  96/97 (100%)]  Loss:  0.802873 (1.0397)  Time: 0.275s, 1864.97/s  (0.279s, 1835.34/s)  LR: 1.327e-03  Data: 0.000 (0.004)
2024-07-10 17:16:55,143 -                train: [    INFO] - Test: [   0/19]  Time: 0.108 (0.108)  Loss:  0.3220 (0.3220)  Acc@1: 89.4531 (89.4531)  Acc@5: 99.8047 (99.8047)
2024-07-10 17:16:55,877 -                train: [    INFO] - Test: [  19/19]  Time: 0.027 (0.042)  Loss:  0.3516 (0.3382)  Acc@1: 88.2353 (88.9900)  Acc@5: 100.0000 (99.6600)
2024-07-10 17:16:56,049 -                train: [    INFO] - *** Best metric: 90.66999989013672 (epoch 60)
2024-07-10 17:16:56,398 -                train: [    INFO] - Train: 65 [   0/97 (  0%)]  Loss:  0.969321 (0.9693)  Time: 0.348s, 1473.29/s  (0.348s, 1473.29/s)  LR: 1.325e-03  Data: 0.077 (0.077)
2024-07-10 17:17:23,207 -                train: [    INFO] - Train: 65 [  96/97 (100%)]  Loss:  0.848898 (0.9091)  Time: 0.271s, 1886.82/s  (0.280s, 1828.89/s)  LR: 1.325e-03  Data: 0.000 (0.004)
2024-07-10 17:17:23,317 -                train: [    INFO] - Test: [   0/19]  Time: 0.108 (0.108)  Loss:  0.2937 (0.2937)  Acc@1: 91.4062 (91.4062)  Acc@5: 99.6094 (99.6094)
2024-07-10 17:17:24,052 -                train: [    INFO] - Test: [  19/19]  Time: 0.027 (0.042)  Loss:  0.3413 (0.3347)  Acc@1: 88.9706 (89.6600)  Acc@5: 99.6324 (99.6900)
2024-07-10 17:17:24,217 -                train: [    INFO] - *** Best metric: 90.66999989013672 (epoch 60)
2024-07-10 17:17:24,582 -                train: [    INFO] - Train: 66 [   0/97 (  0%)]  Loss:  1.079761 (1.0798)  Time: 0.364s, 1405.81/s  (0.364s, 1405.81/s)  LR: 1.322e-03  Data: 0.090 (0.090)
2024-07-10 17:17:51,218 -                train: [    INFO] - Train: 66 [  96/97 (100%)]  Loss:  0.914045 (0.9969)  Time: 0.272s, 1885.33/s  (0.278s, 1839.52/s)  LR: 1.322e-03  Data: 0.000 (0.004)
2024-07-10 17:17:51,330 -                train: [    INFO] - Test: [   0/19]  Time: 0.110 (0.110)  Loss:  0.3201 (0.3201)  Acc@1: 88.6719 (88.6719)  Acc@5: 99.8047 (99.8047)
2024-07-10 17:17:52,056 -                train: [    INFO] - Test: [  19/19]  Time: 0.024 (0.042)  Loss:  0.3301 (0.3238)  Acc@1: 88.9706 (89.9500)  Acc@5: 100.0000 (99.6300)
2024-07-10 17:17:52,222 -                train: [    INFO] - *** Best metric: 90.66999989013672 (epoch 60)
2024-07-10 17:17:52,571 -                train: [    INFO] - Train: 67 [   0/97 (  0%)]  Loss:  0.774793 (0.7748)  Time: 0.348s, 1470.81/s  (0.348s, 1470.81/s)  LR: 1.319e-03  Data: 0.074 (0.074)
2024-07-10 17:18:19,482 -                train: [    INFO] - Train: 67 [  96/97 (100%)]  Loss:  0.878440 (0.8266)  Time: 0.272s, 1884.76/s  (0.281s, 1822.09/s)  LR: 1.319e-03  Data: 0.000 (0.004)
2024-07-10 17:18:19,596 -                train: [    INFO] - Test: [   0/19]  Time: 0.112 (0.112)  Loss:  0.3308 (0.3308)  Acc@1: 88.4766 (88.4766)  Acc@5: 99.6094 (99.6094)
2024-07-10 17:18:20,331 -                train: [    INFO] - Test: [  19/19]  Time: 0.027 (0.042)  Loss:  0.3613 (0.3255)  Acc@1: 88.9706 (89.4800)  Acc@5: 99.6324 (99.6400)
2024-07-10 17:18:20,497 -                train: [    INFO] - *** Best metric: 90.66999989013672 (epoch 60)
2024-07-10 17:18:20,848 -                train: [    INFO] - Train: 68 [   0/97 (  0%)]  Loss:  0.923628 (0.9236)  Time: 0.349s, 1466.09/s  (0.349s, 1466.09/s)  LR: 1.316e-03  Data: 0.069 (0.069)
2024-07-10 17:18:47,769 -                train: [    INFO] - Train: 68 [  96/97 (100%)]  Loss:  1.122554 (1.0231)  Time: 0.273s, 1872.91/s  (0.281s, 1821.30/s)  LR: 1.316e-03  Data: 0.000 (0.005)
2024-07-10 17:18:47,882 -                train: [    INFO] - Test: [   0/19]  Time: 0.111 (0.111)  Loss:  0.3267 (0.3267)  Acc@1: 88.8672 (88.8672)  Acc@5: 99.6094 (99.6094)
2024-07-10 17:18:48,636 -                train: [    INFO] - Test: [  19/19]  Time: 0.027 (0.043)  Loss:  0.4087 (0.3282)  Acc@1: 87.5000 (89.9600)  Acc@5: 100.0000 (99.5200)
2024-07-10 17:18:48,856 -                train: [    INFO] - *** Best metric: 90.66999989013672 (epoch 60)
2024-07-10 17:18:49,199 -                train: [    INFO] - Train: 69 [   0/97 (  0%)]  Loss:  0.926634 (0.9266)  Time: 0.342s, 1498.36/s  (0.342s, 1498.36/s)  LR: 1.314e-03  Data: 0.071 (0.071)
2024-07-10 17:19:15,885 -                train: [    INFO] - Train: 69 [  96/97 (100%)]  Loss:  0.823321 (0.8750)  Time: 0.272s, 1883.16/s  (0.279s, 1837.65/s)  LR: 1.314e-03  Data: 0.000 (0.004)
2024-07-10 17:19:15,993 -                train: [    INFO] - Test: [   0/19]  Time: 0.107 (0.107)  Loss:  0.2847 (0.2847)  Acc@1: 91.2109 (91.2109)  Acc@5: 99.6094 (99.6094)
2024-07-10 17:19:16,749 -                train: [    INFO] - Test: [  19/19]  Time: 0.034 (0.043)  Loss:  0.3398 (0.3146)  Acc@1: 89.3382 (90.4000)  Acc@5: 100.0000 (99.6500)
2024-07-10 17:19:16,937 -                train: [    INFO] - *** Best metric: 90.66999989013672 (epoch 60)
2024-07-10 17:19:17,281 -                train: [    INFO] - Train: 70 [   0/97 (  0%)]  Loss:  0.685955 (0.6860)  Time: 0.342s, 1496.38/s  (0.342s, 1496.38/s)  LR: 1.311e-03  Data: 0.072 (0.072)
2024-07-10 17:19:44,065 -                train: [    INFO] - Train: 70 [  96/97 (100%)]  Loss:  1.143168 (0.9146)  Time: 0.272s, 1884.16/s  (0.280s, 1830.93/s)  LR: 1.311e-03  Data: 0.000 (0.004)
2024-07-10 17:19:44,178 -                train: [    INFO] - Test: [   0/19]  Time: 0.111 (0.111)  Loss:  0.2913 (0.2913)  Acc@1: 90.2344 (90.2344)  Acc@5: 99.6094 (99.6094)
2024-07-10 17:19:44,915 -                train: [    INFO] - Test: [  19/19]  Time: 0.027 (0.042)  Loss:  0.3350 (0.3003)  Acc@1: 90.8088 (90.5700)  Acc@5: 100.0000 (99.6800)
2024-07-10 17:19:45,149 - timm.utils.checkpoint_saver: [    INFO] - Current checkpoints:
 ('./output/train/20240710-164625-vitsnn-32/checkpoint-60.pth.tar', 90.66999989013672)
 ('./output/train/20240710-164625-vitsnn-32/checkpoint-70.pth.tar', 90.56999997558594)

2024-07-10 17:19:45,149 -                train: [    INFO] - *** Best metric: 90.66999989013672 (epoch 60)
2024-07-10 17:19:45,481 -                train: [    INFO] - Train: 71 [   0/97 (  0%)]  Loss:  0.956003 (0.9560)  Time: 0.331s, 1548.81/s  (0.331s, 1548.81/s)  LR: 1.308e-03  Data: 0.059 (0.059)
2024-07-10 17:20:12,149 -                train: [    INFO] - Train: 71 [  96/97 (100%)]  Loss:  1.060732 (1.0084)  Time: 0.272s, 1882.41/s  (0.278s, 1839.64/s)  LR: 1.308e-03  Data: 0.000 (0.004)
2024-07-10 17:20:12,260 -                train: [    INFO] - Test: [   0/19]  Time: 0.110 (0.110)  Loss:  0.2671 (0.2671)  Acc@1: 92.1875 (92.1875)  Acc@5: 99.6094 (99.6094)
2024-07-10 17:20:13,004 -                train: [    INFO] - Test: [  19/19]  Time: 0.027 (0.043)  Loss:  0.3459 (0.3016)  Acc@1: 87.5000 (90.4900)  Acc@5: 100.0000 (99.6100)
2024-07-10 17:20:13,165 -                train: [    INFO] - *** Best metric: 90.66999989013672 (epoch 60)
2024-07-10 17:20:13,511 -                train: [    INFO] - Train: 72 [   0/97 (  0%)]  Loss:  0.968799 (0.9688)  Time: 0.345s, 1484.49/s  (0.345s, 1484.49/s)  LR: 1.305e-03  Data: 0.075 (0.075)
2024-07-10 17:20:40,363 -                train: [    INFO] - Train: 72 [  96/97 (100%)]  Loss:  0.926154 (0.9475)  Time: 0.272s, 1879.50/s  (0.280s, 1826.20/s)  LR: 1.305e-03  Data: 0.000 (0.004)
2024-07-10 17:20:40,477 -                train: [    INFO] - Test: [   0/19]  Time: 0.112 (0.112)  Loss:  0.2786 (0.2786)  Acc@1: 92.1875 (92.1875)  Acc@5: 99.8047 (99.8047)
2024-07-10 17:20:41,221 -                train: [    INFO] - Test: [  19/19]  Time: 0.027 (0.043)  Loss:  0.3313 (0.2978)  Acc@1: 88.9706 (90.7600)  Acc@5: 100.0000 (99.7100)
2024-07-10 17:20:41,432 - timm.utils.checkpoint_saver: [    INFO] - Current checkpoints:
 ('./output/train/20240710-164625-vitsnn-32/checkpoint-72.pth.tar', 90.76000001220703)
 ('./output/train/20240710-164625-vitsnn-32/checkpoint-60.pth.tar', 90.66999989013672)

2024-07-10 17:20:41,432 -                train: [    INFO] - *** Best metric: 90.76000001220703 (epoch 72)
2024-07-10 17:20:41,773 -                train: [    INFO] - Train: 73 [   0/97 (  0%)]  Loss:  0.954741 (0.9547)  Time: 0.340s, 1507.40/s  (0.340s, 1507.40/s)  LR: 1.302e-03  Data: 0.069 (0.069)
2024-07-10 17:21:08,399 -                train: [    INFO] - Train: 73 [  96/97 (100%)]  Loss:  0.849343 (0.9020)  Time: 0.272s, 1883.39/s  (0.278s, 1841.91/s)  LR: 1.302e-03  Data: 0.000 (0.004)
2024-07-10 17:21:08,521 -                train: [    INFO] - Test: [   0/19]  Time: 0.120 (0.120)  Loss:  0.2798 (0.2798)  Acc@1: 92.9688 (92.9688)  Acc@5: 99.2188 (99.2188)
2024-07-10 17:21:09,293 -                train: [    INFO] - Test: [  19/19]  Time: 0.027 (0.045)  Loss:  0.3047 (0.3029)  Acc@1: 90.4412 (90.6600)  Acc@5: 99.6324 (99.6000)
2024-07-10 17:21:09,505 -                train: [    INFO] - *** Best metric: 90.76000001220703 (epoch 72)
2024-07-10 17:21:09,841 -                train: [    INFO] - Train: 74 [   0/97 (  0%)]  Loss:  0.876676 (0.8767)  Time: 0.335s, 1527.71/s  (0.335s, 1527.71/s)  LR: 1.299e-03  Data: 0.065 (0.065)
2024-07-10 17:21:36,656 -                train: [    INFO] - Train: 74 [  96/97 (100%)]  Loss:  1.112126 (0.9944)  Time: 0.274s, 1869.94/s  (0.280s, 1829.49/s)  LR: 1.299e-03  Data: 0.000 (0.004)
2024-07-10 17:21:36,778 -                train: [    INFO] - Test: [   0/19]  Time: 0.121 (0.121)  Loss:  0.2600 (0.2600)  Acc@1: 92.3828 (92.3828)  Acc@5: 99.6094 (99.6094)
2024-07-10 17:21:37,526 -                train: [    INFO] - Test: [  19/19]  Time: 0.034 (0.043)  Loss:  0.3215 (0.2872)  Acc@1: 89.3382 (91.0200)  Acc@5: 100.0000 (99.7000)
2024-07-10 17:21:37,756 - timm.utils.checkpoint_saver: [    INFO] - Current checkpoints:
 ('./output/train/20240710-164625-vitsnn-32/checkpoint-74.pth.tar', 91.02000017089844)
 ('./output/train/20240710-164625-vitsnn-32/checkpoint-72.pth.tar', 90.76000001220703)

2024-07-10 17:21:37,756 -                train: [    INFO] - *** Best metric: 91.02000017089844 (epoch 74)
2024-07-10 17:21:38,092 -                train: [    INFO] - Train: 75 [   0/97 (  0%)]  Loss:  0.777269 (0.7773)  Time: 0.335s, 1530.01/s  (0.335s, 1530.01/s)  LR: 1.296e-03  Data: 0.065 (0.065)
2024-07-10 17:22:04,836 -                train: [    INFO] - Train: 75 [  96/97 (100%)]  Loss:  0.851402 (0.8143)  Time: 0.271s, 1887.30/s  (0.279s, 1834.15/s)  LR: 1.296e-03  Data: 0.000 (0.004)
2024-07-10 17:22:04,948 -                train: [    INFO] - Test: [   0/19]  Time: 0.110 (0.110)  Loss:  0.2913 (0.2913)  Acc@1: 91.4062 (91.4062)  Acc@5: 99.6094 (99.6094)
2024-07-10 17:22:05,698 -                train: [    INFO] - Test: [  19/19]  Time: 0.028 (0.043)  Loss:  0.3196 (0.2964)  Acc@1: 90.0735 (90.5000)  Acc@5: 100.0000 (99.7400)
2024-07-10 17:22:05,854 -                train: [    INFO] - *** Best metric: 91.02000017089844 (epoch 74)
2024-07-10 17:22:06,221 -                train: [    INFO] - Train: 76 [   0/97 (  0%)]  Loss:  0.868052 (0.8681)  Time: 0.366s, 1399.97/s  (0.366s, 1399.97/s)  LR: 1.293e-03  Data: 0.096 (0.096)
2024-07-10 17:22:32,915 -                train: [    INFO] - Train: 76 [  96/97 (100%)]  Loss:  0.970802 (0.9194)  Time: 0.272s, 1885.60/s  (0.279s, 1835.53/s)  LR: 1.293e-03  Data: 0.000 (0.004)
2024-07-10 17:22:33,022 -                train: [    INFO] - Test: [   0/19]  Time: 0.106 (0.106)  Loss:  0.2568 (0.2568)  Acc@1: 91.7969 (91.7969)  Acc@5: 100.0000 (100.0000)
2024-07-10 17:22:33,779 -                train: [    INFO] - Test: [  19/19]  Time: 0.027 (0.043)  Loss:  0.2988 (0.2924)  Acc@1: 90.8088 (90.8000)  Acc@5: 100.0000 (99.7200)
2024-07-10 17:22:34,003 - timm.utils.checkpoint_saver: [    INFO] - Current checkpoints:
 ('./output/train/20240710-164625-vitsnn-32/checkpoint-74.pth.tar', 91.02000017089844)
 ('./output/train/20240710-164625-vitsnn-32/checkpoint-76.pth.tar', 90.79999997558593)

2024-07-10 17:22:34,003 -                train: [    INFO] - *** Best metric: 91.02000017089844 (epoch 74)
2024-07-10 17:22:34,350 -                train: [    INFO] - Train: 77 [   0/97 (  0%)]  Loss:  0.913120 (0.9131)  Time: 0.344s, 1487.06/s  (0.344s, 1487.06/s)  LR: 1.290e-03  Data: 0.074 (0.074)
2024-07-10 17:23:01,104 -                train: [    INFO] - Train: 77 [  96/97 (100%)]  Loss:  0.950079 (0.9316)  Time: 0.271s, 1887.46/s  (0.279s, 1832.87/s)  LR: 1.290e-03  Data: 0.000 (0.004)
2024-07-10 17:23:01,224 -                train: [    INFO] - Test: [   0/19]  Time: 0.119 (0.119)  Loss:  0.2732 (0.2732)  Acc@1: 91.2109 (91.2109)  Acc@5: 99.6094 (99.6094)
2024-07-10 17:23:01,963 -                train: [    INFO] - Test: [  19/19]  Time: 0.027 (0.043)  Loss:  0.3140 (0.2912)  Acc@1: 88.9706 (90.8600)  Acc@5: 100.0000 (99.7200)
2024-07-10 17:23:02,135 - timm.utils.checkpoint_saver: [    INFO] - Current checkpoints:
 ('./output/train/20240710-164625-vitsnn-32/checkpoint-74.pth.tar', 91.02000017089844)
 ('./output/train/20240710-164625-vitsnn-32/checkpoint-77.pth.tar', 90.86000001220702)

2024-07-10 17:23:02,135 -                train: [    INFO] - *** Best metric: 91.02000017089844 (epoch 74)
2024-07-10 17:23:02,488 -                train: [    INFO] - Train: 78 [   0/97 (  0%)]  Loss:  0.999803 (0.9998)  Time: 0.351s, 1458.10/s  (0.351s, 1458.10/s)  LR: 1.287e-03  Data: 0.076 (0.076)
2024-07-10 17:23:29,209 -                train: [    INFO] - Train: 78 [  96/97 (100%)]  Loss:  0.826735 (0.9133)  Time: 0.271s, 1887.06/s  (0.279s, 1834.58/s)  LR: 1.287e-03  Data: 0.000 (0.004)
2024-07-10 17:23:29,322 -                train: [    INFO] - Test: [   0/19]  Time: 0.111 (0.111)  Loss:  0.2654 (0.2654)  Acc@1: 91.4062 (91.4062)  Acc@5: 99.8047 (99.8047)
2024-07-10 17:23:30,049 -                train: [    INFO] - Test: [  19/19]  Time: 0.024 (0.042)  Loss:  0.3188 (0.3086)  Acc@1: 90.0735 (90.4300)  Acc@5: 99.6324 (99.6400)
2024-07-10 17:23:30,206 -                train: [    INFO] - *** Best metric: 91.02000017089844 (epoch 74)
2024-07-10 17:23:30,550 -                train: [    INFO] - Train: 79 [   0/97 (  0%)]  Loss:  1.146516 (1.1465)  Time: 0.341s, 1501.57/s  (0.341s, 1501.57/s)  LR: 1.283e-03  Data: 0.070 (0.070)
2024-07-10 17:23:57,383 -                train: [    INFO] - Train: 79 [  96/97 (100%)]  Loss:  0.714248 (0.9304)  Time: 0.272s, 1883.92/s  (0.280s, 1827.77/s)  LR: 1.283e-03  Data: 0.000 (0.004)
2024-07-10 17:23:57,499 -                train: [    INFO] - Test: [   0/19]  Time: 0.115 (0.115)  Loss:  0.2424 (0.2424)  Acc@1: 91.9922 (91.9922)  Acc@5: 100.0000 (100.0000)
2024-07-10 17:23:58,253 -                train: [    INFO] - Test: [  19/19]  Time: 0.034 (0.043)  Loss:  0.3459 (0.2807)  Acc@1: 87.5000 (91.0600)  Acc@5: 99.6324 (99.7100)
2024-07-10 17:23:58,435 - timm.utils.checkpoint_saver: [    INFO] - Current checkpoints:
 ('./output/train/20240710-164625-vitsnn-32/checkpoint-79.pth.tar', 91.06)
 ('./output/train/20240710-164625-vitsnn-32/checkpoint-74.pth.tar', 91.02000017089844)

2024-07-10 17:23:58,436 -                train: [    INFO] - *** Best metric: 91.06 (epoch 79)
2024-07-10 17:23:58,781 -                train: [    INFO] - Train: 80 [   0/97 (  0%)]  Loss:  0.792089 (0.7921)  Time: 0.343s, 1492.88/s  (0.343s, 1492.88/s)  LR: 1.280e-03  Data: 0.072 (0.072)
2024-07-10 17:24:25,512 -                train: [    INFO] - Train: 80 [  96/97 (100%)]  Loss:  1.039823 (0.9160)  Time: 0.272s, 1885.81/s  (0.279s, 1834.50/s)  LR: 1.280e-03  Data: 0.000 (0.004)
2024-07-10 17:24:25,628 -                train: [    INFO] - Test: [   0/19]  Time: 0.115 (0.115)  Loss:  0.2837 (0.2837)  Acc@1: 89.8438 (89.8438)  Acc@5: 99.6094 (99.6094)
2024-07-10 17:24:26,368 -                train: [    INFO] - Test: [  19/19]  Time: 0.027 (0.043)  Loss:  0.3413 (0.2880)  Acc@1: 89.7059 (91.0000)  Acc@5: 99.2647 (99.6500)
2024-07-10 17:24:26,542 -                train: [    INFO] - *** Best metric: 91.06 (epoch 79)
2024-07-10 17:24:26,901 -                train: [    INFO] - Train: 81 [   0/97 (  0%)]  Loss:  1.058449 (1.0584)  Time: 0.358s, 1431.36/s  (0.358s, 1431.36/s)  LR: 1.277e-03  Data: 0.085 (0.085)
2024-07-10 17:24:53,527 -                train: [    INFO] - Train: 81 [  96/97 (100%)]  Loss:  0.860593 (0.9595)  Time: 0.272s, 1883.64/s  (0.278s, 1840.67/s)  LR: 1.277e-03  Data: 0.000 (0.004)
2024-07-10 17:24:53,642 -                train: [    INFO] - Test: [   0/19]  Time: 0.114 (0.114)  Loss:  0.2751 (0.2751)  Acc@1: 91.0156 (91.0156)  Acc@5: 100.0000 (100.0000)
2024-07-10 17:24:54,389 -                train: [    INFO] - Test: [  19/19]  Time: 0.035 (0.043)  Loss:  0.2969 (0.2884)  Acc@1: 89.7059 (90.7700)  Acc@5: 100.0000 (99.7300)
2024-07-10 17:24:54,561 -                train: [    INFO] - *** Best metric: 91.06 (epoch 79)
2024-07-10 17:24:54,907 -                train: [    INFO] - Train: 82 [   0/97 (  0%)]  Loss:  0.959883 (0.9599)  Time: 0.344s, 1487.05/s  (0.344s, 1487.05/s)  LR: 1.274e-03  Data: 0.065 (0.065)
2024-07-10 17:25:22,051 -                train: [    INFO] - Train: 82 [  96/97 (100%)]  Loss:  1.201014 (1.0804)  Time: 0.276s, 1852.28/s  (0.283s, 1806.83/s)  LR: 1.274e-03  Data: 0.000 (0.005)
2024-07-10 17:25:22,163 -                train: [    INFO] - Test: [   0/19]  Time: 0.111 (0.111)  Loss:  0.2622 (0.2622)  Acc@1: 91.2109 (91.2109)  Acc@5: 99.8047 (99.8047)
2024-07-10 17:25:22,913 -                train: [    INFO] - Test: [  19/19]  Time: 0.027 (0.043)  Loss:  0.3232 (0.2786)  Acc@1: 87.5000 (90.9500)  Acc@5: 100.0000 (99.8000)
2024-07-10 17:25:23,115 -                train: [    INFO] - *** Best metric: 91.06 (epoch 79)
2024-07-10 17:25:23,458 -                train: [    INFO] - Train: 83 [   0/97 (  0%)]  Loss:  0.995830 (0.9958)  Time: 0.341s, 1500.36/s  (0.341s, 1500.36/s)  LR: 1.270e-03  Data: 0.068 (0.068)
2024-07-10 17:25:50,105 -                train: [    INFO] - Train: 83 [  96/97 (100%)]  Loss:  0.759292 (0.8776)  Time: 0.273s, 1875.01/s  (0.278s, 1840.31/s)  LR: 1.270e-03  Data: 0.000 (0.004)
2024-07-10 17:25:50,221 -                train: [    INFO] - Test: [   0/19]  Time: 0.114 (0.114)  Loss:  0.2451 (0.2451)  Acc@1: 92.3828 (92.3828)  Acc@5: 99.8047 (99.8047)
2024-07-10 17:25:50,955 -                train: [    INFO] - Test: [  19/19]  Time: 0.027 (0.042)  Loss:  0.3215 (0.2821)  Acc@1: 89.7059 (91.2200)  Acc@5: 99.6324 (99.6900)
2024-07-10 17:25:51,188 - timm.utils.checkpoint_saver: [    INFO] - Current checkpoints:
 ('./output/train/20240710-164625-vitsnn-32/checkpoint-83.pth.tar', 91.22000012207032)
 ('./output/train/20240710-164625-vitsnn-32/checkpoint-79.pth.tar', 91.06)

2024-07-10 17:25:51,189 -                train: [    INFO] - *** Best metric: 91.22000012207032 (epoch 83)
2024-07-10 17:25:51,523 -                train: [    INFO] - Train: 84 [   0/97 (  0%)]  Loss:  0.715767 (0.7158)  Time: 0.333s, 1539.37/s  (0.333s, 1539.37/s)  LR: 1.267e-03  Data: 0.056 (0.056)
2024-07-10 17:26:18,239 -                train: [    INFO] - Train: 84 [  96/97 (100%)]  Loss:  0.844711 (0.7802)  Time: 0.271s, 1889.26/s  (0.279s, 1836.24/s)  LR: 1.267e-03  Data: 0.000 (0.004)
2024-07-10 17:26:18,349 -                train: [    INFO] - Test: [   0/19]  Time: 0.109 (0.109)  Loss:  0.2319 (0.2319)  Acc@1: 93.5547 (93.5547)  Acc@5: 99.8047 (99.8047)
2024-07-10 17:26:19,091 -                train: [    INFO] - Test: [  19/19]  Time: 0.027 (0.043)  Loss:  0.2786 (0.2687)  Acc@1: 90.4412 (91.7700)  Acc@5: 100.0000 (99.7800)
2024-07-10 17:26:19,321 - timm.utils.checkpoint_saver: [    INFO] - Current checkpoints:
 ('./output/train/20240710-164625-vitsnn-32/checkpoint-84.pth.tar', 91.76999981689453)
 ('./output/train/20240710-164625-vitsnn-32/checkpoint-83.pth.tar', 91.22000012207032)

2024-07-10 17:26:19,321 -                train: [    INFO] - *** Best metric: 91.76999981689453 (epoch 84)
2024-07-10 17:26:19,664 -                train: [    INFO] - Train: 85 [   0/97 (  0%)]  Loss:  0.844603 (0.8446)  Time: 0.340s, 1503.87/s  (0.340s, 1503.87/s)  LR: 1.263e-03  Data: 0.071 (0.071)
2024-07-10 17:26:46,443 -                train: [    INFO] - Train: 85 [  96/97 (100%)]  Loss:  1.035203 (0.9399)  Time: 0.272s, 1885.04/s  (0.280s, 1831.44/s)  LR: 1.263e-03  Data: 0.000 (0.004)
2024-07-10 17:26:46,552 -                train: [    INFO] - Test: [   0/19]  Time: 0.108 (0.108)  Loss:  0.2484 (0.2484)  Acc@1: 93.1641 (93.1641)  Acc@5: 99.8047 (99.8047)
2024-07-10 17:26:47,298 -                train: [    INFO] - Test: [  19/19]  Time: 0.024 (0.043)  Loss:  0.2930 (0.2817)  Acc@1: 91.5441 (91.3200)  Acc@5: 100.0000 (99.7000)
2024-07-10 17:26:47,519 - timm.utils.checkpoint_saver: [    INFO] - Current checkpoints:
 ('./output/train/20240710-164625-vitsnn-32/checkpoint-84.pth.tar', 91.76999981689453)
 ('./output/train/20240710-164625-vitsnn-32/checkpoint-85.pth.tar', 91.32000008544922)

2024-07-10 17:26:47,519 -                train: [    INFO] - *** Best metric: 91.76999981689453 (epoch 84)
2024-07-10 17:26:47,861 -                train: [    INFO] - Train: 86 [   0/97 (  0%)]  Loss:  0.861826 (0.8618)  Time: 0.338s, 1516.55/s  (0.338s, 1516.55/s)  LR: 1.260e-03  Data: 0.064 (0.064)
2024-07-10 17:27:14,601 -                train: [    INFO] - Train: 86 [  96/97 (100%)]  Loss:  0.762124 (0.8120)  Time: 0.271s, 1888.37/s  (0.279s, 1834.28/s)  LR: 1.260e-03  Data: 0.000 (0.004)
2024-07-10 17:27:14,709 -                train: [    INFO] - Test: [   0/19]  Time: 0.107 (0.107)  Loss:  0.3042 (0.3042)  Acc@1: 91.7969 (91.7969)  Acc@5: 99.8047 (99.8047)
2024-07-10 17:27:15,473 -                train: [    INFO] - Test: [  19/19]  Time: 0.042 (0.044)  Loss:  0.3408 (0.3011)  Acc@1: 88.9706 (90.7000)  Acc@5: 100.0000 (99.7200)
2024-07-10 17:27:15,671 -                train: [    INFO] - *** Best metric: 91.76999981689453 (epoch 84)
2024-07-10 17:27:16,020 -                train: [    INFO] - Train: 87 [   0/97 (  0%)]  Loss:  1.140464 (1.1405)  Time: 0.347s, 1476.62/s  (0.347s, 1476.62/s)  LR: 1.257e-03  Data: 0.066 (0.066)
2024-07-10 17:27:42,963 -                train: [    INFO] - Train: 87 [  96/97 (100%)]  Loss:  0.853783 (0.9971)  Time: 0.272s, 1882.99/s  (0.281s, 1820.05/s)  LR: 1.257e-03  Data: 0.000 (0.004)
2024-07-10 17:27:43,072 -                train: [    INFO] - Test: [   0/19]  Time: 0.108 (0.108)  Loss:  0.2632 (0.2632)  Acc@1: 92.1875 (92.1875)  Acc@5: 100.0000 (100.0000)
2024-07-10 17:27:43,817 -                train: [    INFO] - Test: [  19/19]  Time: 0.027 (0.043)  Loss:  0.2856 (0.2799)  Acc@1: 90.8088 (91.1200)  Acc@5: 100.0000 (99.8000)
2024-07-10 17:27:44,036 -                train: [    INFO] - *** Best metric: 91.76999981689453 (epoch 84)
2024-07-10 17:27:44,376 -                train: [    INFO] - Train: 88 [   0/97 (  0%)]  Loss:  0.785908 (0.7859)  Time: 0.339s, 1511.51/s  (0.339s, 1511.51/s)  LR: 1.253e-03  Data: 0.068 (0.068)
2024-07-10 17:28:11,054 -                train: [    INFO] - Train: 88 [  96/97 (100%)]  Loss:  0.838749 (0.8123)  Time: 0.271s, 1887.09/s  (0.279s, 1838.40/s)  LR: 1.253e-03  Data: 0.000 (0.004)
2024-07-10 17:28:11,166 -                train: [    INFO] - Test: [   0/19]  Time: 0.111 (0.111)  Loss:  0.2556 (0.2556)  Acc@1: 92.5781 (92.5781)  Acc@5: 100.0000 (100.0000)
2024-07-10 17:28:11,908 -                train: [    INFO] - Test: [  19/19]  Time: 0.027 (0.043)  Loss:  0.3674 (0.2870)  Acc@1: 88.2353 (90.7000)  Acc@5: 100.0000 (99.7300)
2024-07-10 17:28:12,107 -                train: [    INFO] - *** Best metric: 91.76999981689453 (epoch 84)
2024-07-10 17:28:12,455 -                train: [    INFO] - Train: 89 [   0/97 (  0%)]  Loss:  0.881025 (0.8810)  Time: 0.345s, 1482.98/s  (0.345s, 1482.98/s)  LR: 1.250e-03  Data: 0.074 (0.074)
2024-07-10 17:28:39,300 -                train: [    INFO] - Train: 89 [  96/97 (100%)]  Loss:  0.810100 (0.8456)  Time: 0.274s, 1868.93/s  (0.280s, 1826.58/s)  LR: 1.250e-03  Data: 0.000 (0.004)
2024-07-10 17:28:39,413 -                train: [    INFO] - Test: [   0/19]  Time: 0.111 (0.111)  Loss:  0.2681 (0.2681)  Acc@1: 92.5781 (92.5781)  Acc@5: 99.8047 (99.8047)
2024-07-10 17:28:40,126 -                train: [    INFO] - Test: [  19/19]  Time: 0.024 (0.041)  Loss:  0.3584 (0.3000)  Acc@1: 88.6029 (91.1600)  Acc@5: 100.0000 (99.6500)
2024-07-10 17:28:40,296 -                train: [    INFO] - *** Best metric: 91.76999981689453 (epoch 84)
2024-07-10 17:28:40,647 -                train: [    INFO] - Train: 90 [   0/97 (  0%)]  Loss:  0.936285 (0.9363)  Time: 0.349s, 1465.57/s  (0.349s, 1465.57/s)  LR: 1.246e-03  Data: 0.079 (0.079)
2024-07-10 17:29:07,355 -                train: [    INFO] - Train: 90 [  96/97 (100%)]  Loss:  0.926172 (0.9312)  Time: 0.271s, 1888.45/s  (0.279s, 1835.67/s)  LR: 1.246e-03  Data: 0.000 (0.004)
2024-07-10 17:29:07,471 -                train: [    INFO] - Test: [   0/19]  Time: 0.115 (0.115)  Loss:  0.2603 (0.2603)  Acc@1: 92.1875 (92.1875)  Acc@5: 99.6094 (99.6094)
2024-07-10 17:29:08,209 -                train: [    INFO] - Test: [  19/19]  Time: 0.027 (0.043)  Loss:  0.3320 (0.2920)  Acc@1: 89.3382 (90.9600)  Acc@5: 100.0000 (99.5900)
2024-07-10 17:29:08,374 -                train: [    INFO] - *** Best metric: 91.76999981689453 (epoch 84)
2024-07-10 17:29:08,710 -                train: [    INFO] - Train: 91 [   0/97 (  0%)]  Loss:  0.854905 (0.8549)  Time: 0.334s, 1532.35/s  (0.334s, 1532.35/s)  LR: 1.242e-03  Data: 0.064 (0.064)
2024-07-10 17:29:35,422 -                train: [    INFO] - Train: 91 [  96/97 (100%)]  Loss:  1.072173 (0.9635)  Time: 0.272s, 1885.27/s  (0.279s, 1836.39/s)  LR: 1.242e-03  Data: 0.000 (0.004)
2024-07-10 17:29:35,530 -                train: [    INFO] - Test: [   0/19]  Time: 0.107 (0.107)  Loss:  0.2961 (0.2961)  Acc@1: 89.8438 (89.8438)  Acc@5: 99.8047 (99.8047)
2024-07-10 17:29:36,280 -                train: [    INFO] - Test: [  19/19]  Time: 0.027 (0.043)  Loss:  0.2695 (0.2911)  Acc@1: 91.1765 (91.0500)  Acc@5: 100.0000 (99.6900)
2024-07-10 17:29:36,456 -                train: [    INFO] - *** Best metric: 91.76999981689453 (epoch 84)
2024-07-10 17:29:36,790 -                train: [    INFO] - Train: 92 [   0/97 (  0%)]  Loss:  0.950062 (0.9501)  Time: 0.332s, 1542.36/s  (0.332s, 1542.36/s)  LR: 1.239e-03  Data: 0.062 (0.062)
2024-07-10 17:30:03,794 -                train: [    INFO] - Train: 92 [  96/97 (100%)]  Loss:  0.962712 (0.9564)  Time: 0.272s, 1884.53/s  (0.282s, 1816.92/s)  LR: 1.239e-03  Data: 0.000 (0.004)
2024-07-10 17:30:03,901 -                train: [    INFO] - Test: [   0/19]  Time: 0.106 (0.106)  Loss:  0.2349 (0.2349)  Acc@1: 92.5781 (92.5781)  Acc@5: 99.4141 (99.4141)
2024-07-10 17:30:04,640 -                train: [    INFO] - Test: [  19/19]  Time: 0.028 (0.042)  Loss:  0.2915 (0.2611)  Acc@1: 90.0735 (91.5200)  Acc@5: 100.0000 (99.7300)
2024-07-10 17:30:04,824 - timm.utils.checkpoint_saver: [    INFO] - Current checkpoints:
 ('./output/train/20240710-164625-vitsnn-32/checkpoint-84.pth.tar', 91.76999981689453)
 ('./output/train/20240710-164625-vitsnn-32/checkpoint-92.pth.tar', 91.52000007324219)

2024-07-10 17:30:04,825 -                train: [    INFO] - *** Best metric: 91.76999981689453 (epoch 84)
2024-07-10 17:30:05,178 -                train: [    INFO] - Train: 93 [   0/97 (  0%)]  Loss:  1.204920 (1.2049)  Time: 0.351s, 1459.89/s  (0.351s, 1459.89/s)  LR: 1.235e-03  Data: 0.080 (0.080)
2024-07-10 17:30:31,878 -                train: [    INFO] - Train: 93 [  96/97 (100%)]  Loss:  0.645219 (0.9251)  Time: 0.272s, 1883.23/s  (0.279s, 1836.08/s)  LR: 1.235e-03  Data: 0.000 (0.004)
2024-07-10 17:30:31,987 -                train: [    INFO] - Test: [   0/19]  Time: 0.108 (0.108)  Loss:  0.2649 (0.2649)  Acc@1: 90.8203 (90.8203)  Acc@5: 99.6094 (99.6094)
2024-07-10 17:30:32,721 -                train: [    INFO] - Test: [  19/19]  Time: 0.028 (0.042)  Loss:  0.3027 (0.2969)  Acc@1: 90.8088 (90.4700)  Acc@5: 100.0000 (99.6800)
2024-07-10 17:30:32,926 -                train: [    INFO] - *** Best metric: 91.76999981689453 (epoch 84)
2024-07-10 17:30:33,269 -                train: [    INFO] - Train: 94 [   0/97 (  0%)]  Loss:  0.943080 (0.9431)  Time: 0.340s, 1503.77/s  (0.340s, 1503.77/s)  LR: 1.231e-03  Data: 0.070 (0.070)
2024-07-10 17:31:00,014 -                train: [    INFO] - Train: 94 [  96/97 (100%)]  Loss:  1.175181 (1.0591)  Time: 0.272s, 1880.46/s  (0.279s, 1833.69/s)  LR: 1.231e-03  Data: 0.000 (0.004)
2024-07-10 17:31:00,139 -                train: [    INFO] - Test: [   0/19]  Time: 0.123 (0.123)  Loss:  0.2344 (0.2344)  Acc@1: 92.1875 (92.1875)  Acc@5: 100.0000 (100.0000)
2024-07-10 17:31:00,886 -                train: [    INFO] - Test: [  19/19]  Time: 0.027 (0.044)  Loss:  0.3179 (0.2841)  Acc@1: 89.3382 (91.2000)  Acc@5: 99.6324 (99.6800)
2024-07-10 17:31:01,123 -                train: [    INFO] - *** Best metric: 91.76999981689453 (epoch 84)
2024-07-10 17:31:01,467 -                train: [    INFO] - Train: 95 [   0/97 (  0%)]  Loss:  0.953450 (0.9534)  Time: 0.342s, 1497.02/s  (0.342s, 1497.02/s)  LR: 1.228e-03  Data: 0.072 (0.072)
2024-07-10 17:31:28,102 -                train: [    INFO] - Train: 95 [  96/97 (100%)]  Loss:  0.901345 (0.9274)  Time: 0.271s, 1887.86/s  (0.278s, 1841.11/s)  LR: 1.228e-03  Data: 0.000 (0.004)
2024-07-10 17:31:28,215 -                train: [    INFO] - Test: [   0/19]  Time: 0.111 (0.111)  Loss:  0.2729 (0.2729)  Acc@1: 90.8203 (90.8203)  Acc@5: 99.6094 (99.6094)
2024-07-10 17:31:28,959 -                train: [    INFO] - Test: [  19/19]  Time: 0.027 (0.043)  Loss:  0.3308 (0.2833)  Acc@1: 88.6029 (90.7600)  Acc@5: 100.0000 (99.7600)
2024-07-10 17:31:29,149 -                train: [    INFO] - *** Best metric: 91.76999981689453 (epoch 84)
2024-07-10 17:31:29,496 -                train: [    INFO] - Train: 96 [   0/97 (  0%)]  Loss:  0.677576 (0.6776)  Time: 0.344s, 1486.71/s  (0.344s, 1486.71/s)  LR: 1.224e-03  Data: 0.075 (0.075)
2024-07-10 17:31:56,077 -                train: [    INFO] - Train: 96 [  96/97 (100%)]  Loss:  0.949817 (0.8137)  Time: 0.271s, 1888.12/s  (0.278s, 1844.60/s)  LR: 1.224e-03  Data: 0.000 (0.004)
2024-07-10 17:31:56,187 -                train: [    INFO] - Test: [   0/19]  Time: 0.109 (0.109)  Loss:  0.2544 (0.2544)  Acc@1: 92.3828 (92.3828)  Acc@5: 99.8047 (99.8047)
2024-07-10 17:31:56,939 -                train: [    INFO] - Test: [  19/19]  Time: 0.034 (0.043)  Loss:  0.2571 (0.2863)  Acc@1: 91.9118 (91.0600)  Acc@5: 100.0000 (99.7500)
2024-07-10 17:31:57,116 -                train: [    INFO] - *** Best metric: 91.76999981689453 (epoch 84)
2024-07-10 17:31:57,473 -                train: [    INFO] - Train: 97 [   0/97 (  0%)]  Loss:  0.712695 (0.7127)  Time: 0.354s, 1447.34/s  (0.354s, 1447.34/s)  LR: 1.220e-03  Data: 0.084 (0.084)
2024-07-10 17:32:24,604 -                train: [    INFO] - Train: 97 [  96/97 (100%)]  Loss:  0.945843 (0.8293)  Time: 0.271s, 1888.49/s  (0.283s, 1807.02/s)  LR: 1.220e-03  Data: 0.000 (0.004)
2024-07-10 17:32:24,718 -                train: [    INFO] - Test: [   0/19]  Time: 0.112 (0.112)  Loss:  0.2496 (0.2496)  Acc@1: 90.4297 (90.4297)  Acc@5: 100.0000 (100.0000)
2024-07-10 17:32:25,455 -                train: [    INFO] - Test: [  19/19]  Time: 0.027 (0.042)  Loss:  0.2729 (0.2564)  Acc@1: 92.2794 (91.7800)  Acc@5: 100.0000 (99.7800)
2024-07-10 17:32:25,687 - timm.utils.checkpoint_saver: [    INFO] - Current checkpoints:
 ('./output/train/20240710-164625-vitsnn-32/checkpoint-97.pth.tar', 91.77999998779296)
 ('./output/train/20240710-164625-vitsnn-32/checkpoint-84.pth.tar', 91.76999981689453)

2024-07-10 17:32:25,688 -                train: [    INFO] - *** Best metric: 91.77999998779296 (epoch 97)
2024-07-10 17:32:26,028 -                train: [    INFO] - Train: 98 [   0/97 (  0%)]  Loss:  0.860745 (0.8607)  Time: 0.339s, 1511.30/s  (0.339s, 1511.30/s)  LR: 1.216e-03  Data: 0.068 (0.068)
2024-07-10 17:32:52,745 -                train: [    INFO] - Train: 98 [  96/97 (100%)]  Loss:  1.108333 (0.9845)  Time: 0.272s, 1882.21/s  (0.279s, 1835.76/s)  LR: 1.216e-03  Data: 0.000 (0.004)
2024-07-10 17:32:52,862 -                train: [    INFO] - Test: [   0/19]  Time: 0.116 (0.116)  Loss:  0.2563 (0.2563)  Acc@1: 91.4062 (91.4062)  Acc@5: 99.8047 (99.8047)
2024-07-10 17:32:53,605 -                train: [    INFO] - Test: [  19/19]  Time: 0.028 (0.043)  Loss:  0.2837 (0.2735)  Acc@1: 90.8088 (91.6200)  Acc@5: 100.0000 (99.7100)
2024-07-10 17:32:53,765 -                train: [    INFO] - *** Best metric: 91.77999998779296 (epoch 97)
2024-07-10 17:32:54,107 -                train: [    INFO] - Train: 99 [   0/97 (  0%)]  Loss:  0.878618 (0.8786)  Time: 0.341s, 1503.04/s  (0.341s, 1503.04/s)  LR: 1.212e-03  Data: 0.070 (0.070)
2024-07-10 17:33:20,786 -                train: [    INFO] - Train: 99 [  96/97 (100%)]  Loss:  0.964638 (0.9216)  Time: 0.272s, 1881.91/s  (0.279s, 1838.23/s)  LR: 1.212e-03  Data: 0.000 (0.004)
2024-07-10 17:33:20,898 -                train: [    INFO] - Test: [   0/19]  Time: 0.111 (0.111)  Loss:  0.2688 (0.2688)  Acc@1: 91.2109 (91.2109)  Acc@5: 100.0000 (100.0000)
2024-07-10 17:33:21,658 -                train: [    INFO] - Test: [  19/19]  Time: 0.031 (0.044)  Loss:  0.2944 (0.2780)  Acc@1: 90.4412 (91.4600)  Acc@5: 100.0000 (99.7100)
2024-07-10 17:33:21,879 -                train: [    INFO] - *** Best metric: 91.77999998779296 (epoch 97)
2024-07-10 17:33:22,227 -                train: [    INFO] - Train: 100 [   0/97 (  0%)]  Loss:  1.003879 (1.0039)  Time: 0.347s, 1477.53/s  (0.347s, 1477.53/s)  LR: 1.209e-03  Data: 0.076 (0.076)
2024-07-10 17:33:48,855 -                train: [    INFO] - Train: 100 [  96/97 (100%)]  Loss:  0.677814 (0.8408)  Time: 0.272s, 1882.03/s  (0.278s, 1841.28/s)  LR: 1.209e-03  Data: 0.000 (0.004)
2024-07-10 17:33:48,967 -                train: [    INFO] - Test: [   0/19]  Time: 0.111 (0.111)  Loss:  0.2474 (0.2474)  Acc@1: 92.7734 (92.7734)  Acc@5: 99.6094 (99.6094)
2024-07-10 17:33:49,703 -                train: [    INFO] - Test: [  19/19]  Time: 0.027 (0.042)  Loss:  0.2568 (0.2630)  Acc@1: 91.1765 (91.7600)  Acc@5: 100.0000 (99.6700)
2024-07-10 17:33:49,904 -                train: [    INFO] - *** Best metric: 91.77999998779296 (epoch 97)
2024-07-10 17:33:50,247 -                train: [    INFO] - Train: 101 [   0/97 (  0%)]  Loss:  0.921819 (0.9218)  Time: 0.341s, 1501.36/s  (0.341s, 1501.36/s)  LR: 1.205e-03  Data: 0.071 (0.071)
2024-07-10 17:34:17,027 -                train: [    INFO] - Train: 101 [  96/97 (100%)]  Loss:  1.087232 (1.0045)  Time: 0.273s, 1877.86/s  (0.280s, 1831.33/s)  LR: 1.205e-03  Data: 0.000 (0.004)
2024-07-10 17:34:17,147 -                train: [    INFO] - Test: [   0/19]  Time: 0.119 (0.119)  Loss:  0.2634 (0.2634)  Acc@1: 90.8203 (90.8203)  Acc@5: 99.6094 (99.6094)
2024-07-10 17:34:17,894 -                train: [    INFO] - Test: [  19/19]  Time: 0.027 (0.043)  Loss:  0.2820 (0.2624)  Acc@1: 91.1765 (91.6100)  Acc@5: 100.0000 (99.6300)
2024-07-10 17:34:18,112 -                train: [    INFO] - *** Best metric: 91.77999998779296 (epoch 97)
2024-07-10 17:34:18,460 -                train: [    INFO] - Train: 102 [   0/97 (  0%)]  Loss:  0.947808 (0.9478)  Time: 0.347s, 1475.16/s  (0.347s, 1475.16/s)  LR: 1.201e-03  Data: 0.076 (0.076)
2024-07-10 17:34:45,264 -                train: [    INFO] - Train: 102 [  96/97 (100%)]  Loss:  0.936702 (0.9423)  Time: 0.272s, 1884.43/s  (0.280s, 1829.30/s)  LR: 1.201e-03  Data: 0.000 (0.004)
2024-07-10 17:34:45,374 -                train: [    INFO] - Test: [   0/19]  Time: 0.108 (0.108)  Loss:  0.2612 (0.2612)  Acc@1: 91.6016 (91.6016)  Acc@5: 99.6094 (99.6094)
2024-07-10 17:34:46,131 -                train: [    INFO] - Test: [  19/19]  Time: 0.034 (0.043)  Loss:  0.2773 (0.2726)  Acc@1: 91.5441 (91.6500)  Acc@5: 100.0000 (99.6900)
2024-07-10 17:34:46,348 -                train: [    INFO] - *** Best metric: 91.77999998779296 (epoch 97)
2024-07-10 17:34:46,689 -                train: [    INFO] - Train: 103 [   0/97 (  0%)]  Loss:  0.817203 (0.8172)  Time: 0.339s, 1511.18/s  (0.339s, 1511.18/s)  LR: 1.197e-03  Data: 0.068 (0.068)
2024-07-10 17:35:13,347 -                train: [    INFO] - Train: 103 [  96/97 (100%)]  Loss:  1.140419 (0.9788)  Time: 0.272s, 1880.00/s  (0.278s, 1839.77/s)  LR: 1.197e-03  Data: 0.000 (0.004)
2024-07-10 17:35:13,459 -                train: [    INFO] - Test: [   0/19]  Time: 0.111 (0.111)  Loss:  0.2495 (0.2495)  Acc@1: 91.7969 (91.7969)  Acc@5: 99.6094 (99.6094)
2024-07-10 17:35:14,209 -                train: [    INFO] - Test: [  19/19]  Time: 0.034 (0.043)  Loss:  0.2429 (0.2599)  Acc@1: 93.0147 (91.6500)  Acc@5: 100.0000 (99.7900)
2024-07-10 17:35:14,438 -                train: [    INFO] - *** Best metric: 91.77999998779296 (epoch 97)
2024-07-10 17:35:14,775 -                train: [    INFO] - Train: 104 [   0/97 (  0%)]  Loss:  1.271189 (1.2712)  Time: 0.336s, 1523.40/s  (0.336s, 1523.40/s)  LR: 1.193e-03  Data: 0.062 (0.062)
2024-07-10 17:35:41,698 -                train: [    INFO] - Train: 104 [  96/97 (100%)]  Loss:  0.814012 (1.0426)  Time: 0.274s, 1866.20/s  (0.281s, 1822.04/s)  LR: 1.193e-03  Data: 0.000 (0.004)
2024-07-10 17:35:41,806 -                train: [    INFO] - Test: [   0/19]  Time: 0.105 (0.105)  Loss:  0.2686 (0.2686)  Acc@1: 90.4297 (90.4297)  Acc@5: 99.8047 (99.8047)
2024-07-10 17:35:42,557 -                train: [    INFO] - Test: [  19/19]  Time: 0.027 (0.043)  Loss:  0.3030 (0.2828)  Acc@1: 91.1765 (91.4600)  Acc@5: 99.6324 (99.7600)
2024-07-10 17:35:42,777 -                train: [    INFO] - *** Best metric: 91.77999998779296 (epoch 97)
2024-07-10 17:35:43,126 -                train: [    INFO] - Train: 105 [   0/97 (  0%)]  Loss:  1.056848 (1.0568)  Time: 0.345s, 1482.76/s  (0.345s, 1482.76/s)  LR: 1.189e-03  Data: 0.070 (0.070)
2024-07-10 17:36:09,931 -                train: [    INFO] - Train: 105 [  96/97 (100%)]  Loss:  0.761948 (0.9094)  Time: 0.274s, 1870.95/s  (0.280s, 1829.35/s)  LR: 1.189e-03  Data: 0.000 (0.004)
2024-07-10 17:36:10,045 -                train: [    INFO] - Test: [   0/19]  Time: 0.112 (0.112)  Loss:  0.2471 (0.2471)  Acc@1: 91.7969 (91.7969)  Acc@5: 99.8047 (99.8047)
2024-07-10 17:36:10,796 -                train: [    INFO] - Test: [  19/19]  Time: 0.027 (0.043)  Loss:  0.3135 (0.2657)  Acc@1: 88.9706 (91.5100)  Acc@5: 99.6324 (99.6800)
2024-07-10 17:36:11,017 -                train: [    INFO] - *** Best metric: 91.77999998779296 (epoch 97)
2024-07-10 17:36:11,366 -                train: [    INFO] - Train: 106 [   0/97 (  0%)]  Loss:  0.617810 (0.6178)  Time: 0.346s, 1477.74/s  (0.346s, 1477.74/s)  LR: 1.185e-03  Data: 0.076 (0.076)
2024-07-10 17:36:38,312 -                train: [    INFO] - Train: 106 [  96/97 (100%)]  Loss:  0.860825 (0.7393)  Time: 0.350s, 1461.85/s  (0.281s, 1819.78/s)  LR: 1.185e-03  Data: 0.000 (0.004)
2024-07-10 17:36:38,424 -                train: [    INFO] - Test: [   0/19]  Time: 0.109 (0.109)  Loss:  0.2385 (0.2385)  Acc@1: 91.9922 (91.9922)  Acc@5: 99.8047 (99.8047)
2024-07-10 17:36:39,186 -                train: [    INFO] - Test: [  19/19]  Time: 0.040 (0.044)  Loss:  0.2734 (0.2671)  Acc@1: 90.0735 (91.5000)  Acc@5: 100.0000 (99.7300)
2024-07-10 17:36:39,358 -                train: [    INFO] - *** Best metric: 91.77999998779296 (epoch 97)
2024-07-10 17:36:39,690 -                train: [    INFO] - Train: 107 [   0/97 (  0%)]  Loss:  1.131881 (1.1319)  Time: 0.331s, 1548.44/s  (0.331s, 1548.44/s)  LR: 1.181e-03  Data: 0.060 (0.060)
2024-07-10 17:37:06,411 -                train: [    INFO] - Train: 107 [  96/97 (100%)]  Loss:  1.339249 (1.2356)  Time: 0.272s, 1882.16/s  (0.279s, 1836.01/s)  LR: 1.181e-03  Data: 0.000 (0.004)
2024-07-10 17:37:06,521 -                train: [    INFO] - Test: [   0/19]  Time: 0.108 (0.108)  Loss:  0.2561 (0.2561)  Acc@1: 92.5781 (92.5781)  Acc@5: 99.8047 (99.8047)
2024-07-10 17:37:07,251 -                train: [    INFO] - Test: [  19/19]  Time: 0.024 (0.042)  Loss:  0.3313 (0.2829)  Acc@1: 89.3382 (91.3900)  Acc@5: 100.0000 (99.7200)
2024-07-10 17:37:07,416 -                train: [    INFO] - *** Best metric: 91.77999998779296 (epoch 97)
2024-07-10 17:37:07,766 -                train: [    INFO] - Train: 108 [   0/97 (  0%)]  Loss:  0.991359 (0.9914)  Time: 0.349s, 1468.86/s  (0.349s, 1468.86/s)  LR: 1.176e-03  Data: 0.075 (0.075)
2024-07-10 17:37:34,483 -                train: [    INFO] - Train: 108 [  96/97 (100%)]  Loss:  0.953093 (0.9722)  Time: 0.272s, 1880.09/s  (0.279s, 1835.01/s)  LR: 1.176e-03  Data: 0.000 (0.004)
2024-07-10 17:37:34,592 -                train: [    INFO] - Test: [   0/19]  Time: 0.106 (0.106)  Loss:  0.2639 (0.2639)  Acc@1: 92.1875 (92.1875)  Acc@5: 99.8047 (99.8047)
2024-07-10 17:37:35,339 -                train: [    INFO] - Test: [  19/19]  Time: 0.027 (0.043)  Loss:  0.3040 (0.2722)  Acc@1: 90.0735 (91.5900)  Acc@5: 99.6324 (99.6800)
2024-07-10 17:37:35,569 -                train: [    INFO] - *** Best metric: 91.77999998779296 (epoch 97)
2024-07-10 17:37:35,902 -                train: [    INFO] - Train: 109 [   0/97 (  0%)]  Loss:  1.017185 (1.0172)  Time: 0.332s, 1543.83/s  (0.332s, 1543.83/s)  LR: 1.172e-03  Data: 0.061 (0.061)
2024-07-10 17:38:02,646 -                train: [    INFO] - Train: 109 [  96/97 (100%)]  Loss:  0.727650 (0.8724)  Time: 0.274s, 1870.78/s  (0.279s, 1834.44/s)  LR: 1.172e-03  Data: 0.000 (0.004)
2024-07-10 17:38:02,761 -                train: [    INFO] - Test: [   0/19]  Time: 0.114 (0.114)  Loss:  0.2664 (0.2664)  Acc@1: 91.4062 (91.4062)  Acc@5: 99.6094 (99.6094)
2024-07-10 17:38:03,498 -                train: [    INFO] - Test: [  19/19]  Time: 0.028 (0.042)  Loss:  0.3059 (0.2641)  Acc@1: 91.5441 (91.7500)  Acc@5: 99.2647 (99.7500)
2024-07-10 17:38:03,665 -                train: [    INFO] - *** Best metric: 91.77999998779296 (epoch 97)
2024-07-10 17:38:04,001 -                train: [    INFO] - Train: 110 [   0/97 (  0%)]  Loss:  0.978001 (0.9780)  Time: 0.335s, 1530.55/s  (0.335s, 1530.55/s)  LR: 1.168e-03  Data: 0.064 (0.064)
2024-07-10 17:38:30,724 -                train: [    INFO] - Train: 110 [  96/97 (100%)]  Loss:  0.620501 (0.7993)  Time: 0.273s, 1878.02/s  (0.279s, 1835.58/s)  LR: 1.168e-03  Data: 0.000 (0.004)
2024-07-10 17:38:30,834 -                train: [    INFO] - Test: [   0/19]  Time: 0.108 (0.108)  Loss:  0.2386 (0.2386)  Acc@1: 92.5781 (92.5781)  Acc@5: 99.8047 (99.8047)
2024-07-10 17:38:31,590 -                train: [    INFO] - Test: [  19/19]  Time: 0.028 (0.043)  Loss:  0.2966 (0.2595)  Acc@1: 90.0735 (91.7500)  Acc@5: 99.6324 (99.7700)
2024-07-10 17:38:31,827 -                train: [    INFO] - *** Best metric: 91.77999998779296 (epoch 97)
2024-07-10 17:38:32,166 -                train: [    INFO] - Train: 111 [   0/97 (  0%)]  Loss:  0.794765 (0.7948)  Time: 0.337s, 1519.85/s  (0.337s, 1519.85/s)  LR: 1.164e-03  Data: 0.067 (0.067)
2024-07-10 17:38:59,073 -                train: [    INFO] - Train: 111 [  96/97 (100%)]  Loss:  0.873340 (0.8341)  Time: 0.271s, 1887.13/s  (0.281s, 1822.99/s)  LR: 1.164e-03  Data: 0.000 (0.004)
2024-07-10 17:38:59,188 -                train: [    INFO] - Test: [   0/19]  Time: 0.113 (0.113)  Loss:  0.2206 (0.2206)  Acc@1: 92.7734 (92.7734)  Acc@5: 99.8047 (99.8047)
2024-07-10 17:38:59,926 -                train: [    INFO] - Test: [  19/19]  Time: 0.027 (0.043)  Loss:  0.2739 (0.2410)  Acc@1: 90.4412 (92.6400)  Acc@5: 100.0000 (99.7200)
2024-07-10 17:39:00,113 - timm.utils.checkpoint_saver: [    INFO] - Current checkpoints:
 ('./output/train/20240710-164625-vitsnn-32/checkpoint-111.pth.tar', 92.64000002441406)
 ('./output/train/20240710-164625-vitsnn-32/checkpoint-97.pth.tar', 91.77999998779296)

2024-07-10 17:39:00,113 -                train: [    INFO] - *** Best metric: 92.64000002441406 (epoch 111)
2024-07-10 17:39:00,471 -                train: [    INFO] - Train: 112 [   0/97 (  0%)]  Loss:  1.014327 (1.0143)  Time: 0.356s, 1438.21/s  (0.356s, 1438.21/s)  LR: 1.160e-03  Data: 0.086 (0.086)
2024-07-10 17:39:27,168 -                train: [    INFO] - Train: 112 [  96/97 (100%)]  Loss:  0.850855 (0.9326)  Time: 0.271s, 1885.85/s  (0.279s, 1835.88/s)  LR: 1.160e-03  Data: 0.000 (0.004)
2024-07-10 17:39:27,281 -                train: [    INFO] - Test: [   0/19]  Time: 0.111 (0.111)  Loss:  0.2191 (0.2191)  Acc@1: 94.3359 (94.3359)  Acc@5: 100.0000 (100.0000)
2024-07-10 17:39:28,037 -                train: [    INFO] - Test: [  19/19]  Time: 0.028 (0.043)  Loss:  0.2771 (0.2553)  Acc@1: 90.0735 (92.0800)  Acc@5: 99.6324 (99.7300)
2024-07-10 17:39:28,222 - timm.utils.checkpoint_saver: [    INFO] - Current checkpoints:
 ('./output/train/20240710-164625-vitsnn-32/checkpoint-111.pth.tar', 92.64000002441406)
 ('./output/train/20240710-164625-vitsnn-32/checkpoint-112.pth.tar', 92.07999986572266)

2024-07-10 17:39:28,222 -                train: [    INFO] - *** Best metric: 92.64000002441406 (epoch 111)
2024-07-10 17:39:28,563 -                train: [    INFO] - Train: 113 [   0/97 (  0%)]  Loss:  0.761998 (0.7620)  Time: 0.340s, 1505.73/s  (0.340s, 1505.73/s)  LR: 1.155e-03  Data: 0.067 (0.067)
2024-07-10 17:39:55,266 -                train: [    INFO] - Train: 113 [  96/97 (100%)]  Loss:  0.684410 (0.7232)  Time: 0.272s, 1884.30/s  (0.279s, 1836.57/s)  LR: 1.155e-03  Data: 0.000 (0.004)
2024-07-10 17:39:55,371 -                train: [    INFO] - Test: [   0/19]  Time: 0.103 (0.103)  Loss:  0.2319 (0.2319)  Acc@1: 92.7734 (92.7734)  Acc@5: 99.6094 (99.6094)
2024-07-10 17:39:56,113 -                train: [    INFO] - Test: [  19/19]  Time: 0.027 (0.042)  Loss:  0.3005 (0.2681)  Acc@1: 88.6029 (91.5100)  Acc@5: 100.0000 (99.7100)
2024-07-10 17:39:56,273 -                train: [    INFO] - *** Best metric: 92.64000002441406 (epoch 111)
2024-07-10 17:39:56,607 -                train: [    INFO] - Train: 114 [   0/97 (  0%)]  Loss:  0.730986 (0.7310)  Time: 0.332s, 1540.93/s  (0.332s, 1540.93/s)  LR: 1.151e-03  Data: 0.061 (0.061)
2024-07-10 17:40:23,224 -                train: [    INFO] - Train: 114 [  96/97 (100%)]  Loss:  0.872108 (0.8015)  Time: 0.271s, 1886.35/s  (0.278s, 1842.98/s)  LR: 1.151e-03  Data: 0.000 (0.004)
2024-07-10 17:40:23,335 -                train: [    INFO] - Test: [   0/19]  Time: 0.109 (0.109)  Loss:  0.2283 (0.2283)  Acc@1: 92.5781 (92.5781)  Acc@5: 99.4141 (99.4141)
2024-07-10 17:40:24,092 -                train: [    INFO] - Test: [  19/19]  Time: 0.027 (0.043)  Loss:  0.2454 (0.2621)  Acc@1: 90.4412 (91.7500)  Acc@5: 100.0000 (99.8000)
2024-07-10 17:40:24,319 -                train: [    INFO] - *** Best metric: 92.64000002441406 (epoch 111)
2024-07-10 17:40:24,685 -                train: [    INFO] - Train: 115 [   0/97 (  0%)]  Loss:  0.969682 (0.9697)  Time: 0.365s, 1401.04/s  (0.365s, 1401.04/s)  LR: 1.147e-03  Data: 0.094 (0.094)
2024-07-10 17:40:51,257 -                train: [    INFO] - Train: 115 [  96/97 (100%)]  Loss:  0.684333 (0.8270)  Time: 0.272s, 1885.38/s  (0.278s, 1843.82/s)  LR: 1.147e-03  Data: 0.000 (0.004)
2024-07-10 17:40:51,369 -                train: [    INFO] - Test: [   0/19]  Time: 0.110 (0.110)  Loss:  0.2085 (0.2085)  Acc@1: 92.9688 (92.9688)  Acc@5: 100.0000 (100.0000)
2024-07-10 17:40:52,114 -                train: [    INFO] - Test: [  19/19]  Time: 0.027 (0.043)  Loss:  0.2515 (0.2483)  Acc@1: 92.2794 (92.3500)  Acc@5: 100.0000 (99.7700)
2024-07-10 17:40:52,310 - timm.utils.checkpoint_saver: [    INFO] - Current checkpoints:
 ('./output/train/20240710-164625-vitsnn-32/checkpoint-111.pth.tar', 92.64000002441406)
 ('./output/train/20240710-164625-vitsnn-32/checkpoint-115.pth.tar', 92.34999998779297)

2024-07-10 17:40:52,310 -                train: [    INFO] - *** Best metric: 92.64000002441406 (epoch 111)
2024-07-10 17:40:52,672 -                train: [    INFO] - Train: 116 [   0/97 (  0%)]  Loss:  1.051268 (1.0513)  Time: 0.360s, 1420.81/s  (0.360s, 1420.81/s)  LR: 1.142e-03  Data: 0.090 (0.090)
2024-07-10 17:41:19,707 -                train: [    INFO] - Train: 116 [  96/97 (100%)]  Loss:  0.899309 (0.9753)  Time: 0.273s, 1876.15/s  (0.282s, 1813.03/s)  LR: 1.142e-03  Data: 0.000 (0.004)
2024-07-10 17:41:19,821 -                train: [    INFO] - Test: [   0/19]  Time: 0.111 (0.111)  Loss:  0.2534 (0.2534)  Acc@1: 91.9922 (91.9922)  Acc@5: 99.8047 (99.8047)
2024-07-10 17:41:20,534 -                train: [    INFO] - Test: [  19/19]  Time: 0.024 (0.041)  Loss:  0.3396 (0.2763)  Acc@1: 88.2353 (91.0200)  Acc@5: 99.6324 (99.6600)
2024-07-10 17:41:20,735 -                train: [    INFO] - *** Best metric: 92.64000002441406 (epoch 111)
2024-07-10 17:41:21,081 -                train: [    INFO] - Train: 117 [   0/97 (  0%)]  Loss:  0.712757 (0.7128)  Time: 0.345s, 1485.72/s  (0.345s, 1485.72/s)  LR: 1.138e-03  Data: 0.075 (0.075)
2024-07-10 17:41:47,793 -                train: [    INFO] - Train: 117 [  96/97 (100%)]  Loss:  0.729881 (0.7213)  Time: 0.272s, 1882.56/s  (0.279s, 1835.70/s)  LR: 1.138e-03  Data: 0.000 (0.004)
2024-07-10 17:41:47,909 -                train: [    INFO] - Test: [   0/19]  Time: 0.114 (0.114)  Loss:  0.2487 (0.2487)  Acc@1: 91.7969 (91.7969)  Acc@5: 99.8047 (99.8047)
2024-07-10 17:41:48,650 -                train: [    INFO] - Test: [  19/19]  Time: 0.028 (0.043)  Loss:  0.2896 (0.2648)  Acc@1: 89.7059 (91.5900)  Acc@5: 100.0000 (99.8200)
2024-07-10 17:41:48,822 -                train: [    INFO] - *** Best metric: 92.64000002441406 (epoch 111)
2024-07-10 17:41:49,163 -                train: [    INFO] - Train: 118 [   0/97 (  0%)]  Loss:  1.058710 (1.0587)  Time: 0.339s, 1510.39/s  (0.339s, 1510.39/s)  LR: 1.134e-03  Data: 0.069 (0.069)
2024-07-10 17:42:16,055 -                train: [    INFO] - Train: 118 [  96/97 (100%)]  Loss:  0.859115 (0.9589)  Time: 0.273s, 1878.24/s  (0.281s, 1823.99/s)  LR: 1.134e-03  Data: 0.000 (0.004)
2024-07-10 17:42:16,174 -                train: [    INFO] - Test: [   0/19]  Time: 0.117 (0.117)  Loss:  0.2487 (0.2487)  Acc@1: 92.1875 (92.1875)  Acc@5: 99.8047 (99.8047)
2024-07-10 17:42:16,897 -                train: [    INFO] - Test: [  19/19]  Time: 0.024 (0.042)  Loss:  0.3152 (0.2757)  Acc@1: 89.7059 (91.4600)  Acc@5: 100.0000 (99.6800)
2024-07-10 17:42:17,116 -                train: [    INFO] - *** Best metric: 92.64000002441406 (epoch 111)
2024-07-10 17:42:17,460 -                train: [    INFO] - Train: 119 [   0/97 (  0%)]  Loss:  0.913035 (0.9130)  Time: 0.343s, 1492.19/s  (0.343s, 1492.19/s)  LR: 1.129e-03  Data: 0.062 (0.062)
2024-07-10 17:42:44,185 -                train: [    INFO] - Train: 119 [  96/97 (100%)]  Loss:  0.875048 (0.8940)  Time: 0.271s, 1885.94/s  (0.279s, 1834.90/s)  LR: 1.129e-03  Data: 0.000 (0.004)
2024-07-10 17:42:44,306 -                train: [    INFO] - Test: [   0/19]  Time: 0.118 (0.118)  Loss:  0.2573 (0.2573)  Acc@1: 91.7969 (91.7969)  Acc@5: 99.6094 (99.6094)
2024-07-10 17:42:45,050 -                train: [    INFO] - Test: [  19/19]  Time: 0.040 (0.043)  Loss:  0.2756 (0.2733)  Acc@1: 90.0735 (91.4000)  Acc@5: 99.6324 (99.7500)
2024-07-10 17:42:45,274 -                train: [    INFO] - *** Best metric: 92.64000002441406 (epoch 111)
2024-07-10 17:42:45,612 -                train: [    INFO] - Train: 120 [   0/97 (  0%)]  Loss:  0.873109 (0.8731)  Time: 0.336s, 1521.99/s  (0.336s, 1521.99/s)  LR: 1.125e-03  Data: 0.066 (0.066)
2024-07-10 17:43:12,454 -                train: [    INFO] - Train: 120 [  96/97 (100%)]  Loss:  0.872784 (0.8729)  Time: 0.276s, 1858.27/s  (0.280s, 1827.49/s)  LR: 1.125e-03  Data: 0.000 (0.004)
2024-07-10 17:43:12,570 -                train: [    INFO] - Test: [   0/19]  Time: 0.115 (0.115)  Loss:  0.2345 (0.2345)  Acc@1: 92.1875 (92.1875)  Acc@5: 99.8047 (99.8047)
2024-07-10 17:43:13,339 -                train: [    INFO] - Test: [  19/19]  Time: 0.036 (0.044)  Loss:  0.2961 (0.2636)  Acc@1: 90.4412 (91.6700)  Acc@5: 100.0000 (99.7500)
2024-07-10 17:43:13,506 -                train: [    INFO] - *** Best metric: 92.64000002441406 (epoch 111)
2024-07-10 17:43:13,847 -                train: [    INFO] - Train: 121 [   0/97 (  0%)]  Loss:  0.784299 (0.7843)  Time: 0.340s, 1506.14/s  (0.340s, 1506.14/s)  LR: 1.120e-03  Data: 0.067 (0.067)
2024-07-10 17:43:40,782 -                train: [    INFO] - Train: 121 [  96/97 (100%)]  Loss:  0.904226 (0.8443)  Time: 0.272s, 1881.79/s  (0.281s, 1821.03/s)  LR: 1.120e-03  Data: 0.000 (0.004)
2024-07-10 17:43:40,899 -                train: [    INFO] - Test: [   0/19]  Time: 0.116 (0.116)  Loss:  0.2352 (0.2352)  Acc@1: 93.1641 (93.1641)  Acc@5: 99.8047 (99.8047)
2024-07-10 17:43:41,638 -                train: [    INFO] - Test: [  19/19]  Time: 0.027 (0.043)  Loss:  0.3369 (0.2723)  Acc@1: 88.6029 (91.1900)  Acc@5: 100.0000 (99.6800)
2024-07-10 17:43:41,812 -                train: [    INFO] - *** Best metric: 92.64000002441406 (epoch 111)
2024-07-10 17:43:42,160 -                train: [    INFO] - Train: 122 [   0/97 (  0%)]  Loss:  1.040637 (1.0406)  Time: 0.346s, 1481.83/s  (0.346s, 1481.83/s)  LR: 1.116e-03  Data: 0.068 (0.068)
2024-07-10 17:44:08,967 -                train: [    INFO] - Train: 122 [  96/97 (100%)]  Loss:  1.064057 (1.0523)  Time: 0.274s, 1870.73/s  (0.280s, 1829.20/s)  LR: 1.116e-03  Data: 0.000 (0.004)
2024-07-10 17:44:09,078 -                train: [    INFO] - Test: [   0/19]  Time: 0.108 (0.108)  Loss:  0.2086 (0.2086)  Acc@1: 94.3359 (94.3359)  Acc@5: 99.8047 (99.8047)
2024-07-10 17:44:09,833 -                train: [    INFO] - Test: [  19/19]  Time: 0.034 (0.043)  Loss:  0.2878 (0.2493)  Acc@1: 88.6029 (91.9700)  Acc@5: 100.0000 (99.7800)
2024-07-10 17:44:10,019 -                train: [    INFO] - *** Best metric: 92.64000002441406 (epoch 111)
2024-07-10 17:44:10,365 -                train: [    INFO] - Train: 123 [   0/97 (  0%)]  Loss:  0.897135 (0.8971)  Time: 0.344s, 1486.58/s  (0.344s, 1486.58/s)  LR: 1.111e-03  Data: 0.074 (0.074)
2024-07-10 17:44:37,166 -                train: [    INFO] - Train: 123 [  96/97 (100%)]  Loss:  0.677708 (0.7874)  Time: 0.272s, 1885.19/s  (0.280s, 1829.69/s)  LR: 1.111e-03  Data: 0.000 (0.004)
2024-07-10 17:44:37,276 -                train: [    INFO] - Test: [   0/19]  Time: 0.108 (0.108)  Loss:  0.2340 (0.2340)  Acc@1: 93.5547 (93.5547)  Acc@5: 99.8047 (99.8047)
2024-07-10 17:44:38,013 -                train: [    INFO] - Test: [  19/19]  Time: 0.034 (0.042)  Loss:  0.2744 (0.2457)  Acc@1: 90.0735 (92.5400)  Acc@5: 100.0000 (99.8300)
2024-07-10 17:44:38,202 - timm.utils.checkpoint_saver: [    INFO] - Current checkpoints:
 ('./output/train/20240710-164625-vitsnn-32/checkpoint-111.pth.tar', 92.64000002441406)
 ('./output/train/20240710-164625-vitsnn-32/checkpoint-123.pth.tar', 92.54000007324218)

2024-07-10 17:44:38,202 -                train: [    INFO] - *** Best metric: 92.64000002441406 (epoch 111)
2024-07-10 17:44:38,562 -                train: [    INFO] - Train: 124 [   0/97 (  0%)]  Loss:  1.120893 (1.1209)  Time: 0.359s, 1427.98/s  (0.359s, 1427.98/s)  LR: 1.107e-03  Data: 0.089 (0.089)
2024-07-10 17:45:05,255 -                train: [    INFO] - Train: 124 [  96/97 (100%)]  Loss:  1.019657 (1.0703)  Time: 0.272s, 1885.44/s  (0.279s, 1836.04/s)  LR: 1.107e-03  Data: 0.000 (0.004)
2024-07-10 17:45:05,365 -                train: [    INFO] - Test: [   0/19]  Time: 0.109 (0.109)  Loss:  0.2329 (0.2329)  Acc@1: 92.7734 (92.7734)  Acc@5: 99.8047 (99.8047)
2024-07-10 17:45:06,108 -                train: [    INFO] - Test: [  19/19]  Time: 0.028 (0.043)  Loss:  0.2698 (0.2507)  Acc@1: 91.5441 (92.1500)  Acc@5: 99.6324 (99.7800)
2024-07-10 17:45:06,266 -                train: [    INFO] - *** Best metric: 92.64000002441406 (epoch 111)
2024-07-10 17:45:06,615 -                train: [    INFO] - Train: 125 [   0/97 (  0%)]  Loss:  1.076233 (1.0762)  Time: 0.347s, 1475.09/s  (0.347s, 1475.09/s)  LR: 1.102e-03  Data: 0.070 (0.070)
2024-07-10 17:45:33,427 -                train: [    INFO] - Train: 125 [  96/97 (100%)]  Loss:  0.616959 (0.8466)  Time: 0.275s, 1860.61/s  (0.280s, 1828.80/s)  LR: 1.102e-03  Data: 0.000 (0.004)
2024-07-10 17:45:33,538 -                train: [    INFO] - Test: [   0/19]  Time: 0.110 (0.110)  Loss:  0.2632 (0.2632)  Acc@1: 92.1875 (92.1875)  Acc@5: 99.6094 (99.6094)
2024-07-10 17:45:34,286 -                train: [    INFO] - Test: [  19/19]  Time: 0.027 (0.043)  Loss:  0.2695 (0.2539)  Acc@1: 90.8088 (92.0200)  Acc@5: 100.0000 (99.7600)
2024-07-10 17:45:34,458 -                train: [    INFO] - *** Best metric: 92.64000002441406 (epoch 111)
2024-07-10 17:45:34,808 -                train: [    INFO] - Train: 126 [   0/97 (  0%)]  Loss:  0.784896 (0.7849)  Time: 0.349s, 1468.36/s  (0.349s, 1468.36/s)  LR: 1.098e-03  Data: 0.070 (0.070)
2024-07-10 17:46:01,794 -                train: [    INFO] - Train: 126 [  96/97 (100%)]  Loss:  0.674755 (0.7298)  Time: 0.272s, 1884.92/s  (0.282s, 1817.01/s)  LR: 1.098e-03  Data: 0.000 (0.004)
2024-07-10 17:46:01,900 -                train: [    INFO] - Test: [   0/19]  Time: 0.104 (0.104)  Loss:  0.3350 (0.3350)  Acc@1: 88.8672 (88.8672)  Acc@5: 99.6094 (99.6094)
2024-07-10 17:46:02,648 -                train: [    INFO] - Test: [  19/19]  Time: 0.028 (0.043)  Loss:  0.2932 (0.2751)  Acc@1: 90.8088 (91.1400)  Acc@5: 99.6324 (99.7600)
2024-07-10 17:46:02,817 -                train: [    INFO] - *** Best metric: 92.64000002441406 (epoch 111)
2024-07-10 17:46:03,149 -                train: [    INFO] - Train: 127 [   0/97 (  0%)]  Loss:  1.023389 (1.0234)  Time: 0.331s, 1544.67/s  (0.331s, 1544.67/s)  LR: 1.093e-03  Data: 0.061 (0.061)
2024-07-10 17:46:29,949 -                train: [    INFO] - Train: 127 [  96/97 (100%)]  Loss:  0.898375 (0.9609)  Time: 0.272s, 1885.09/s  (0.280s, 1830.62/s)  LR: 1.093e-03  Data: 0.000 (0.004)
2024-07-10 17:46:30,062 -                train: [    INFO] - Test: [   0/19]  Time: 0.110 (0.110)  Loss:  0.2629 (0.2629)  Acc@1: 91.0156 (91.0156)  Acc@5: 99.6094 (99.6094)
2024-07-10 17:46:30,808 -                train: [    INFO] - Test: [  19/19]  Time: 0.027 (0.043)  Loss:  0.2651 (0.2465)  Acc@1: 92.2794 (92.0700)  Acc@5: 100.0000 (99.7800)
2024-07-10 17:46:31,051 -                train: [    INFO] - *** Best metric: 92.64000002441406 (epoch 111)
2024-07-10 17:46:31,403 -                train: [    INFO] - Train: 128 [   0/97 (  0%)]  Loss:  1.012169 (1.0122)  Time: 0.348s, 1473.11/s  (0.348s, 1473.11/s)  LR: 1.088e-03  Data: 0.073 (0.073)
2024-07-10 17:46:58,136 -                train: [    INFO] - Train: 128 [  96/97 (100%)]  Loss:  1.166935 (1.0896)  Time: 0.271s, 1885.84/s  (0.279s, 1834.07/s)  LR: 1.088e-03  Data: 0.000 (0.004)
2024-07-10 17:46:58,256 -                train: [    INFO] - Test: [   0/19]  Time: 0.118 (0.118)  Loss:  0.2668 (0.2668)  Acc@1: 91.7969 (91.7969)  Acc@5: 99.6094 (99.6094)
2024-07-10 17:46:58,994 -                train: [    INFO] - Test: [  19/19]  Time: 0.028 (0.043)  Loss:  0.3044 (0.2620)  Acc@1: 90.4412 (91.8000)  Acc@5: 100.0000 (99.8000)
2024-07-10 17:46:59,199 -                train: [    INFO] - *** Best metric: 92.64000002441406 (epoch 111)
2024-07-10 17:46:59,547 -                train: [    INFO] - Train: 129 [   0/97 (  0%)]  Loss:  0.652613 (0.6526)  Time: 0.347s, 1477.12/s  (0.347s, 1477.12/s)  LR: 1.084e-03  Data: 0.064 (0.064)
2024-07-10 17:47:26,113 -                train: [    INFO] - Train: 129 [  96/97 (100%)]  Loss:  0.943767 (0.7982)  Time: 0.272s, 1885.03/s  (0.277s, 1845.46/s)  LR: 1.084e-03  Data: 0.000 (0.004)
2024-07-10 17:47:26,222 -                train: [    INFO] - Test: [   0/19]  Time: 0.107 (0.107)  Loss:  0.2600 (0.2600)  Acc@1: 92.7734 (92.7734)  Acc@5: 99.8047 (99.8047)
2024-07-10 17:47:26,962 -                train: [    INFO] - Test: [  19/19]  Time: 0.027 (0.042)  Loss:  0.2627 (0.2483)  Acc@1: 89.7059 (92.1100)  Acc@5: 100.0000 (99.7800)
2024-07-10 17:47:27,184 -                train: [    INFO] - *** Best metric: 92.64000002441406 (epoch 111)
2024-07-10 17:47:27,557 -                train: [    INFO] - Train: 130 [   0/97 (  0%)]  Loss:  0.706189 (0.7062)  Time: 0.372s, 1377.82/s  (0.372s, 1377.82/s)  LR: 1.079e-03  Data: 0.101 (0.101)
2024-07-10 17:47:54,214 -                train: [    INFO] - Train: 130 [  96/97 (100%)]  Loss:  1.013442 (0.8598)  Time: 0.273s, 1873.48/s  (0.279s, 1837.64/s)  LR: 1.079e-03  Data: 0.000 (0.004)
2024-07-10 17:47:54,327 -                train: [    INFO] - Test: [   0/19]  Time: 0.111 (0.111)  Loss:  0.2634 (0.2634)  Acc@1: 91.2109 (91.2109)  Acc@5: 99.6094 (99.6094)
2024-07-10 17:47:55,081 -                train: [    INFO] - Test: [  19/19]  Time: 0.030 (0.043)  Loss:  0.2661 (0.2635)  Acc@1: 90.4412 (91.5900)  Acc@5: 100.0000 (99.7400)
2024-07-10 17:47:55,292 -                train: [    INFO] - *** Best metric: 92.64000002441406 (epoch 111)
2024-07-10 17:47:55,637 -                train: [    INFO] - Train: 131 [   0/97 (  0%)]  Loss:  1.102608 (1.1026)  Time: 0.344s, 1489.81/s  (0.344s, 1489.81/s)  LR: 1.074e-03  Data: 0.073 (0.073)
2024-07-10 17:48:22,463 -                train: [    INFO] - Train: 131 [  96/97 (100%)]  Loss:  0.830855 (0.9667)  Time: 0.272s, 1885.79/s  (0.280s, 1828.00/s)  LR: 1.074e-03  Data: 0.000 (0.004)
2024-07-10 17:48:22,573 -                train: [    INFO] - Test: [   0/19]  Time: 0.108 (0.108)  Loss:  0.2422 (0.2422)  Acc@1: 92.5781 (92.5781)  Acc@5: 99.8047 (99.8047)
2024-07-10 17:48:23,329 -                train: [    INFO] - Test: [  19/19]  Time: 0.039 (0.043)  Loss:  0.2561 (0.2568)  Acc@1: 91.5441 (91.8800)  Acc@5: 98.8971 (99.6200)
2024-07-10 17:48:23,552 -                train: [    INFO] - *** Best metric: 92.64000002441406 (epoch 111)
2024-07-10 17:48:23,907 -                train: [    INFO] - Train: 132 [   0/97 (  0%)]  Loss:  1.061241 (1.0612)  Time: 0.353s, 1449.88/s  (0.353s, 1449.88/s)  LR: 1.070e-03  Data: 0.082 (0.082)
2024-07-10 17:48:50,578 -                train: [    INFO] - Train: 132 [  96/97 (100%)]  Loss:  0.972495 (1.0169)  Time: 0.272s, 1880.95/s  (0.279s, 1837.84/s)  LR: 1.070e-03  Data: 0.000 (0.004)
2024-07-10 17:48:50,685 -                train: [    INFO] - Test: [   0/19]  Time: 0.105 (0.105)  Loss:  0.2443 (0.2443)  Acc@1: 91.9922 (91.9922)  Acc@5: 99.6094 (99.6094)
2024-07-10 17:48:51,436 -                train: [    INFO] - Test: [  19/19]  Time: 0.028 (0.043)  Loss:  0.2947 (0.2594)  Acc@1: 90.0735 (91.9600)  Acc@5: 99.6324 (99.6700)
2024-07-10 17:48:51,610 -                train: [    INFO] - *** Best metric: 92.64000002441406 (epoch 111)
2024-07-10 17:48:51,966 -                train: [    INFO] - Train: 133 [   0/97 (  0%)]  Loss:  0.907419 (0.9074)  Time: 0.354s, 1446.12/s  (0.354s, 1446.12/s)  LR: 1.065e-03  Data: 0.074 (0.074)
2024-07-10 17:49:18,677 -                train: [    INFO] - Train: 133 [  96/97 (100%)]  Loss:  0.778309 (0.8429)  Time: 0.272s, 1882.17/s  (0.279s, 1835.10/s)  LR: 1.065e-03  Data: 0.000 (0.004)
2024-07-10 17:49:18,793 -                train: [    INFO] - Test: [   0/19]  Time: 0.115 (0.115)  Loss:  0.2397 (0.2397)  Acc@1: 92.5781 (92.5781)  Acc@5: 99.8047 (99.8047)
2024-07-10 17:49:19,521 -                train: [    INFO] - Test: [  19/19]  Time: 0.024 (0.042)  Loss:  0.2837 (0.2522)  Acc@1: 91.1765 (92.3500)  Acc@5: 99.2647 (99.7200)
2024-07-10 17:49:19,758 -                train: [    INFO] - *** Best metric: 92.64000002441406 (epoch 111)
2024-07-10 17:49:20,102 -                train: [    INFO] - Train: 134 [   0/97 (  0%)]  Loss:  1.031822 (1.0318)  Time: 0.342s, 1495.57/s  (0.342s, 1495.57/s)  LR: 1.060e-03  Data: 0.065 (0.065)
2024-07-10 17:49:46,877 -                train: [    INFO] - Train: 134 [  96/97 (100%)]  Loss:  0.843917 (0.9379)  Time: 0.272s, 1882.05/s  (0.280s, 1831.58/s)  LR: 1.060e-03  Data: 0.000 (0.004)
2024-07-10 17:49:46,994 -                train: [    INFO] - Test: [   0/19]  Time: 0.116 (0.116)  Loss:  0.2274 (0.2274)  Acc@1: 93.7500 (93.7500)  Acc@5: 99.6094 (99.6094)
2024-07-10 17:49:47,722 -                train: [    INFO] - Test: [  19/19]  Time: 0.024 (0.042)  Loss:  0.2896 (0.2437)  Acc@1: 91.1765 (92.7200)  Acc@5: 99.6324 (99.8100)
2024-07-10 17:49:47,952 - timm.utils.checkpoint_saver: [    INFO] - Current checkpoints:
 ('./output/train/20240710-164625-vitsnn-32/checkpoint-134.pth.tar', 92.72000013427734)
 ('./output/train/20240710-164625-vitsnn-32/checkpoint-111.pth.tar', 92.64000002441406)

2024-07-10 17:49:47,952 -                train: [    INFO] - *** Best metric: 92.72000013427734 (epoch 134)
2024-07-10 17:49:48,321 -                train: [    INFO] - Train: 135 [   0/97 (  0%)]  Loss:  0.768917 (0.7689)  Time: 0.368s, 1391.23/s  (0.368s, 1391.23/s)  LR: 1.055e-03  Data: 0.098 (0.098)
2024-07-10 17:50:14,945 -                train: [    INFO] - Train: 135 [  96/97 (100%)]  Loss:  0.639796 (0.7044)  Time: 0.272s, 1881.81/s  (0.278s, 1840.09/s)  LR: 1.055e-03  Data: 0.000 (0.004)
2024-07-10 17:50:15,042 -                train: [    INFO] - Test: [   0/19]  Time: 0.095 (0.095)  Loss:  0.2296 (0.2296)  Acc@1: 92.3828 (92.3828)  Acc@5: 99.8047 (99.8047)
2024-07-10 17:50:15,794 -                train: [    INFO] - Test: [  19/19]  Time: 0.035 (0.042)  Loss:  0.2407 (0.2443)  Acc@1: 92.6471 (92.4700)  Acc@5: 100.0000 (99.8000)
2024-07-10 17:50:16,021 -                train: [    INFO] - *** Best metric: 92.72000013427734 (epoch 134)
2024-07-10 17:50:16,355 -                train: [    INFO] - Train: 136 [   0/97 (  0%)]  Loss:  0.833954 (0.8340)  Time: 0.332s, 1543.87/s  (0.332s, 1543.87/s)  LR: 1.050e-03  Data: 0.062 (0.062)
2024-07-10 17:50:43,324 -                train: [    INFO] - Train: 136 [  96/97 (100%)]  Loss:  0.834183 (0.8341)  Time: 0.272s, 1884.11/s  (0.281s, 1819.25/s)  LR: 1.050e-03  Data: 0.000 (0.004)
2024-07-10 17:50:43,438 -                train: [    INFO] - Test: [   0/19]  Time: 0.112 (0.112)  Loss:  0.2239 (0.2239)  Acc@1: 92.5781 (92.5781)  Acc@5: 99.6094 (99.6094)
2024-07-10 17:50:44,177 -                train: [    INFO] - Test: [  19/19]  Time: 0.027 (0.043)  Loss:  0.2834 (0.2480)  Acc@1: 90.0735 (92.0100)  Acc@5: 99.6324 (99.7500)
2024-07-10 17:50:44,388 -                train: [    INFO] - *** Best metric: 92.72000013427734 (epoch 134)
2024-07-10 17:50:44,738 -                train: [    INFO] - Train: 137 [   0/97 (  0%)]  Loss:  0.936725 (0.9367)  Time: 0.348s, 1469.31/s  (0.348s, 1469.31/s)  LR: 1.046e-03  Data: 0.074 (0.074)
2024-07-10 17:51:11,530 -                train: [    INFO] - Train: 137 [  96/97 (100%)]  Loss:  0.749978 (0.8434)  Time: 0.272s, 1882.39/s  (0.280s, 1830.01/s)  LR: 1.046e-03  Data: 0.000 (0.004)
2024-07-10 17:51:11,639 -                train: [    INFO] - Test: [   0/19]  Time: 0.108 (0.108)  Loss:  0.2493 (0.2493)  Acc@1: 91.6016 (91.6016)  Acc@5: 99.6094 (99.6094)
2024-07-10 17:51:12,386 -                train: [    INFO] - Test: [  19/19]  Time: 0.028 (0.043)  Loss:  0.2812 (0.2542)  Acc@1: 90.4412 (91.6600)  Acc@5: 100.0000 (99.7800)
2024-07-10 17:51:12,573 -                train: [    INFO] - *** Best metric: 92.72000013427734 (epoch 134)
2024-07-10 17:51:12,913 -                train: [    INFO] - Train: 138 [   0/97 (  0%)]  Loss:  0.875839 (0.8758)  Time: 0.339s, 1512.54/s  (0.339s, 1512.54/s)  LR: 1.041e-03  Data: 0.068 (0.068)
2024-07-10 17:51:39,640 -                train: [    INFO] - Train: 138 [  96/97 (100%)]  Loss:  1.258268 (1.0671)  Time: 0.272s, 1880.68/s  (0.279s, 1835.08/s)  LR: 1.041e-03  Data: 0.000 (0.004)
2024-07-10 17:51:39,756 -                train: [    INFO] - Test: [   0/19]  Time: 0.114 (0.114)  Loss:  0.2446 (0.2446)  Acc@1: 92.7734 (92.7734)  Acc@5: 99.8047 (99.8047)
2024-07-10 17:51:40,515 -                train: [    INFO] - Test: [  19/19]  Time: 0.038 (0.044)  Loss:  0.2646 (0.2494)  Acc@1: 91.5441 (92.2300)  Acc@5: 100.0000 (99.7700)
2024-07-10 17:51:40,735 -                train: [    INFO] - *** Best metric: 92.72000013427734 (epoch 134)
2024-07-10 17:51:41,074 -                train: [    INFO] - Train: 139 [   0/97 (  0%)]  Loss:  1.001291 (1.0013)  Time: 0.338s, 1515.63/s  (0.338s, 1515.63/s)  LR: 1.036e-03  Data: 0.067 (0.067)
2024-07-10 17:52:07,936 -                train: [    INFO] - Train: 139 [  96/97 (100%)]  Loss:  0.881044 (0.9412)  Time: 0.273s, 1874.88/s  (0.280s, 1826.07/s)  LR: 1.036e-03  Data: 0.000 (0.004)
2024-07-10 17:52:08,062 -                train: [    INFO] - Test: [   0/19]  Time: 0.124 (0.124)  Loss:  0.2273 (0.2273)  Acc@1: 92.3828 (92.3828)  Acc@5: 99.6094 (99.6094)
2024-07-10 17:52:08,790 -                train: [    INFO] - Test: [  19/19]  Time: 0.027 (0.043)  Loss:  0.2747 (0.2460)  Acc@1: 90.4412 (92.2500)  Acc@5: 100.0000 (99.7300)
2024-07-10 17:52:09,012 -                train: [    INFO] - *** Best metric: 92.72000013427734 (epoch 134)
2024-07-10 17:52:09,362 -                train: [    INFO] - Train: 140 [   0/97 (  0%)]  Loss:  0.788808 (0.7888)  Time: 0.349s, 1468.13/s  (0.349s, 1468.13/s)  LR: 1.031e-03  Data: 0.079 (0.079)
2024-07-10 17:52:36,012 -                train: [    INFO] - Train: 140 [  96/97 (100%)]  Loss:  0.606464 (0.6976)  Time: 0.271s, 1886.68/s  (0.278s, 1839.64/s)  LR: 1.031e-03  Data: 0.000 (0.004)
2024-07-10 17:52:36,122 -                train: [    INFO] - Test: [   0/19]  Time: 0.108 (0.108)  Loss:  0.2484 (0.2484)  Acc@1: 92.5781 (92.5781)  Acc@5: 99.6094 (99.6094)
2024-07-10 17:52:36,845 -                train: [    INFO] - Test: [  19/19]  Time: 0.027 (0.042)  Loss:  0.2537 (0.2350)  Acc@1: 91.9118 (92.3000)  Acc@5: 100.0000 (99.7600)
2024-07-10 17:52:37,065 -                train: [    INFO] - *** Best metric: 92.72000013427734 (epoch 134)
2024-07-10 17:52:37,404 -                train: [    INFO] - Train: 141 [   0/97 (  0%)]  Loss:  1.082185 (1.0822)  Time: 0.337s, 1517.64/s  (0.337s, 1517.64/s)  LR: 1.026e-03  Data: 0.065 (0.065)
2024-07-10 17:53:04,261 -                train: [    INFO] - Train: 141 [  96/97 (100%)]  Loss:  0.855698 (0.9689)  Time: 0.272s, 1883.31/s  (0.280s, 1826.39/s)  LR: 1.026e-03  Data: 0.000 (0.004)
2024-07-10 17:53:04,373 -                train: [    INFO] - Test: [   0/19]  Time: 0.110 (0.110)  Loss:  0.2257 (0.2257)  Acc@1: 92.3828 (92.3828)  Acc@5: 99.8047 (99.8047)
2024-07-10 17:53:05,110 -                train: [    INFO] - Test: [  19/19]  Time: 0.027 (0.042)  Loss:  0.2264 (0.2353)  Acc@1: 91.9118 (92.6100)  Acc@5: 100.0000 (99.7800)
2024-07-10 17:53:05,314 -                train: [    INFO] - *** Best metric: 92.72000013427734 (epoch 134)
2024-07-10 17:53:05,648 -                train: [    INFO] - Train: 142 [   0/97 (  0%)]  Loss:  0.908853 (0.9089)  Time: 0.332s, 1541.96/s  (0.332s, 1541.96/s)  LR: 1.021e-03  Data: 0.061 (0.061)
2024-07-10 17:53:32,383 -                train: [    INFO] - Train: 142 [  96/97 (100%)]  Loss:  0.642927 (0.7759)  Time: 0.272s, 1884.33/s  (0.279s, 1835.02/s)  LR: 1.021e-03  Data: 0.000 (0.004)
2024-07-10 17:53:32,500 -                train: [    INFO] - Test: [   0/19]  Time: 0.116 (0.116)  Loss:  0.2126 (0.2126)  Acc@1: 93.5547 (93.5547)  Acc@5: 99.8047 (99.8047)
2024-07-10 17:53:33,235 -                train: [    INFO] - Test: [  19/19]  Time: 0.028 (0.043)  Loss:  0.2126 (0.2222)  Acc@1: 93.0147 (92.9300)  Acc@5: 100.0000 (99.8600)
2024-07-10 17:53:33,410 - timm.utils.checkpoint_saver: [    INFO] - Current checkpoints:
 ('./output/train/20240710-164625-vitsnn-32/checkpoint-142.pth.tar', 92.92999989013671)
 ('./output/train/20240710-164625-vitsnn-32/checkpoint-134.pth.tar', 92.72000013427734)

2024-07-10 17:53:33,411 -                train: [    INFO] - *** Best metric: 92.92999989013671 (epoch 142)
2024-07-10 17:53:33,759 -                train: [    INFO] - Train: 143 [   0/97 (  0%)]  Loss:  1.007404 (1.0074)  Time: 0.346s, 1480.51/s  (0.346s, 1480.51/s)  LR: 1.016e-03  Data: 0.076 (0.076)
2024-07-10 17:54:00,514 -                train: [    INFO] - Train: 143 [  96/97 (100%)]  Loss:  0.959997 (0.9837)  Time: 0.275s, 1863.16/s  (0.279s, 1832.69/s)  LR: 1.016e-03  Data: 0.000 (0.004)
2024-07-10 17:54:00,628 -                train: [    INFO] - Test: [   0/19]  Time: 0.113 (0.113)  Loss:  0.2115 (0.2115)  Acc@1: 93.1641 (93.1641)  Acc@5: 100.0000 (100.0000)
2024-07-10 17:54:01,364 -                train: [    INFO] - Test: [  19/19]  Time: 0.027 (0.042)  Loss:  0.2223 (0.2361)  Acc@1: 92.6471 (92.7400)  Acc@5: 100.0000 (99.7500)
2024-07-10 17:54:01,552 - timm.utils.checkpoint_saver: [    INFO] - Current checkpoints:
 ('./output/train/20240710-164625-vitsnn-32/checkpoint-142.pth.tar', 92.92999989013671)
 ('./output/train/20240710-164625-vitsnn-32/checkpoint-143.pth.tar', 92.73999993896484)

2024-07-10 17:54:01,552 -                train: [    INFO] - *** Best metric: 92.92999989013671 (epoch 142)
2024-07-10 17:54:01,895 -                train: [    INFO] - Train: 144 [   0/97 (  0%)]  Loss:  0.679321 (0.6793)  Time: 0.342s, 1496.31/s  (0.342s, 1496.31/s)  LR: 1.011e-03  Data: 0.070 (0.070)
2024-07-10 17:54:28,509 -                train: [    INFO] - Train: 144 [  96/97 (100%)]  Loss:  0.973785 (0.8266)  Time: 0.272s, 1883.09/s  (0.278s, 1842.51/s)  LR: 1.011e-03  Data: 0.000 (0.004)
2024-07-10 17:54:28,622 -                train: [    INFO] - Test: [   0/19]  Time: 0.112 (0.112)  Loss:  0.2435 (0.2435)  Acc@1: 91.7969 (91.7969)  Acc@5: 99.8047 (99.8047)
2024-07-10 17:54:29,342 -                train: [    INFO] - Test: [  19/19]  Time: 0.024 (0.042)  Loss:  0.2446 (0.2562)  Acc@1: 91.9118 (91.9200)  Acc@5: 100.0000 (99.6900)
2024-07-10 17:54:29,496 -                train: [    INFO] - *** Best metric: 92.92999989013671 (epoch 142)
2024-07-10 17:54:29,861 -                train: [    INFO] - Train: 145 [   0/97 (  0%)]  Loss:  0.592725 (0.5927)  Time: 0.363s, 1409.13/s  (0.363s, 1409.13/s)  LR: 1.006e-03  Data: 0.092 (0.092)
2024-07-10 17:54:56,506 -                train: [    INFO] - Train: 145 [  96/97 (100%)]  Loss:  0.893389 (0.7431)  Time: 0.272s, 1883.32/s  (0.278s, 1838.96/s)  LR: 1.006e-03  Data: 0.000 (0.004)
2024-07-10 17:54:56,618 -                train: [    INFO] - Test: [   0/19]  Time: 0.111 (0.111)  Loss:  0.2395 (0.2395)  Acc@1: 92.5781 (92.5781)  Acc@5: 99.8047 (99.8047)
2024-07-10 17:54:57,352 -                train: [    INFO] - Test: [  19/19]  Time: 0.023 (0.042)  Loss:  0.2849 (0.2534)  Acc@1: 90.8088 (91.9200)  Acc@5: 100.0000 (99.7300)
2024-07-10 17:54:57,517 -                train: [    INFO] - *** Best metric: 92.92999989013671 (epoch 142)
2024-07-10 17:54:57,895 -                train: [    INFO] - Train: 146 [   0/97 (  0%)]  Loss:  0.595782 (0.5958)  Time: 0.375s, 1366.32/s  (0.375s, 1366.32/s)  LR: 1.001e-03  Data: 0.088 (0.088)
2024-07-10 17:55:24,994 -                train: [    INFO] - Train: 146 [  96/97 (100%)]  Loss:  0.633746 (0.6148)  Time: 0.274s, 1868.60/s  (0.283s, 1807.82/s)  LR: 1.001e-03  Data: 0.000 (0.004)
2024-07-10 17:55:25,107 -                train: [    INFO] - Test: [   0/19]  Time: 0.111 (0.111)  Loss:  0.2222 (0.2222)  Acc@1: 92.9688 (92.9688)  Acc@5: 99.8047 (99.8047)
2024-07-10 17:55:25,864 -                train: [    INFO] - Test: [  19/19]  Time: 0.042 (0.043)  Loss:  0.2593 (0.2394)  Acc@1: 91.9118 (92.8000)  Acc@5: 99.6324 (99.7700)
2024-07-10 17:55:26,095 - timm.utils.checkpoint_saver: [    INFO] - Current checkpoints:
 ('./output/train/20240710-164625-vitsnn-32/checkpoint-142.pth.tar', 92.92999989013671)
 ('./output/train/20240710-164625-vitsnn-32/checkpoint-146.pth.tar', 92.8000000366211)

2024-07-10 17:55:26,095 -                train: [    INFO] - *** Best metric: 92.92999989013671 (epoch 142)
2024-07-10 17:55:26,431 -                train: [    INFO] - Train: 147 [   0/97 (  0%)]  Loss:  1.099265 (1.0993)  Time: 0.335s, 1530.01/s  (0.335s, 1530.01/s)  LR: 9.960e-04  Data: 0.065 (0.065)
2024-07-10 17:55:53,035 -                train: [    INFO] - Train: 147 [  96/97 (100%)]  Loss:  0.603546 (0.8514)  Time: 0.271s, 1889.23/s  (0.278s, 1843.73/s)  LR: 9.960e-04  Data: 0.000 (0.004)
2024-07-10 17:55:53,150 -                train: [    INFO] - Test: [   0/19]  Time: 0.113 (0.113)  Loss:  0.2208 (0.2208)  Acc@1: 92.5781 (92.5781)  Acc@5: 99.8047 (99.8047)
2024-07-10 17:55:53,900 -                train: [    INFO] - Test: [  19/19]  Time: 0.027 (0.043)  Loss:  0.2317 (0.2251)  Acc@1: 93.3823 (93.0100)  Acc@5: 100.0000 (99.7300)
2024-07-10 17:55:54,102 - timm.utils.checkpoint_saver: [    INFO] - Current checkpoints:
 ('./output/train/20240710-164625-vitsnn-32/checkpoint-147.pth.tar', 93.0099998413086)
 ('./output/train/20240710-164625-vitsnn-32/checkpoint-142.pth.tar', 92.92999989013671)

2024-07-10 17:55:54,102 -                train: [    INFO] - *** Best metric: 93.0099998413086 (epoch 147)
2024-07-10 17:55:54,450 -                train: [    INFO] - Train: 148 [   0/97 (  0%)]  Loss:  0.938898 (0.9389)  Time: 0.346s, 1477.75/s  (0.346s, 1477.75/s)  LR: 9.909e-04  Data: 0.076 (0.076)
2024-07-10 17:56:21,175 -                train: [    INFO] - Train: 148 [  96/97 (100%)]  Loss:  1.228503 (1.0837)  Time: 0.272s, 1885.30/s  (0.279s, 1834.71/s)  LR: 9.909e-04  Data: 0.000 (0.004)
2024-07-10 17:56:21,287 -                train: [    INFO] - Test: [   0/19]  Time: 0.111 (0.111)  Loss:  0.2202 (0.2202)  Acc@1: 93.5547 (93.5547)  Acc@5: 99.8047 (99.8047)
2024-07-10 17:56:22,032 -                train: [    INFO] - Test: [  19/19]  Time: 0.027 (0.043)  Loss:  0.2479 (0.2397)  Acc@1: 90.4412 (92.7200)  Acc@5: 100.0000 (99.8300)
2024-07-10 17:56:22,191 -                train: [    INFO] - *** Best metric: 93.0099998413086 (epoch 147)
2024-07-10 17:56:22,534 -                train: [    INFO] - Train: 149 [   0/97 (  0%)]  Loss:  0.722675 (0.7227)  Time: 0.341s, 1502.69/s  (0.341s, 1502.69/s)  LR: 9.859e-04  Data: 0.070 (0.070)
2024-07-10 17:56:49,195 -                train: [    INFO] - Train: 149 [  96/97 (100%)]  Loss:  0.869936 (0.7963)  Time: 0.271s, 1887.08/s  (0.278s, 1839.43/s)  LR: 9.859e-04  Data: 0.000 (0.004)
2024-07-10 17:56:49,304 -                train: [    INFO] - Test: [   0/19]  Time: 0.108 (0.108)  Loss:  0.2542 (0.2542)  Acc@1: 91.7969 (91.7969)  Acc@5: 99.6094 (99.6094)
2024-07-10 17:56:50,069 -                train: [    INFO] - Test: [  19/19]  Time: 0.042 (0.044)  Loss:  0.2156 (0.2455)  Acc@1: 93.3823 (92.3000)  Acc@5: 100.0000 (99.7400)
2024-07-10 17:56:50,293 -                train: [    INFO] - *** Best metric: 93.0099998413086 (epoch 147)
2024-07-10 17:56:50,632 -                train: [    INFO] - Train: 150 [   0/97 (  0%)]  Loss:  0.883783 (0.8838)  Time: 0.338s, 1516.29/s  (0.338s, 1516.29/s)  LR: 9.808e-04  Data: 0.067 (0.067)
2024-07-10 17:57:17,277 -                train: [    INFO] - Train: 150 [  96/97 (100%)]  Loss:  0.766464 (0.8251)  Time: 0.271s, 1887.91/s  (0.278s, 1840.74/s)  LR: 9.808e-04  Data: 0.000 (0.004)
2024-07-10 17:57:17,386 -                train: [    INFO] - Test: [   0/19]  Time: 0.108 (0.108)  Loss:  0.2292 (0.2292)  Acc@1: 93.1641 (93.1641)  Acc@5: 99.8047 (99.8047)
2024-07-10 17:57:18,129 -                train: [    INFO] - Test: [  19/19]  Time: 0.034 (0.043)  Loss:  0.2539 (0.2489)  Acc@1: 92.6471 (92.2800)  Acc@5: 100.0000 (99.7400)
2024-07-10 17:57:18,349 -                train: [    INFO] - *** Best metric: 93.0099998413086 (epoch 147)
2024-07-10 17:57:18,711 -                train: [    INFO] - Train: 151 [   0/97 (  0%)]  Loss:  0.798916 (0.7989)  Time: 0.360s, 1421.22/s  (0.360s, 1421.22/s)  LR: 9.757e-04  Data: 0.090 (0.090)
2024-07-10 17:57:45,712 -                train: [    INFO] - Train: 151 [  96/97 (100%)]  Loss:  0.754918 (0.7769)  Time: 0.271s, 1886.25/s  (0.282s, 1815.22/s)  LR: 9.757e-04  Data: 0.000 (0.004)
2024-07-10 17:57:45,822 -                train: [    INFO] - Test: [   0/19]  Time: 0.108 (0.108)  Loss:  0.2252 (0.2252)  Acc@1: 92.7734 (92.7734)  Acc@5: 100.0000 (100.0000)
2024-07-10 17:57:46,536 -                train: [    INFO] - Test: [  19/19]  Time: 0.023 (0.041)  Loss:  0.2408 (0.2366)  Acc@1: 91.5441 (92.5500)  Acc@5: 100.0000 (99.7200)
2024-07-10 17:57:46,700 -                train: [    INFO] - *** Best metric: 93.0099998413086 (epoch 147)
2024-07-10 17:57:47,061 -                train: [    INFO] - Train: 152 [   0/97 (  0%)]  Loss:  0.942186 (0.9422)  Time: 0.360s, 1423.77/s  (0.360s, 1423.77/s)  LR: 9.706e-04  Data: 0.085 (0.085)
2024-07-10 17:58:13,898 -                train: [    INFO] - Train: 152 [  96/97 (100%)]  Loss:  0.700961 (0.8216)  Time: 0.272s, 1879.94/s  (0.280s, 1826.23/s)  LR: 9.706e-04  Data: 0.000 (0.004)
2024-07-10 17:58:14,018 -                train: [    INFO] - Test: [   0/19]  Time: 0.118 (0.118)  Loss:  0.2208 (0.2208)  Acc@1: 93.9453 (93.9453)  Acc@5: 99.8047 (99.8047)
2024-07-10 17:58:14,797 -                train: [    INFO] - Test: [  19/19]  Time: 0.038 (0.045)  Loss:  0.2520 (0.2419)  Acc@1: 90.0735 (92.2400)  Acc@5: 100.0000 (99.7400)
2024-07-10 17:58:15,013 -                train: [    INFO] - *** Best metric: 93.0099998413086 (epoch 147)
2024-07-10 17:58:15,359 -                train: [    INFO] - Train: 153 [   0/97 (  0%)]  Loss:  0.866112 (0.8661)  Time: 0.345s, 1485.60/s  (0.345s, 1485.60/s)  LR: 9.654e-04  Data: 0.074 (0.074)
2024-07-10 17:58:41,892 -                train: [    INFO] - Train: 153 [  96/97 (100%)]  Loss:  0.929393 (0.8978)  Time: 0.272s, 1880.62/s  (0.277s, 1847.84/s)  LR: 9.654e-04  Data: 0.000 (0.004)
2024-07-10 17:58:42,009 -                train: [    INFO] - Test: [   0/19]  Time: 0.114 (0.114)  Loss:  0.2251 (0.2251)  Acc@1: 93.3594 (93.3594)  Acc@5: 99.4141 (99.4141)
2024-07-10 17:58:42,767 -                train: [    INFO] - Test: [  19/19]  Time: 0.041 (0.044)  Loss:  0.2495 (0.2395)  Acc@1: 91.9118 (92.6600)  Acc@5: 100.0000 (99.7700)
2024-07-10 17:58:42,972 -                train: [    INFO] - *** Best metric: 93.0099998413086 (epoch 147)
2024-07-10 17:58:43,331 -                train: [    INFO] - Train: 154 [   0/97 (  0%)]  Loss:  0.972221 (0.9722)  Time: 0.358s, 1430.81/s  (0.358s, 1430.81/s)  LR: 9.603e-04  Data: 0.087 (0.087)
2024-07-10 17:59:09,994 -                train: [    INFO] - Train: 154 [  96/97 (100%)]  Loss:  0.614201 (0.7932)  Time: 0.272s, 1881.56/s  (0.279s, 1838.11/s)  LR: 9.603e-04  Data: 0.000 (0.004)
2024-07-10 17:59:10,107 -                train: [    INFO] - Test: [   0/19]  Time: 0.111 (0.111)  Loss:  0.2249 (0.2249)  Acc@1: 92.5781 (92.5781)  Acc@5: 99.8047 (99.8047)
2024-07-10 17:59:10,840 -                train: [    INFO] - Test: [  19/19]  Time: 0.024 (0.042)  Loss:  0.2610 (0.2327)  Acc@1: 91.1765 (92.7700)  Acc@5: 100.0000 (99.7400)
2024-07-10 17:59:11,003 -                train: [    INFO] - *** Best metric: 93.0099998413086 (epoch 147)
2024-07-10 17:59:11,357 -                train: [    INFO] - Train: 155 [   0/97 (  0%)]  Loss:  0.715728 (0.7157)  Time: 0.352s, 1453.64/s  (0.352s, 1453.64/s)  LR: 9.551e-04  Data: 0.081 (0.081)
2024-07-10 17:59:38,039 -                train: [    INFO] - Train: 155 [  96/97 (100%)]  Loss:  0.899501 (0.8076)  Time: 0.272s, 1879.61/s  (0.279s, 1837.21/s)  LR: 9.551e-04  Data: 0.000 (0.004)
2024-07-10 17:59:38,153 -                train: [    INFO] - Test: [   0/19]  Time: 0.112 (0.112)  Loss:  0.2302 (0.2302)  Acc@1: 91.0156 (91.0156)  Acc@5: 99.8047 (99.8047)
2024-07-10 17:59:38,888 -                train: [    INFO] - Test: [  19/19]  Time: 0.027 (0.042)  Loss:  0.2727 (0.2369)  Acc@1: 91.1765 (92.3400)  Acc@5: 100.0000 (99.8500)
2024-07-10 17:59:39,113 -                train: [    INFO] - *** Best metric: 93.0099998413086 (epoch 147)
2024-07-10 17:59:39,453 -                train: [    INFO] - Train: 156 [   0/97 (  0%)]  Loss:  0.971427 (0.9714)  Time: 0.338s, 1515.21/s  (0.338s, 1515.21/s)  LR: 9.499e-04  Data: 0.068 (0.068)
2024-07-10 18:00:06,562 -                train: [    INFO] - Train: 156 [  96/97 (100%)]  Loss:  0.878150 (0.9248)  Time: 0.271s, 1885.97/s  (0.283s, 1809.54/s)  LR: 9.499e-04  Data: 0.000 (0.004)
2024-07-10 18:00:06,667 -                train: [    INFO] - Test: [   0/19]  Time: 0.103 (0.103)  Loss:  0.2322 (0.2322)  Acc@1: 92.7734 (92.7734)  Acc@5: 99.6094 (99.6094)
2024-07-10 18:00:07,409 -                train: [    INFO] - Test: [  19/19]  Time: 0.027 (0.042)  Loss:  0.2286 (0.2429)  Acc@1: 92.2794 (92.6300)  Acc@5: 100.0000 (99.7400)
2024-07-10 18:00:07,582 -                train: [    INFO] - *** Best metric: 93.0099998413086 (epoch 147)
2024-07-10 18:00:07,963 -                train: [    INFO] - Train: 157 [   0/97 (  0%)]  Loss:  0.864412 (0.8644)  Time: 0.379s, 1350.20/s  (0.379s, 1350.20/s)  LR: 9.447e-04  Data: 0.097 (0.097)
2024-07-10 18:00:34,706 -                train: [    INFO] - Train: 157 [  96/97 (100%)]  Loss:  0.986790 (0.9256)  Time: 0.273s, 1872.43/s  (0.280s, 1831.40/s)  LR: 9.447e-04  Data: 0.000 (0.004)
2024-07-10 18:00:34,817 -                train: [    INFO] - Test: [   0/19]  Time: 0.110 (0.110)  Loss:  0.2057 (0.2057)  Acc@1: 93.7500 (93.7500)  Acc@5: 99.8047 (99.8047)
2024-07-10 18:00:35,570 -                train: [    INFO] - Test: [  19/19]  Time: 0.024 (0.043)  Loss:  0.1990 (0.2357)  Acc@1: 94.1176 (92.5700)  Acc@5: 100.0000 (99.7300)
2024-07-10 18:00:35,803 -                train: [    INFO] - *** Best metric: 93.0099998413086 (epoch 147)
2024-07-10 18:00:36,133 -                train: [    INFO] - Train: 158 [   0/97 (  0%)]  Loss:  0.949308 (0.9493)  Time: 0.328s, 1559.32/s  (0.328s, 1559.32/s)  LR: 9.395e-04  Data: 0.057 (0.057)
2024-07-10 18:01:02,852 -                train: [    INFO] - Train: 158 [  96/97 (100%)]  Loss:  0.557306 (0.7533)  Time: 0.272s, 1884.06/s  (0.279s, 1836.34/s)  LR: 9.395e-04  Data: 0.000 (0.004)
2024-07-10 18:01:02,970 -                train: [    INFO] - Test: [   0/19]  Time: 0.117 (0.117)  Loss:  0.2272 (0.2272)  Acc@1: 91.6016 (91.6016)  Acc@5: 99.6094 (99.6094)
2024-07-10 18:01:03,697 -                train: [    INFO] - Test: [  19/19]  Time: 0.024 (0.042)  Loss:  0.2288 (0.2291)  Acc@1: 92.2794 (92.6300)  Acc@5: 100.0000 (99.8000)
2024-07-10 18:01:03,864 -                train: [    INFO] - *** Best metric: 93.0099998413086 (epoch 147)
2024-07-10 18:01:04,205 -                train: [    INFO] - Train: 159 [   0/97 (  0%)]  Loss:  0.845584 (0.8456)  Time: 0.339s, 1512.31/s  (0.339s, 1512.31/s)  LR: 9.343e-04  Data: 0.068 (0.068)
2024-07-10 18:01:30,893 -                train: [    INFO] - Train: 159 [  96/97 (100%)]  Loss:  0.895164 (0.8704)  Time: 0.271s, 1888.61/s  (0.279s, 1837.77/s)  LR: 9.343e-04  Data: 0.000 (0.004)
2024-07-10 18:01:31,007 -                train: [    INFO] - Test: [   0/19]  Time: 0.113 (0.113)  Loss:  0.2196 (0.2196)  Acc@1: 94.9219 (94.9219)  Acc@5: 99.6094 (99.6094)
2024-07-10 18:01:31,725 -                train: [    INFO] - Test: [  19/19]  Time: 0.024 (0.042)  Loss:  0.2177 (0.2420)  Acc@1: 92.2794 (92.5600)  Acc@5: 100.0000 (99.7800)
2024-07-10 18:01:31,892 -                train: [    INFO] - *** Best metric: 93.0099998413086 (epoch 147)
2024-07-10 18:01:32,228 -                train: [    INFO] - Train: 160 [   0/97 (  0%)]  Loss:  0.691813 (0.6918)  Time: 0.334s, 1532.96/s  (0.334s, 1532.96/s)  LR: 9.291e-04  Data: 0.063 (0.063)
2024-07-10 18:01:58,915 -                train: [    INFO] - Train: 160 [  96/97 (100%)]  Loss:  0.602977 (0.6474)  Time: 0.273s, 1873.35/s  (0.279s, 1838.07/s)  LR: 9.291e-04  Data: 0.000 (0.004)
2024-07-10 18:01:59,028 -                train: [    INFO] - Test: [   0/19]  Time: 0.112 (0.112)  Loss:  0.2113 (0.2113)  Acc@1: 93.9453 (93.9453)  Acc@5: 99.6094 (99.6094)
2024-07-10 18:01:59,773 -                train: [    INFO] - Test: [  19/19]  Time: 0.028 (0.043)  Loss:  0.2495 (0.2411)  Acc@1: 91.1765 (92.4600)  Acc@5: 100.0000 (99.7900)
2024-07-10 18:02:00,004 -                train: [    INFO] - *** Best metric: 93.0099998413086 (epoch 147)
2024-07-10 18:02:00,345 -                train: [    INFO] - Train: 161 [   0/97 (  0%)]  Loss:  0.946501 (0.9465)  Time: 0.340s, 1506.07/s  (0.340s, 1506.07/s)  LR: 9.238e-04  Data: 0.070 (0.070)
2024-07-10 18:02:27,423 -                train: [    INFO] - Train: 161 [  96/97 (100%)]  Loss:  0.909102 (0.9278)  Time: 0.271s, 1890.04/s  (0.283s, 1811.53/s)  LR: 9.238e-04  Data: 0.000 (0.004)
2024-07-10 18:02:27,536 -                train: [    INFO] - Test: [   0/19]  Time: 0.112 (0.112)  Loss:  0.2185 (0.2185)  Acc@1: 92.9688 (92.9688)  Acc@5: 99.6094 (99.6094)
2024-07-10 18:02:28,254 -                train: [    INFO] - Test: [  19/19]  Time: 0.024 (0.041)  Loss:  0.2090 (0.2318)  Acc@1: 91.9118 (92.6700)  Acc@5: 100.0000 (99.8100)
2024-07-10 18:02:28,476 -                train: [    INFO] - *** Best metric: 93.0099998413086 (epoch 147)
2024-07-10 18:02:28,817 -                train: [    INFO] - Train: 162 [   0/97 (  0%)]  Loss:  0.663449 (0.6634)  Time: 0.339s, 1509.09/s  (0.339s, 1509.09/s)  LR: 9.186e-04  Data: 0.069 (0.069)
2024-07-10 18:02:55,397 -                train: [    INFO] - Train: 162 [  96/97 (100%)]  Loss:  0.971639 (0.8175)  Time: 0.271s, 1887.80/s  (0.277s, 1845.08/s)  LR: 9.186e-04  Data: 0.000 (0.004)
2024-07-10 18:02:55,516 -                train: [    INFO] - Test: [   0/19]  Time: 0.117 (0.117)  Loss:  0.1754 (0.1754)  Acc@1: 93.3594 (93.3594)  Acc@5: 99.8047 (99.8047)
2024-07-10 18:02:56,257 -                train: [    INFO] - Test: [  19/19]  Time: 0.027 (0.043)  Loss:  0.2273 (0.2182)  Acc@1: 92.2794 (92.8300)  Acc@5: 100.0000 (99.8200)
2024-07-10 18:02:56,433 -                train: [    INFO] - *** Best metric: 93.0099998413086 (epoch 147)
2024-07-10 18:02:56,784 -                train: [    INFO] - Train: 163 [   0/97 (  0%)]  Loss:  0.578318 (0.5783)  Time: 0.349s, 1465.18/s  (0.349s, 1465.18/s)  LR: 9.133e-04  Data: 0.079 (0.079)
2024-07-10 18:03:23,736 -                train: [    INFO] - Train: 163 [  96/97 (100%)]  Loss:  0.947067 (0.7627)  Time: 0.273s, 1872.30/s  (0.281s, 1819.21/s)  LR: 9.133e-04  Data: 0.000 (0.005)
2024-07-10 18:03:23,850 -                train: [    INFO] - Test: [   0/19]  Time: 0.112 (0.112)  Loss:  0.2147 (0.2147)  Acc@1: 93.9453 (93.9453)  Acc@5: 100.0000 (100.0000)
2024-07-10 18:03:24,570 -                train: [    INFO] - Test: [  19/19]  Time: 0.024 (0.042)  Loss:  0.2698 (0.2403)  Acc@1: 90.8088 (92.6000)  Acc@5: 100.0000 (99.7000)
2024-07-10 18:03:24,790 -                train: [    INFO] - *** Best metric: 93.0099998413086 (epoch 147)
2024-07-10 18:03:25,134 -                train: [    INFO] - Train: 164 [   0/97 (  0%)]  Loss:  0.818089 (0.8181)  Time: 0.341s, 1503.61/s  (0.341s, 1503.61/s)  LR: 9.080e-04  Data: 0.070 (0.070)
2024-07-10 18:03:51,868 -                train: [    INFO] - Train: 164 [  96/97 (100%)]  Loss:  1.025251 (0.9217)  Time: 0.272s, 1883.65/s  (0.279s, 1834.52/s)  LR: 9.080e-04  Data: 0.000 (0.004)
2024-07-10 18:03:51,979 -                train: [    INFO] - Test: [   0/19]  Time: 0.110 (0.110)  Loss:  0.2534 (0.2534)  Acc@1: 92.9688 (92.9688)  Acc@5: 99.8047 (99.8047)
2024-07-10 18:03:52,751 -                train: [    INFO] - Test: [  19/19]  Time: 0.041 (0.044)  Loss:  0.2471 (0.2593)  Acc@1: 92.6471 (92.0700)  Acc@5: 100.0000 (99.8000)
2024-07-10 18:03:52,956 -                train: [    INFO] - *** Best metric: 93.0099998413086 (epoch 147)
2024-07-10 18:03:53,298 -                train: [    INFO] - Train: 165 [   0/97 (  0%)]  Loss:  0.753894 (0.7539)  Time: 0.341s, 1501.47/s  (0.341s, 1501.47/s)  LR: 9.027e-04  Data: 0.062 (0.062)
2024-07-10 18:04:19,932 -                train: [    INFO] - Train: 165 [  96/97 (100%)]  Loss:  0.835490 (0.7947)  Time: 0.272s, 1880.27/s  (0.278s, 1841.26/s)  LR: 9.027e-04  Data: 0.000 (0.004)
2024-07-10 18:04:20,044 -                train: [    INFO] - Test: [   0/19]  Time: 0.111 (0.111)  Loss:  0.2111 (0.2111)  Acc@1: 93.7500 (93.7500)  Acc@5: 99.8047 (99.8047)
2024-07-10 18:04:20,783 -                train: [    INFO] - Test: [  19/19]  Time: 0.027 (0.042)  Loss:  0.2146 (0.2243)  Acc@1: 91.9118 (93.0200)  Acc@5: 100.0000 (99.7800)
2024-07-10 18:04:20,994 - timm.utils.checkpoint_saver: [    INFO] - Current checkpoints:
 ('./output/train/20240710-164625-vitsnn-32/checkpoint-165.pth.tar', 93.0200000366211)
 ('./output/train/20240710-164625-vitsnn-32/checkpoint-147.pth.tar', 93.0099998413086)

2024-07-10 18:04:20,994 -                train: [    INFO] - *** Best metric: 93.0200000366211 (epoch 165)
2024-07-10 18:04:21,333 -                train: [    INFO] - Train: 166 [   0/97 (  0%)]  Loss:  0.896386 (0.8964)  Time: 0.337s, 1520.32/s  (0.337s, 1520.32/s)  LR: 8.974e-04  Data: 0.065 (0.065)
2024-07-10 18:04:48,469 -                train: [    INFO] - Train: 166 [  96/97 (100%)]  Loss:  0.673429 (0.7849)  Time: 0.271s, 1885.97/s  (0.283s, 1807.81/s)  LR: 8.974e-04  Data: 0.000 (0.004)
2024-07-10 18:04:48,580 -                train: [    INFO] - Test: [   0/19]  Time: 0.109 (0.109)  Loss:  0.2236 (0.2236)  Acc@1: 93.1641 (93.1641)  Acc@5: 99.2188 (99.2188)
2024-07-10 18:04:49,323 -                train: [    INFO] - Test: [  19/19]  Time: 0.027 (0.043)  Loss:  0.2217 (0.2447)  Acc@1: 93.7500 (92.4900)  Acc@5: 99.6324 (99.7400)
2024-07-10 18:04:49,551 -                train: [    INFO] - *** Best metric: 93.0200000366211 (epoch 165)
2024-07-10 18:04:49,899 -                train: [    INFO] - Train: 167 [   0/97 (  0%)]  Loss:  0.934400 (0.9344)  Time: 0.346s, 1478.93/s  (0.346s, 1478.93/s)  LR: 8.920e-04  Data: 0.071 (0.071)
2024-07-10 18:05:16,603 -                train: [    INFO] - Train: 167 [  96/97 (100%)]  Loss:  0.898643 (0.9165)  Time: 0.271s, 1889.04/s  (0.279s, 1836.14/s)  LR: 8.920e-04  Data: 0.000 (0.004)
2024-07-10 18:05:16,716 -                train: [    INFO] - Test: [   0/19]  Time: 0.112 (0.112)  Loss:  0.2139 (0.2139)  Acc@1: 92.9688 (92.9688)  Acc@5: 99.8047 (99.8047)
2024-07-10 18:05:17,459 -                train: [    INFO] - Test: [  19/19]  Time: 0.035 (0.043)  Loss:  0.2172 (0.2215)  Acc@1: 92.6471 (92.9500)  Acc@5: 99.6324 (99.7600)
2024-07-10 18:05:17,631 -                train: [    INFO] - *** Best metric: 93.0200000366211 (epoch 165)
2024-07-10 18:05:17,975 -                train: [    INFO] - Train: 168 [   0/97 (  0%)]  Loss:  0.878216 (0.8782)  Time: 0.343s, 1493.94/s  (0.343s, 1493.94/s)  LR: 8.867e-04  Data: 0.072 (0.072)
2024-07-10 18:05:44,524 -                train: [    INFO] - Train: 168 [  96/97 (100%)]  Loss:  0.669875 (0.7740)  Time: 0.272s, 1884.42/s  (0.277s, 1846.97/s)  LR: 8.867e-04  Data: 0.000 (0.004)
2024-07-10 18:05:44,633 -                train: [    INFO] - Test: [   0/19]  Time: 0.108 (0.108)  Loss:  0.2104 (0.2104)  Acc@1: 93.5547 (93.5547)  Acc@5: 99.8047 (99.8047)
2024-07-10 18:05:45,367 -                train: [    INFO] - Test: [  19/19]  Time: 0.024 (0.042)  Loss:  0.2090 (0.2225)  Acc@1: 91.9118 (93.0800)  Acc@5: 99.6324 (99.8100)
2024-07-10 18:05:45,546 - timm.utils.checkpoint_saver: [    INFO] - Current checkpoints:
 ('./output/train/20240710-164625-vitsnn-32/checkpoint-168.pth.tar', 93.08000003662109)
 ('./output/train/20240710-164625-vitsnn-32/checkpoint-165.pth.tar', 93.0200000366211)

2024-07-10 18:05:45,546 -                train: [    INFO] - *** Best metric: 93.08000003662109 (epoch 168)
2024-07-10 18:05:45,881 -                train: [    INFO] - Train: 169 [   0/97 (  0%)]  Loss:  0.840789 (0.8408)  Time: 0.334s, 1534.55/s  (0.334s, 1534.55/s)  LR: 8.814e-04  Data: 0.063 (0.063)
2024-07-10 18:06:12,672 -                train: [    INFO] - Train: 169 [  96/97 (100%)]  Loss:  0.850549 (0.8457)  Time: 0.272s, 1879.41/s  (0.280s, 1831.10/s)  LR: 8.814e-04  Data: 0.000 (0.004)
2024-07-10 18:06:12,782 -                train: [    INFO] - Test: [   0/19]  Time: 0.108 (0.108)  Loss:  0.2100 (0.2100)  Acc@1: 93.7500 (93.7500)  Acc@5: 99.6094 (99.6094)
2024-07-10 18:06:13,510 -                train: [    INFO] - Test: [  19/19]  Time: 0.027 (0.042)  Loss:  0.2639 (0.2402)  Acc@1: 91.9118 (92.6200)  Acc@5: 99.6324 (99.7700)
2024-07-10 18:06:13,672 -                train: [    INFO] - *** Best metric: 93.08000003662109 (epoch 168)
2024-07-10 18:06:14,033 -                train: [    INFO] - Train: 170 [   0/97 (  0%)]  Loss:  1.129402 (1.1294)  Time: 0.359s, 1425.38/s  (0.359s, 1425.38/s)  LR: 8.760e-04  Data: 0.089 (0.089)
2024-07-10 18:06:40,626 -                train: [    INFO] - Train: 170 [  96/97 (100%)]  Loss:  1.031411 (1.0804)  Time: 0.272s, 1883.33/s  (0.278s, 1842.75/s)  LR: 8.760e-04  Data: 0.000 (0.004)
2024-07-10 18:06:40,739 -                train: [    INFO] - Test: [   0/19]  Time: 0.111 (0.111)  Loss:  0.1893 (0.1893)  Acc@1: 93.9453 (93.9453)  Acc@5: 99.6094 (99.6094)
2024-07-10 18:06:41,464 -                train: [    INFO] - Test: [  19/19]  Time: 0.024 (0.042)  Loss:  0.2007 (0.2144)  Acc@1: 93.7500 (93.1700)  Acc@5: 100.0000 (99.8200)
2024-07-10 18:06:41,642 - timm.utils.checkpoint_saver: [    INFO] - Current checkpoints:
 ('./output/train/20240710-164625-vitsnn-32/checkpoint-170.pth.tar', 93.16999979248047)
 ('./output/train/20240710-164625-vitsnn-32/checkpoint-168.pth.tar', 93.08000003662109)

2024-07-10 18:06:41,642 -                train: [    INFO] - *** Best metric: 93.16999979248047 (epoch 170)
2024-07-10 18:06:41,989 -                train: [    INFO] - Train: 171 [   0/97 (  0%)]  Loss:  0.684994 (0.6850)  Time: 0.345s, 1482.50/s  (0.345s, 1482.50/s)  LR: 8.706e-04  Data: 0.073 (0.073)
2024-07-10 18:07:09,017 -                train: [    INFO] - Train: 171 [  96/97 (100%)]  Loss:  0.806887 (0.7459)  Time: 0.271s, 1887.06/s  (0.282s, 1814.45/s)  LR: 8.706e-04  Data: 0.000 (0.004)
2024-07-10 18:07:09,136 -                train: [    INFO] - Test: [   0/19]  Time: 0.117 (0.117)  Loss:  0.2229 (0.2229)  Acc@1: 93.1641 (93.1641)  Acc@5: 99.8047 (99.8047)
2024-07-10 18:07:09,915 -                train: [    INFO] - Test: [  19/19]  Time: 0.027 (0.045)  Loss:  0.2133 (0.2319)  Acc@1: 93.7500 (92.9500)  Acc@5: 100.0000 (99.7600)
2024-07-10 18:07:10,079 -                train: [    INFO] - *** Best metric: 93.16999979248047 (epoch 170)
2024-07-10 18:07:10,426 -                train: [    INFO] - Train: 172 [   0/97 (  0%)]  Loss:  0.684313 (0.6843)  Time: 0.345s, 1482.56/s  (0.345s, 1482.56/s)  LR: 8.653e-04  Data: 0.075 (0.075)
2024-07-10 18:07:37,183 -                train: [    INFO] - Train: 172 [  96/97 (100%)]  Loss:  0.836098 (0.7602)  Time: 0.274s, 1870.34/s  (0.279s, 1832.66/s)  LR: 8.653e-04  Data: 0.000 (0.004)
2024-07-10 18:07:37,298 -                train: [    INFO] - Test: [   0/19]  Time: 0.114 (0.114)  Loss:  0.2023 (0.2023)  Acc@1: 93.3594 (93.3594)  Acc@5: 99.8047 (99.8047)
2024-07-10 18:07:38,048 -                train: [    INFO] - Test: [  19/19]  Time: 0.027 (0.043)  Loss:  0.2113 (0.2113)  Acc@1: 94.4853 (93.0700)  Acc@5: 100.0000 (99.8000)
2024-07-10 18:07:38,274 -                train: [    INFO] - *** Best metric: 93.16999979248047 (epoch 170)
2024-07-10 18:07:38,611 -                train: [    INFO] - Train: 173 [   0/97 (  0%)]  Loss:  0.735283 (0.7353)  Time: 0.335s, 1526.30/s  (0.335s, 1526.30/s)  LR: 8.599e-04  Data: 0.065 (0.065)
2024-07-10 18:08:05,444 -                train: [    INFO] - Train: 173 [  96/97 (100%)]  Loss:  0.593358 (0.6643)  Time: 0.274s, 1867.63/s  (0.280s, 1828.14/s)  LR: 8.599e-04  Data: 0.000 (0.005)
2024-07-10 18:08:05,555 -                train: [    INFO] - Test: [   0/19]  Time: 0.110 (0.110)  Loss:  0.2090 (0.2090)  Acc@1: 93.5547 (93.5547)  Acc@5: 99.6094 (99.6094)
2024-07-10 18:08:06,318 -                train: [    INFO] - Test: [  19/19]  Time: 0.038 (0.044)  Loss:  0.2039 (0.2177)  Acc@1: 92.2794 (92.8800)  Acc@5: 100.0000 (99.8100)
2024-07-10 18:08:06,536 -                train: [    INFO] - *** Best metric: 93.16999979248047 (epoch 170)
2024-07-10 18:08:06,876 -                train: [    INFO] - Train: 174 [   0/97 (  0%)]  Loss:  0.668786 (0.6688)  Time: 0.339s, 1512.19/s  (0.339s, 1512.19/s)  LR: 8.545e-04  Data: 0.068 (0.068)
2024-07-10 18:08:33,569 -                train: [    INFO] - Train: 174 [  96/97 (100%)]  Loss:  0.700323 (0.6846)  Time: 0.271s, 1887.21/s  (0.279s, 1837.41/s)  LR: 8.545e-04  Data: 0.000 (0.004)
2024-07-10 18:08:33,679 -                train: [    INFO] - Test: [   0/19]  Time: 0.109 (0.109)  Loss:  0.1960 (0.1960)  Acc@1: 93.3594 (93.3594)  Acc@5: 100.0000 (100.0000)
2024-07-10 18:08:34,430 -                train: [    INFO] - Test: [  19/19]  Time: 0.034 (0.043)  Loss:  0.2061 (0.2210)  Acc@1: 92.2794 (92.9500)  Acc@5: 99.6324 (99.8500)
2024-07-10 18:08:34,616 -                train: [    INFO] - *** Best metric: 93.16999979248047 (epoch 170)
2024-07-10 18:08:34,956 -                train: [    INFO] - Train: 175 [   0/97 (  0%)]  Loss:  0.771927 (0.7719)  Time: 0.339s, 1510.41/s  (0.339s, 1510.41/s)  LR: 8.491e-04  Data: 0.067 (0.067)
2024-07-10 18:09:01,859 -                train: [    INFO] - Train: 175 [  96/97 (100%)]  Loss:  0.644798 (0.7084)  Time: 0.272s, 1883.88/s  (0.281s, 1823.24/s)  LR: 8.491e-04  Data: 0.000 (0.004)
2024-07-10 18:09:01,979 -                train: [    INFO] - Test: [   0/19]  Time: 0.119 (0.119)  Loss:  0.2039 (0.2039)  Acc@1: 94.1406 (94.1406)  Acc@5: 99.8047 (99.8047)
2024-07-10 18:09:02,724 -                train: [    INFO] - Test: [  19/19]  Time: 0.035 (0.043)  Loss:  0.2136 (0.2199)  Acc@1: 92.2794 (92.8700)  Acc@5: 100.0000 (99.8200)
2024-07-10 18:09:02,898 -                train: [    INFO] - *** Best metric: 93.16999979248047 (epoch 170)
2024-07-10 18:09:03,261 -                train: [    INFO] - Train: 176 [   0/97 (  0%)]  Loss:  0.673835 (0.6738)  Time: 0.360s, 1421.54/s  (0.360s, 1421.54/s)  LR: 8.437e-04  Data: 0.082 (0.082)
2024-07-10 18:09:30,113 -                train: [    INFO] - Train: 176 [  96/97 (100%)]  Loss:  0.888761 (0.7813)  Time: 0.272s, 1884.84/s  (0.281s, 1825.19/s)  LR: 8.437e-04  Data: 0.000 (0.004)
2024-07-10 18:09:30,222 -                train: [    INFO] - Test: [   0/19]  Time: 0.108 (0.108)  Loss:  0.2208 (0.2208)  Acc@1: 91.6016 (91.6016)  Acc@5: 99.8047 (99.8047)
2024-07-10 18:09:30,984 -                train: [    INFO] - Test: [  19/19]  Time: 0.027 (0.044)  Loss:  0.2217 (0.2325)  Acc@1: 92.2794 (92.7200)  Acc@5: 100.0000 (99.6800)
2024-07-10 18:09:31,207 -                train: [    INFO] - *** Best metric: 93.16999979248047 (epoch 170)
2024-07-10 18:09:31,543 -                train: [    INFO] - Train: 177 [   0/97 (  0%)]  Loss:  0.868950 (0.8690)  Time: 0.335s, 1529.88/s  (0.335s, 1529.88/s)  LR: 8.382e-04  Data: 0.065 (0.065)
2024-07-10 18:09:58,233 -                train: [    INFO] - Train: 177 [  96/97 (100%)]  Loss:  0.727776 (0.7984)  Time: 0.271s, 1887.32/s  (0.279s, 1837.86/s)  LR: 8.382e-04  Data: 0.000 (0.004)
2024-07-10 18:09:58,350 -                train: [    INFO] - Test: [   0/19]  Time: 0.116 (0.116)  Loss:  0.2114 (0.2114)  Acc@1: 93.5547 (93.5547)  Acc@5: 99.8047 (99.8047)
2024-07-10 18:09:59,094 -                train: [    INFO] - Test: [  19/19]  Time: 0.046 (0.043)  Loss:  0.1831 (0.2297)  Acc@1: 95.2206 (92.8800)  Acc@5: 100.0000 (99.7900)
2024-07-10 18:09:59,259 -                train: [    INFO] - *** Best metric: 93.16999979248047 (epoch 170)
2024-07-10 18:09:59,607 -                train: [    INFO] - Train: 178 [   0/97 (  0%)]  Loss:  0.976841 (0.9768)  Time: 0.346s, 1479.57/s  (0.346s, 1479.57/s)  LR: 8.328e-04  Data: 0.072 (0.072)
2024-07-10 18:10:26,301 -                train: [    INFO] - Train: 178 [  96/97 (100%)]  Loss:  1.008232 (0.9925)  Time: 0.273s, 1875.18/s  (0.279s, 1836.90/s)  LR: 8.328e-04  Data: 0.000 (0.004)
2024-07-10 18:10:26,414 -                train: [    INFO] - Test: [   0/19]  Time: 0.112 (0.112)  Loss:  0.2001 (0.2001)  Acc@1: 93.1641 (93.1641)  Acc@5: 99.8047 (99.8047)
2024-07-10 18:10:27,152 -                train: [    INFO] - Test: [  19/19]  Time: 0.027 (0.042)  Loss:  0.1769 (0.2196)  Acc@1: 94.1176 (92.9200)  Acc@5: 100.0000 (99.7900)
2024-07-10 18:10:27,329 -                train: [    INFO] - *** Best metric: 93.16999979248047 (epoch 170)
2024-07-10 18:10:27,672 -                train: [    INFO] - Train: 179 [   0/97 (  0%)]  Loss:  0.666327 (0.6663)  Time: 0.341s, 1502.05/s  (0.341s, 1502.05/s)  LR: 8.274e-04  Data: 0.071 (0.071)
2024-07-10 18:10:54,487 -                train: [    INFO] - Train: 179 [  96/97 (100%)]  Loss:  1.117558 (0.8919)  Time: 0.272s, 1882.86/s  (0.280s, 1829.00/s)  LR: 8.274e-04  Data: 0.000 (0.004)
2024-07-10 18:10:54,598 -                train: [    INFO] - Test: [   0/19]  Time: 0.109 (0.109)  Loss:  0.2212 (0.2212)  Acc@1: 93.9453 (93.9453)  Acc@5: 99.6094 (99.6094)
2024-07-10 18:10:55,346 -                train: [    INFO] - Test: [  19/19]  Time: 0.028 (0.043)  Loss:  0.2140 (0.2379)  Acc@1: 93.7500 (92.8000)  Acc@5: 100.0000 (99.7200)
2024-07-10 18:10:55,531 -                train: [    INFO] - *** Best metric: 93.16999979248047 (epoch 170)
2024-07-10 18:10:55,868 -                train: [    INFO] - Train: 180 [   0/97 (  0%)]  Loss:  0.613500 (0.6135)  Time: 0.335s, 1526.25/s  (0.335s, 1526.25/s)  LR: 8.219e-04  Data: 0.066 (0.066)
2024-07-10 18:11:22,825 -                train: [    INFO] - Train: 180 [  96/97 (100%)]  Loss:  1.015888 (0.8147)  Time: 0.272s, 1880.85/s  (0.281s, 1819.85/s)  LR: 8.219e-04  Data: 0.000 (0.004)
2024-07-10 18:11:22,943 -                train: [    INFO] - Test: [   0/19]  Time: 0.117 (0.117)  Loss:  0.2196 (0.2196)  Acc@1: 93.5547 (93.5547)  Acc@5: 99.8047 (99.8047)
2024-07-10 18:11:23,686 -                train: [    INFO] - Test: [  19/19]  Time: 0.027 (0.043)  Loss:  0.2329 (0.2273)  Acc@1: 92.6471 (92.8800)  Acc@5: 100.0000 (99.7100)
2024-07-10 18:11:23,908 -                train: [    INFO] - *** Best metric: 93.16999979248047 (epoch 170)
2024-07-10 18:11:24,246 -                train: [    INFO] - Train: 181 [   0/97 (  0%)]  Loss:  0.788449 (0.7884)  Time: 0.336s, 1523.12/s  (0.336s, 1523.12/s)  LR: 8.165e-04  Data: 0.066 (0.066)
2024-07-10 18:11:51,109 -                train: [    INFO] - Train: 181 [  96/97 (100%)]  Loss:  0.987500 (0.8880)  Time: 0.272s, 1884.98/s  (0.280s, 1826.04/s)  LR: 8.165e-04  Data: 0.000 (0.004)
2024-07-10 18:11:51,221 -                train: [    INFO] - Test: [   0/19]  Time: 0.110 (0.110)  Loss:  0.2115 (0.2115)  Acc@1: 93.5547 (93.5547)  Acc@5: 99.8047 (99.8047)
2024-07-10 18:11:51,973 -                train: [    INFO] - Test: [  19/19]  Time: 0.034 (0.043)  Loss:  0.2462 (0.2194)  Acc@1: 92.6471 (92.9100)  Acc@5: 100.0000 (99.8100)
2024-07-10 18:11:52,144 -                train: [    INFO] - *** Best metric: 93.16999979248047 (epoch 170)
2024-07-10 18:11:52,493 -                train: [    INFO] - Train: 182 [   0/97 (  0%)]  Loss:  0.593067 (0.5931)  Time: 0.347s, 1474.21/s  (0.347s, 1474.21/s)  LR: 8.110e-04  Data: 0.072 (0.072)
2024-07-10 18:12:18,992 -                train: [    INFO] - Train: 182 [  96/97 (100%)]  Loss:  0.767336 (0.6802)  Time: 0.272s, 1881.34/s  (0.277s, 1850.03/s)  LR: 8.110e-04  Data: 0.000 (0.004)
2024-07-10 18:12:19,108 -                train: [    INFO] - Test: [   0/19]  Time: 0.113 (0.113)  Loss:  0.1898 (0.1898)  Acc@1: 93.9453 (93.9453)  Acc@5: 99.8047 (99.8047)
2024-07-10 18:12:19,840 -                train: [    INFO] - Test: [  19/19]  Time: 0.028 (0.042)  Loss:  0.2107 (0.2091)  Acc@1: 93.3824 (93.1100)  Acc@5: 100.0000 (99.8200)
2024-07-10 18:12:20,018 - timm.utils.checkpoint_saver: [    INFO] - Current checkpoints:
 ('./output/train/20240710-164625-vitsnn-32/checkpoint-170.pth.tar', 93.16999979248047)
 ('./output/train/20240710-164625-vitsnn-32/checkpoint-182.pth.tar', 93.11000004882813)

2024-07-10 18:12:20,019 -                train: [    INFO] - *** Best metric: 93.16999979248047 (epoch 170)
2024-07-10 18:12:20,352 -                train: [    INFO] - Train: 183 [   0/97 (  0%)]  Loss:  0.794425 (0.7944)  Time: 0.332s, 1543.98/s  (0.332s, 1543.98/s)  LR: 8.056e-04  Data: 0.061 (0.061)
2024-07-10 18:12:46,999 -                train: [    INFO] - Train: 183 [  96/97 (100%)]  Loss:  0.920991 (0.8577)  Time: 0.272s, 1883.78/s  (0.278s, 1840.94/s)  LR: 8.056e-04  Data: 0.000 (0.004)
2024-07-10 18:12:47,110 -                train: [    INFO] - Test: [   0/19]  Time: 0.109 (0.109)  Loss:  0.2324 (0.2324)  Acc@1: 91.4062 (91.4062)  Acc@5: 100.0000 (100.0000)
2024-07-10 18:12:47,839 -                train: [    INFO] - Test: [  19/19]  Time: 0.027 (0.042)  Loss:  0.2191 (0.2203)  Acc@1: 91.9118 (93.0800)  Acc@5: 100.0000 (99.8000)
2024-07-10 18:12:48,010 -                train: [    INFO] - *** Best metric: 93.16999979248047 (epoch 170)
2024-07-10 18:12:48,377 -                train: [    INFO] - Train: 184 [   0/97 (  0%)]  Loss:  0.708058 (0.7081)  Time: 0.366s, 1400.63/s  (0.366s, 1400.63/s)  LR: 8.001e-04  Data: 0.094 (0.094)
2024-07-10 18:13:15,081 -                train: [    INFO] - Train: 184 [  96/97 (100%)]  Loss:  0.844205 (0.7761)  Time: 0.273s, 1875.17/s  (0.279s, 1834.80/s)  LR: 8.001e-04  Data: 0.000 (0.004)
2024-07-10 18:13:15,193 -                train: [    INFO] - Test: [   0/19]  Time: 0.110 (0.110)  Loss:  0.2258 (0.2258)  Acc@1: 92.7734 (92.7734)  Acc@5: 99.8047 (99.8047)
2024-07-10 18:13:15,924 -                train: [    INFO] - Test: [  19/19]  Time: 0.027 (0.042)  Loss:  0.2079 (0.2143)  Acc@1: 93.0147 (93.4100)  Acc@5: 100.0000 (99.8100)
2024-07-10 18:13:16,107 - timm.utils.checkpoint_saver: [    INFO] - Current checkpoints:
 ('./output/train/20240710-164625-vitsnn-32/checkpoint-184.pth.tar', 93.40999989013672)
 ('./output/train/20240710-164625-vitsnn-32/checkpoint-170.pth.tar', 93.16999979248047)

2024-07-10 18:13:16,108 -                train: [    INFO] - *** Best metric: 93.40999989013672 (epoch 184)
2024-07-10 18:13:16,468 -                train: [    INFO] - Train: 185 [   0/97 (  0%)]  Loss:  0.825736 (0.8257)  Time: 0.359s, 1425.52/s  (0.359s, 1425.52/s)  LR: 7.946e-04  Data: 0.067 (0.067)
2024-07-10 18:13:43,293 -                train: [    INFO] - Train: 185 [  96/97 (100%)]  Loss:  0.933090 (0.8794)  Time: 0.367s, 1396.05/s  (0.280s, 1827.07/s)  LR: 7.946e-04  Data: 0.000 (0.004)
2024-07-10 18:13:43,405 -                train: [    INFO] - Test: [   0/19]  Time: 0.110 (0.110)  Loss:  0.2261 (0.2261)  Acc@1: 93.1641 (93.1641)  Acc@5: 99.6094 (99.6094)
2024-07-10 18:13:44,151 -                train: [    INFO] - Test: [  19/19]  Time: 0.027 (0.043)  Loss:  0.1915 (0.2244)  Acc@1: 93.7500 (93.0500)  Acc@5: 100.0000 (99.8300)
2024-07-10 18:13:44,361 -                train: [    INFO] - *** Best metric: 93.40999989013672 (epoch 184)
2024-07-10 18:13:44,697 -                train: [    INFO] - Train: 186 [   0/97 (  0%)]  Loss:  1.103695 (1.1037)  Time: 0.335s, 1529.05/s  (0.335s, 1529.05/s)  LR: 7.892e-04  Data: 0.064 (0.064)
2024-07-10 18:14:11,475 -                train: [    INFO] - Train: 186 [  96/97 (100%)]  Loss:  0.767181 (0.9354)  Time: 0.272s, 1885.81/s  (0.279s, 1831.90/s)  LR: 7.892e-04  Data: 0.000 (0.004)
2024-07-10 18:14:11,587 -                train: [    INFO] - Test: [   0/19]  Time: 0.110 (0.110)  Loss:  0.2363 (0.2363)  Acc@1: 91.6016 (91.6016)  Acc@5: 99.8047 (99.8047)
2024-07-10 18:14:12,319 -                train: [    INFO] - Test: [  19/19]  Time: 0.027 (0.042)  Loss:  0.2195 (0.2288)  Acc@1: 93.3823 (92.9600)  Acc@5: 100.0000 (99.8400)
2024-07-10 18:14:12,537 -                train: [    INFO] - *** Best metric: 93.40999989013672 (epoch 184)
2024-07-10 18:14:12,879 -                train: [    INFO] - Train: 187 [   0/97 (  0%)]  Loss:  0.948612 (0.9486)  Time: 0.340s, 1506.60/s  (0.340s, 1506.60/s)  LR: 7.837e-04  Data: 0.069 (0.069)
2024-07-10 18:14:39,653 -                train: [    INFO] - Train: 187 [  96/97 (100%)]  Loss:  1.089147 (1.0189)  Time: 0.272s, 1885.15/s  (0.280s, 1831.84/s)  LR: 7.837e-04  Data: 0.000 (0.004)
2024-07-10 18:14:39,766 -                train: [    INFO] - Test: [   0/19]  Time: 0.112 (0.112)  Loss:  0.2180 (0.2180)  Acc@1: 93.3594 (93.3594)  Acc@5: 99.8047 (99.8047)
2024-07-10 18:14:40,499 -                train: [    INFO] - Test: [  19/19]  Time: 0.028 (0.042)  Loss:  0.1919 (0.2094)  Acc@1: 93.0147 (93.4500)  Acc@5: 100.0000 (99.8600)
2024-07-10 18:14:40,747 - timm.utils.checkpoint_saver: [    INFO] - Current checkpoints:
 ('./output/train/20240710-164625-vitsnn-32/checkpoint-187.pth.tar', 93.44999989013672)
 ('./output/train/20240710-164625-vitsnn-32/checkpoint-184.pth.tar', 93.40999989013672)

2024-07-10 18:14:40,747 -                train: [    INFO] - *** Best metric: 93.44999989013672 (epoch 187)
2024-07-10 18:14:41,101 -                train: [    INFO] - Train: 188 [   0/97 (  0%)]  Loss:  0.896303 (0.8963)  Time: 0.353s, 1448.90/s  (0.353s, 1448.90/s)  LR: 7.782e-04  Data: 0.083 (0.083)
2024-07-10 18:15:07,731 -                train: [    INFO] - Train: 188 [  96/97 (100%)]  Loss:  0.665824 (0.7811)  Time: 0.272s, 1882.20/s  (0.278s, 1840.71/s)  LR: 7.782e-04  Data: 0.000 (0.004)
2024-07-10 18:15:07,843 -                train: [    INFO] - Test: [   0/19]  Time: 0.110 (0.110)  Loss:  0.2174 (0.2174)  Acc@1: 92.5781 (92.5781)  Acc@5: 99.8047 (99.8047)
2024-07-10 18:15:08,591 -                train: [    INFO] - Test: [  19/19]  Time: 0.027 (0.043)  Loss:  0.2018 (0.2317)  Acc@1: 94.4853 (92.7900)  Acc@5: 99.6324 (99.7300)
2024-07-10 18:15:08,802 -                train: [    INFO] - *** Best metric: 93.44999989013672 (epoch 187)
2024-07-10 18:15:09,144 -                train: [    INFO] - Train: 189 [   0/97 (  0%)]  Loss:  0.565345 (0.5653)  Time: 0.341s, 1500.44/s  (0.341s, 1500.44/s)  LR: 7.727e-04  Data: 0.070 (0.070)
2024-07-10 18:15:35,883 -                train: [    INFO] - Train: 189 [  96/97 (100%)]  Loss:  0.896128 (0.7307)  Time: 0.271s, 1886.30/s  (0.279s, 1834.05/s)  LR: 7.727e-04  Data: 0.000 (0.004)
2024-07-10 18:15:36,007 -                train: [    INFO] - Test: [   0/19]  Time: 0.122 (0.122)  Loss:  0.1877 (0.1877)  Acc@1: 94.7266 (94.7266)  Acc@5: 99.8047 (99.8047)
2024-07-10 18:15:36,751 -                train: [    INFO] - Test: [  19/19]  Time: 0.028 (0.043)  Loss:  0.1942 (0.2100)  Acc@1: 94.1176 (93.4600)  Acc@5: 99.6324 (99.8100)
2024-07-10 18:15:36,950 - timm.utils.checkpoint_saver: [    INFO] - Current checkpoints:
 ('./output/train/20240710-164625-vitsnn-32/checkpoint-189.pth.tar', 93.45999995117188)
 ('./output/train/20240710-164625-vitsnn-32/checkpoint-187.pth.tar', 93.44999989013672)

2024-07-10 18:15:36,950 -                train: [    INFO] - *** Best metric: 93.45999995117188 (epoch 189)
2024-07-10 18:15:37,295 -                train: [    INFO] - Train: 190 [   0/97 (  0%)]  Loss:  0.786072 (0.7861)  Time: 0.344s, 1489.16/s  (0.344s, 1489.16/s)  LR: 7.672e-04  Data: 0.073 (0.073)
2024-07-10 18:16:04,366 -                train: [    INFO] - Train: 190 [  96/97 (100%)]  Loss:  0.680372 (0.7332)  Time: 0.272s, 1885.36/s  (0.283s, 1811.67/s)  LR: 7.672e-04  Data: 0.000 (0.004)
2024-07-10 18:16:04,483 -                train: [    INFO] - Test: [   0/19]  Time: 0.115 (0.115)  Loss:  0.1696 (0.1696)  Acc@1: 95.1172 (95.1172)  Acc@5: 99.8047 (99.8047)
2024-07-10 18:16:05,230 -                train: [    INFO] - Test: [  19/19]  Time: 0.027 (0.043)  Loss:  0.2195 (0.2204)  Acc@1: 92.2794 (93.1300)  Acc@5: 99.6324 (99.7900)
2024-07-10 18:16:05,446 -                train: [    INFO] - *** Best metric: 93.45999995117188 (epoch 189)
2024-07-10 18:16:05,790 -                train: [    INFO] - Train: 191 [   0/97 (  0%)]  Loss:  0.936870 (0.9369)  Time: 0.342s, 1496.30/s  (0.342s, 1496.30/s)  LR: 7.617e-04  Data: 0.072 (0.072)
2024-07-10 18:16:32,617 -                train: [    INFO] - Train: 191 [  96/97 (100%)]  Loss:  0.819595 (0.8782)  Time: 0.272s, 1882.68/s  (0.280s, 1828.08/s)  LR: 7.617e-04  Data: 0.000 (0.004)
2024-07-10 18:16:32,727 -                train: [    INFO] - Test: [   0/19]  Time: 0.108 (0.108)  Loss:  0.2153 (0.2153)  Acc@1: 93.7500 (93.7500)  Acc@5: 100.0000 (100.0000)
2024-07-10 18:16:33,494 -                train: [    INFO] - Test: [  19/19]  Time: 0.035 (0.044)  Loss:  0.2266 (0.2357)  Acc@1: 93.3823 (93.0400)  Acc@5: 100.0000 (99.6400)
2024-07-10 18:16:33,739 -                train: [    INFO] - *** Best metric: 93.45999995117188 (epoch 189)
2024-07-10 18:16:34,092 -                train: [    INFO] - Train: 192 [   0/97 (  0%)]  Loss:  0.628070 (0.6281)  Time: 0.346s, 1480.50/s  (0.346s, 1480.50/s)  LR: 7.562e-04  Data: 0.076 (0.076)
2024-07-10 18:17:00,769 -                train: [    INFO] - Train: 192 [  96/97 (100%)]  Loss:  0.705311 (0.6667)  Time: 0.271s, 1886.79/s  (0.279s, 1837.95/s)  LR: 7.562e-04  Data: 0.000 (0.004)
2024-07-10 18:17:00,875 -                train: [    INFO] - Test: [   0/19]  Time: 0.104 (0.104)  Loss:  0.2198 (0.2198)  Acc@1: 93.1641 (93.1641)  Acc@5: 99.8047 (99.8047)
2024-07-10 18:17:01,635 -                train: [    INFO] - Test: [  19/19]  Time: 0.028 (0.043)  Loss:  0.1724 (0.2169)  Acc@1: 94.1176 (93.0600)  Acc@5: 100.0000 (99.8200)
2024-07-10 18:17:01,801 -                train: [    INFO] - *** Best metric: 93.45999995117188 (epoch 189)
2024-07-10 18:17:02,152 -                train: [    INFO] - Train: 193 [   0/97 (  0%)]  Loss:  0.641666 (0.6417)  Time: 0.349s, 1465.17/s  (0.349s, 1465.17/s)  LR: 7.507e-04  Data: 0.079 (0.079)
2024-07-10 18:17:28,695 -                train: [    INFO] - Train: 193 [  96/97 (100%)]  Loss:  0.723187 (0.6824)  Time: 0.271s, 1886.14/s  (0.277s, 1846.88/s)  LR: 7.507e-04  Data: 0.000 (0.004)
2024-07-10 18:17:28,821 -                train: [    INFO] - Test: [   0/19]  Time: 0.124 (0.124)  Loss:  0.2122 (0.2122)  Acc@1: 93.3594 (93.3594)  Acc@5: 100.0000 (100.0000)
2024-07-10 18:17:29,577 -                train: [    INFO] - Test: [  19/19]  Time: 0.042 (0.044)  Loss:  0.2332 (0.2196)  Acc@1: 92.6471 (93.2400)  Acc@5: 100.0000 (99.7500)
2024-07-10 18:17:29,800 -                train: [    INFO] - *** Best metric: 93.45999995117188 (epoch 189)
2024-07-10 18:17:30,147 -                train: [    INFO] - Train: 194 [   0/97 (  0%)]  Loss:  0.841771 (0.8418)  Time: 0.347s, 1476.91/s  (0.347s, 1476.91/s)  LR: 7.452e-04  Data: 0.068 (0.068)
2024-07-10 18:17:56,823 -                train: [    INFO] - Train: 194 [  96/97 (100%)]  Loss:  0.785513 (0.8136)  Time: 0.274s, 1865.93/s  (0.279s, 1838.03/s)  LR: 7.452e-04  Data: 0.000 (0.004)
2024-07-10 18:17:56,937 -                train: [    INFO] - Test: [   0/19]  Time: 0.113 (0.113)  Loss:  0.2098 (0.2098)  Acc@1: 91.9922 (91.9922)  Acc@5: 100.0000 (100.0000)
2024-07-10 18:17:57,653 -                train: [    INFO] - Test: [  19/19]  Time: 0.024 (0.041)  Loss:  0.2485 (0.2137)  Acc@1: 90.4412 (92.9900)  Acc@5: 100.0000 (99.8100)
2024-07-10 18:17:57,822 -                train: [    INFO] - *** Best metric: 93.45999995117188 (epoch 189)
2024-07-10 18:17:58,162 -                train: [    INFO] - Train: 195 [   0/97 (  0%)]  Loss:  0.822429 (0.8224)  Time: 0.337s, 1520.74/s  (0.337s, 1520.74/s)  LR: 7.397e-04  Data: 0.066 (0.066)
2024-07-10 18:18:25,317 -                train: [    INFO] - Train: 195 [  96/97 (100%)]  Loss:  0.939455 (0.8809)  Time: 0.271s, 1888.64/s  (0.283s, 1806.65/s)  LR: 7.397e-04  Data: 0.000 (0.004)
2024-07-10 18:18:25,436 -                train: [    INFO] - Test: [   0/19]  Time: 0.118 (0.118)  Loss:  0.2131 (0.2131)  Acc@1: 92.5781 (92.5781)  Acc@5: 99.8047 (99.8047)
2024-07-10 18:18:26,162 -                train: [    INFO] - Test: [  19/19]  Time: 0.025 (0.042)  Loss:  0.2366 (0.2261)  Acc@1: 93.0147 (92.9000)  Acc@5: 100.0000 (99.7400)
2024-07-10 18:18:26,384 -                train: [    INFO] - *** Best metric: 93.45999995117188 (epoch 189)
2024-07-10 18:18:26,737 -                train: [    INFO] - Train: 196 [   0/97 (  0%)]  Loss:  0.709937 (0.7099)  Time: 0.352s, 1455.66/s  (0.352s, 1455.66/s)  LR: 7.342e-04  Data: 0.081 (0.081)
2024-07-10 18:18:53,332 -                train: [    INFO] - Train: 196 [  96/97 (100%)]  Loss:  0.730434 (0.7202)  Time: 0.272s, 1883.35/s  (0.278s, 1843.17/s)  LR: 7.342e-04  Data: 0.000 (0.004)
2024-07-10 18:18:53,444 -                train: [    INFO] - Test: [   0/19]  Time: 0.110 (0.110)  Loss:  0.2328 (0.2328)  Acc@1: 92.3828 (92.3828)  Acc@5: 99.8047 (99.8047)
2024-07-10 18:18:54,184 -                train: [    INFO] - Test: [  19/19]  Time: 0.027 (0.043)  Loss:  0.1954 (0.2153)  Acc@1: 93.7500 (92.9200)  Acc@5: 99.6324 (99.7800)
2024-07-10 18:18:54,403 -                train: [    INFO] - *** Best metric: 93.45999995117188 (epoch 189)
2024-07-10 18:18:54,761 -                train: [    INFO] - Train: 197 [   0/97 (  0%)]  Loss:  0.725199 (0.7252)  Time: 0.357s, 1434.88/s  (0.357s, 1434.88/s)  LR: 7.286e-04  Data: 0.082 (0.082)
2024-07-10 18:19:21,567 -                train: [    INFO] - Train: 197 [  96/97 (100%)]  Loss:  0.882359 (0.8038)  Time: 0.272s, 1885.59/s  (0.280s, 1828.50/s)  LR: 7.286e-04  Data: 0.000 (0.004)
2024-07-10 18:19:21,681 -                train: [    INFO] - Test: [   0/19]  Time: 0.113 (0.113)  Loss:  0.2003 (0.2003)  Acc@1: 94.9219 (94.9219)  Acc@5: 99.8047 (99.8047)
2024-07-10 18:19:22,431 -                train: [    INFO] - Test: [  19/19]  Time: 0.027 (0.043)  Loss:  0.2000 (0.2095)  Acc@1: 94.1176 (93.7100)  Acc@5: 100.0000 (99.7600)
2024-07-10 18:19:22,660 - timm.utils.checkpoint_saver: [    INFO] - Current checkpoints:
 ('./output/train/20240710-164625-vitsnn-32/checkpoint-197.pth.tar', 93.70999995117188)
 ('./output/train/20240710-164625-vitsnn-32/checkpoint-189.pth.tar', 93.45999995117188)

2024-07-10 18:19:22,660 -                train: [    INFO] - *** Best metric: 93.70999995117188 (epoch 197)
2024-07-10 18:19:22,994 -                train: [    INFO] - Train: 198 [   0/97 (  0%)]  Loss:  0.690600 (0.6906)  Time: 0.332s, 1541.32/s  (0.332s, 1541.32/s)  LR: 7.231e-04  Data: 0.061 (0.061)
2024-07-10 18:19:49,858 -                train: [    INFO] - Train: 198 [  96/97 (100%)]  Loss:  1.202619 (0.9466)  Time: 0.274s, 1869.40/s  (0.280s, 1826.28/s)  LR: 7.231e-04  Data: 0.000 (0.004)
2024-07-10 18:19:49,974 -                train: [    INFO] - Test: [   0/19]  Time: 0.114 (0.114)  Loss:  0.2041 (0.2041)  Acc@1: 92.9688 (92.9688)  Acc@5: 99.8047 (99.8047)
2024-07-10 18:19:50,714 -                train: [    INFO] - Test: [  19/19]  Time: 0.028 (0.043)  Loss:  0.2554 (0.2102)  Acc@1: 91.9118 (93.2300)  Acc@5: 100.0000 (99.8100)
2024-07-10 18:19:50,889 -                train: [    INFO] - *** Best metric: 93.70999995117188 (epoch 197)
2024-07-10 18:19:51,247 -                train: [    INFO] - Train: 199 [   0/97 (  0%)]  Loss:  0.969046 (0.9690)  Time: 0.356s, 1438.10/s  (0.356s, 1438.10/s)  LR: 7.176e-04  Data: 0.086 (0.086)
2024-07-10 18:20:17,982 -                train: [    INFO] - Train: 199 [  96/97 (100%)]  Loss:  0.879017 (0.9240)  Time: 0.272s, 1884.53/s  (0.279s, 1833.35/s)  LR: 7.176e-04  Data: 0.000 (0.004)
2024-07-10 18:20:18,089 -                train: [    INFO] - Test: [   0/19]  Time: 0.106 (0.106)  Loss:  0.2273 (0.2273)  Acc@1: 94.1406 (94.1406)  Acc@5: 99.8047 (99.8047)
2024-07-10 18:20:18,862 -                train: [    INFO] - Test: [  19/19]  Time: 0.039 (0.044)  Loss:  0.1937 (0.2285)  Acc@1: 95.2206 (92.7100)  Acc@5: 100.0000 (99.8400)
2024-07-10 18:20:19,082 -                train: [    INFO] - *** Best metric: 93.70999995117188 (epoch 197)
2024-07-10 18:20:19,429 -                train: [    INFO] - Train: 200 [   0/97 (  0%)]  Loss:  0.814781 (0.8148)  Time: 0.345s, 1484.53/s  (0.345s, 1484.53/s)  LR: 7.121e-04  Data: 0.074 (0.074)
2024-07-10 18:20:46,544 -                train: [    INFO] - Train: 200 [  96/97 (100%)]  Loss:  0.821107 (0.8179)  Time: 0.275s, 1860.16/s  (0.283s, 1808.69/s)  LR: 7.121e-04  Data: 0.000 (0.004)
2024-07-10 18:20:46,657 -                train: [    INFO] - Test: [   0/19]  Time: 0.110 (0.110)  Loss:  0.1927 (0.1927)  Acc@1: 93.1641 (93.1641)  Acc@5: 100.0000 (100.0000)
2024-07-10 18:20:47,408 -                train: [    INFO] - Test: [  19/19]  Time: 0.037 (0.043)  Loss:  0.2343 (0.2065)  Acc@1: 93.7500 (93.6500)  Acc@5: 100.0000 (99.8500)
2024-07-10 18:20:47,627 - timm.utils.checkpoint_saver: [    INFO] - Current checkpoints:
 ('./output/train/20240710-164625-vitsnn-32/checkpoint-197.pth.tar', 93.70999995117188)
 ('./output/train/20240710-164625-vitsnn-32/checkpoint-200.pth.tar', 93.65)

2024-07-10 18:20:47,628 -                train: [    INFO] - *** Best metric: 93.70999995117188 (epoch 197)
2024-07-10 18:20:47,976 -                train: [    INFO] - Train: 201 [   0/97 (  0%)]  Loss:  0.572839 (0.5728)  Time: 0.347s, 1473.59/s  (0.347s, 1473.59/s)  LR: 7.066e-04  Data: 0.074 (0.074)
2024-07-10 18:21:14,749 -                train: [    INFO] - Train: 201 [  96/97 (100%)]  Loss:  0.839302 (0.7061)  Time: 0.272s, 1885.51/s  (0.280s, 1831.37/s)  LR: 7.066e-04  Data: 0.000 (0.004)
2024-07-10 18:21:14,856 -                train: [    INFO] - Test: [   0/19]  Time: 0.105 (0.105)  Loss:  0.2074 (0.2074)  Acc@1: 93.9453 (93.9453)  Acc@5: 99.6094 (99.6094)
2024-07-10 18:21:15,591 -                train: [    INFO] - Test: [  19/19]  Time: 0.025 (0.042)  Loss:  0.1946 (0.2141)  Acc@1: 93.0147 (92.8600)  Acc@5: 100.0000 (99.8200)
2024-07-10 18:21:15,766 -                train: [    INFO] - *** Best metric: 93.70999995117188 (epoch 197)
2024-07-10 18:21:16,110 -                train: [    INFO] - Train: 202 [   0/97 (  0%)]  Loss:  0.843865 (0.8439)  Time: 0.342s, 1495.12/s  (0.342s, 1495.12/s)  LR: 7.011e-04  Data: 0.071 (0.071)
2024-07-10 18:21:42,809 -                train: [    INFO] - Train: 202 [  96/97 (100%)]  Loss:  0.952169 (0.8980)  Time: 0.272s, 1884.95/s  (0.279s, 1836.72/s)  LR: 7.011e-04  Data: 0.000 (0.004)
2024-07-10 18:21:42,920 -                train: [    INFO] - Test: [   0/19]  Time: 0.109 (0.109)  Loss:  0.1960 (0.1960)  Acc@1: 93.9453 (93.9453)  Acc@5: 100.0000 (100.0000)
2024-07-10 18:21:43,665 -                train: [    INFO] - Test: [  19/19]  Time: 0.027 (0.043)  Loss:  0.2102 (0.2119)  Acc@1: 94.1176 (93.6700)  Acc@5: 100.0000 (99.8500)
2024-07-10 18:21:43,846 - timm.utils.checkpoint_saver: [    INFO] - Current checkpoints:
 ('./output/train/20240710-164625-vitsnn-32/checkpoint-197.pth.tar', 93.70999995117188)
 ('./output/train/20240710-164625-vitsnn-32/checkpoint-202.pth.tar', 93.66999995117187)

2024-07-10 18:21:43,846 -                train: [    INFO] - *** Best metric: 93.70999995117188 (epoch 197)
2024-07-10 18:21:44,189 -                train: [    INFO] - Train: 203 [   0/97 (  0%)]  Loss:  0.661671 (0.6617)  Time: 0.341s, 1499.75/s  (0.341s, 1499.75/s)  LR: 6.956e-04  Data: 0.070 (0.070)
2024-07-10 18:22:10,807 -                train: [    INFO] - Train: 203 [  96/97 (100%)]  Loss:  0.847070 (0.7544)  Time: 0.272s, 1880.31/s  (0.278s, 1842.27/s)  LR: 6.956e-04  Data: 0.000 (0.004)
2024-07-10 18:22:10,916 -                train: [    INFO] - Test: [   0/19]  Time: 0.106 (0.106)  Loss:  0.1882 (0.1882)  Acc@1: 93.9453 (93.9453)  Acc@5: 100.0000 (100.0000)
2024-07-10 18:22:11,684 -                train: [    INFO] - Test: [  19/19]  Time: 0.040 (0.044)  Loss:  0.1902 (0.2061)  Acc@1: 92.6471 (93.2800)  Acc@5: 100.0000 (99.8000)
2024-07-10 18:22:11,843 -                train: [    INFO] - *** Best metric: 93.70999995117188 (epoch 197)
2024-07-10 18:22:12,188 -                train: [    INFO] - Train: 204 [   0/97 (  0%)]  Loss:  0.712342 (0.7123)  Time: 0.344s, 1488.34/s  (0.344s, 1488.34/s)  LR: 6.901e-04  Data: 0.072 (0.072)
2024-07-10 18:22:39,005 -                train: [    INFO] - Train: 204 [  96/97 (100%)]  Loss:  0.901362 (0.8069)  Time: 0.272s, 1882.92/s  (0.280s, 1828.72/s)  LR: 6.901e-04  Data: 0.000 (0.004)
2024-07-10 18:22:39,118 -                train: [    INFO] - Test: [   0/19]  Time: 0.111 (0.111)  Loss:  0.2173 (0.2173)  Acc@1: 93.7500 (93.7500)  Acc@5: 100.0000 (100.0000)
2024-07-10 18:22:39,870 -                train: [    INFO] - Test: [  19/19]  Time: 0.035 (0.043)  Loss:  0.2113 (0.2211)  Acc@1: 92.2794 (93.2200)  Acc@5: 99.6324 (99.7700)
2024-07-10 18:22:40,056 -                train: [    INFO] - *** Best metric: 93.70999995117188 (epoch 197)
2024-07-10 18:22:40,401 -                train: [    INFO] - Train: 205 [   0/97 (  0%)]  Loss:  0.823064 (0.8231)  Time: 0.344s, 1489.20/s  (0.344s, 1489.20/s)  LR: 6.845e-04  Data: 0.073 (0.073)
2024-07-10 18:23:07,373 -                train: [    INFO] - Train: 205 [  96/97 (100%)]  Loss:  0.528372 (0.6757)  Time: 0.272s, 1884.29/s  (0.282s, 1818.22/s)  LR: 6.845e-04  Data: 0.000 (0.004)
2024-07-10 18:23:07,485 -                train: [    INFO] - Test: [   0/19]  Time: 0.109 (0.109)  Loss:  0.1941 (0.1941)  Acc@1: 94.1406 (94.1406)  Acc@5: 99.8047 (99.8047)
2024-07-10 18:23:08,241 -                train: [    INFO] - Test: [  19/19]  Time: 0.028 (0.043)  Loss:  0.2112 (0.2122)  Acc@1: 93.7500 (93.5600)  Acc@5: 100.0000 (99.7700)
2024-07-10 18:23:08,403 -                train: [    INFO] - *** Best metric: 93.70999995117188 (epoch 197)
2024-07-10 18:23:08,768 -                train: [    INFO] - Train: 206 [   0/97 (  0%)]  Loss:  0.749460 (0.7495)  Time: 0.362s, 1413.05/s  (0.362s, 1413.05/s)  LR: 6.790e-04  Data: 0.087 (0.087)
2024-07-10 18:23:35,500 -                train: [    INFO] - Train: 206 [  96/97 (100%)]  Loss:  0.989769 (0.8696)  Time: 0.272s, 1881.63/s  (0.279s, 1833.06/s)  LR: 6.790e-04  Data: 0.000 (0.004)
2024-07-10 18:23:35,627 -                train: [    INFO] - Test: [   0/19]  Time: 0.125 (0.125)  Loss:  0.1823 (0.1823)  Acc@1: 93.7500 (93.7500)  Acc@5: 100.0000 (100.0000)
2024-07-10 18:23:36,391 -                train: [    INFO] - Test: [  19/19]  Time: 0.027 (0.044)  Loss:  0.1539 (0.1973)  Acc@1: 94.8529 (93.8600)  Acc@5: 100.0000 (99.8700)
2024-07-10 18:23:36,621 - timm.utils.checkpoint_saver: [    INFO] - Current checkpoints:
 ('./output/train/20240710-164625-vitsnn-32/checkpoint-206.pth.tar', 93.85999985351563)
 ('./output/train/20240710-164625-vitsnn-32/checkpoint-197.pth.tar', 93.70999995117188)

2024-07-10 18:23:36,622 -                train: [    INFO] - *** Best metric: 93.85999985351563 (epoch 206)
2024-07-10 18:23:36,976 -                train: [    INFO] - Train: 207 [   0/97 (  0%)]  Loss:  0.766594 (0.7666)  Time: 0.354s, 1447.19/s  (0.354s, 1447.19/s)  LR: 6.735e-04  Data: 0.084 (0.084)
2024-07-10 18:24:03,670 -                train: [    INFO] - Train: 207 [  96/97 (100%)]  Loss:  1.033480 (0.9000)  Time: 0.271s, 1886.91/s  (0.279s, 1836.29/s)  LR: 6.735e-04  Data: 0.000 (0.004)
2024-07-10 18:24:03,786 -                train: [    INFO] - Test: [   0/19]  Time: 0.115 (0.115)  Loss:  0.2106 (0.2106)  Acc@1: 92.5781 (92.5781)  Acc@5: 99.8047 (99.8047)
2024-07-10 18:24:04,524 -                train: [    INFO] - Test: [  19/19]  Time: 0.028 (0.043)  Loss:  0.2280 (0.2188)  Acc@1: 91.9118 (93.1400)  Acc@5: 100.0000 (99.7800)
2024-07-10 18:24:04,684 -                train: [    INFO] - *** Best metric: 93.85999985351563 (epoch 206)
2024-07-10 18:24:05,046 -                train: [    INFO] - Train: 208 [   0/97 (  0%)]  Loss:  0.762830 (0.7628)  Time: 0.360s, 1422.23/s  (0.360s, 1422.23/s)  LR: 6.680e-04  Data: 0.089 (0.089)
2024-07-10 18:24:31,934 -                train: [    INFO] - Train: 208 [  96/97 (100%)]  Loss:  0.760209 (0.7615)  Time: 0.272s, 1882.80/s  (0.281s, 1822.80/s)  LR: 6.680e-04  Data: 0.000 (0.004)
2024-07-10 18:24:32,043 -                train: [    INFO] - Test: [   0/19]  Time: 0.107 (0.107)  Loss:  0.1676 (0.1676)  Acc@1: 94.9219 (94.9219)  Acc@5: 99.8047 (99.8047)
2024-07-10 18:24:32,786 -                train: [    INFO] - Test: [  19/19]  Time: 0.026 (0.043)  Loss:  0.1943 (0.2001)  Acc@1: 93.3824 (93.7200)  Acc@5: 100.0000 (99.8400)
2024-07-10 18:24:32,980 - timm.utils.checkpoint_saver: [    INFO] - Current checkpoints:
 ('./output/train/20240710-164625-vitsnn-32/checkpoint-206.pth.tar', 93.85999985351563)
 ('./output/train/20240710-164625-vitsnn-32/checkpoint-208.pth.tar', 93.72000004882813)

2024-07-10 18:24:32,980 -                train: [    INFO] - *** Best metric: 93.85999985351563 (epoch 206)
2024-07-10 18:24:33,314 -                train: [    INFO] - Train: 209 [   0/97 (  0%)]  Loss:  0.879577 (0.8796)  Time: 0.333s, 1538.52/s  (0.333s, 1538.52/s)  LR: 6.625e-04  Data: 0.063 (0.063)
2024-07-10 18:24:59,971 -                train: [    INFO] - Train: 209 [  96/97 (100%)]  Loss:  0.685509 (0.7825)  Time: 0.272s, 1882.33/s  (0.278s, 1840.28/s)  LR: 6.625e-04  Data: 0.000 (0.004)
2024-07-10 18:25:00,083 -                train: [    INFO] - Test: [   0/19]  Time: 0.110 (0.110)  Loss:  0.1758 (0.1758)  Acc@1: 94.5312 (94.5312)  Acc@5: 99.6094 (99.6094)
2024-07-10 18:25:00,818 -                train: [    INFO] - Test: [  19/19]  Time: 0.027 (0.042)  Loss:  0.1691 (0.2072)  Acc@1: 94.4853 (93.4600)  Acc@5: 100.0000 (99.7700)
2024-07-10 18:25:00,989 -                train: [    INFO] - *** Best metric: 93.85999985351563 (epoch 206)
2024-07-10 18:25:01,323 -                train: [    INFO] - Train: 210 [   0/97 (  0%)]  Loss:  0.733273 (0.7333)  Time: 0.332s, 1543.35/s  (0.332s, 1543.35/s)  LR: 6.570e-04  Data: 0.062 (0.062)
2024-07-10 18:25:28,282 -                train: [    INFO] - Train: 210 [  96/97 (100%)]  Loss:  0.886378 (0.8098)  Time: 0.272s, 1885.10/s  (0.281s, 1819.89/s)  LR: 6.570e-04  Data: 0.000 (0.004)
2024-07-10 18:25:28,392 -                train: [    INFO] - Test: [   0/19]  Time: 0.107 (0.107)  Loss:  0.2032 (0.2032)  Acc@1: 92.7734 (92.7734)  Acc@5: 99.6094 (99.6094)
2024-07-10 18:25:29,130 -                train: [    INFO] - Test: [  19/19]  Time: 0.027 (0.042)  Loss:  0.2156 (0.2068)  Acc@1: 93.7500 (93.4400)  Acc@5: 100.0000 (99.7600)
2024-07-10 18:25:29,291 -                train: [    INFO] - *** Best metric: 93.85999985351563 (epoch 206)
2024-07-10 18:25:29,649 -                train: [    INFO] - Train: 211 [   0/97 (  0%)]  Loss:  0.836266 (0.8363)  Time: 0.356s, 1438.04/s  (0.356s, 1438.04/s)  LR: 6.515e-04  Data: 0.082 (0.082)
2024-07-10 18:25:56,462 -                train: [    INFO] - Train: 211 [  96/97 (100%)]  Loss:  0.978949 (0.9076)  Time: 0.273s, 1876.81/s  (0.280s, 1828.08/s)  LR: 6.515e-04  Data: 0.000 (0.004)
2024-07-10 18:25:56,577 -                train: [    INFO] - Test: [   0/19]  Time: 0.112 (0.112)  Loss:  0.2040 (0.2040)  Acc@1: 92.5781 (92.5781)  Acc@5: 99.6094 (99.6094)
2024-07-10 18:25:57,312 -                train: [    INFO] - Test: [  19/19]  Time: 0.027 (0.042)  Loss:  0.1262 (0.2054)  Acc@1: 95.2206 (93.4500)  Acc@5: 100.0000 (99.7600)
2024-07-10 18:25:57,530 -                train: [    INFO] - *** Best metric: 93.85999985351563 (epoch 206)
2024-07-10 18:25:57,870 -                train: [    INFO] - Train: 212 [   0/97 (  0%)]  Loss:  0.749854 (0.7499)  Time: 0.338s, 1513.65/s  (0.338s, 1513.65/s)  LR: 6.460e-04  Data: 0.067 (0.067)
2024-07-10 18:26:24,496 -                train: [    INFO] - Train: 212 [  96/97 (100%)]  Loss:  0.550045 (0.6499)  Time: 0.273s, 1877.58/s  (0.278s, 1842.00/s)  LR: 6.460e-04  Data: 0.000 (0.004)
2024-07-10 18:26:24,605 -                train: [    INFO] - Test: [   0/19]  Time: 0.107 (0.107)  Loss:  0.1868 (0.1868)  Acc@1: 93.7500 (93.7500)  Acc@5: 99.8047 (99.8047)
2024-07-10 18:26:25,365 -                train: [    INFO] - Test: [  19/19]  Time: 0.035 (0.043)  Loss:  0.1746 (0.1968)  Acc@1: 93.3823 (93.8100)  Acc@5: 100.0000 (99.8200)
2024-07-10 18:26:25,574 - timm.utils.checkpoint_saver: [    INFO] - Current checkpoints:
 ('./output/train/20240710-164625-vitsnn-32/checkpoint-206.pth.tar', 93.85999985351563)
 ('./output/train/20240710-164625-vitsnn-32/checkpoint-212.pth.tar', 93.8099998413086)

2024-07-10 18:26:25,574 -                train: [    INFO] - *** Best metric: 93.85999985351563 (epoch 206)
2024-07-10 18:26:25,922 -                train: [    INFO] - Train: 213 [   0/97 (  0%)]  Loss:  0.728518 (0.7285)  Time: 0.347s, 1474.46/s  (0.347s, 1474.46/s)  LR: 6.405e-04  Data: 0.069 (0.069)
2024-07-10 18:26:52,593 -                train: [    INFO] - Train: 213 [  96/97 (100%)]  Loss:  0.697523 (0.7130)  Time: 0.271s, 1886.42/s  (0.279s, 1838.30/s)  LR: 6.405e-04  Data: 0.000 (0.004)
2024-07-10 18:26:52,703 -                train: [    INFO] - Test: [   0/19]  Time: 0.108 (0.108)  Loss:  0.1914 (0.1914)  Acc@1: 93.9453 (93.9453)  Acc@5: 99.8047 (99.8047)
2024-07-10 18:26:53,456 -                train: [    INFO] - Test: [  19/19]  Time: 0.048 (0.043)  Loss:  0.1667 (0.2063)  Acc@1: 95.2206 (93.6000)  Acc@5: 100.0000 (99.8400)
2024-07-10 18:26:53,646 -                train: [    INFO] - *** Best metric: 93.85999985351563 (epoch 206)
2024-07-10 18:26:53,988 -                train: [    INFO] - Train: 214 [   0/97 (  0%)]  Loss:  0.782095 (0.7821)  Time: 0.340s, 1506.80/s  (0.340s, 1506.80/s)  LR: 6.351e-04  Data: 0.069 (0.069)
2024-07-10 18:27:20,721 -                train: [    INFO] - Train: 214 [  96/97 (100%)]  Loss:  1.222287 (1.0022)  Time: 0.272s, 1881.35/s  (0.279s, 1834.58/s)  LR: 6.351e-04  Data: 0.000 (0.004)
2024-07-10 18:27:20,838 -                train: [    INFO] - Test: [   0/19]  Time: 0.116 (0.116)  Loss:  0.1785 (0.1785)  Acc@1: 93.7500 (93.7500)  Acc@5: 99.6094 (99.6094)
2024-07-10 18:27:21,587 -                train: [    INFO] - Test: [  19/19]  Time: 0.035 (0.043)  Loss:  0.2220 (0.2106)  Acc@1: 91.5441 (93.0000)  Acc@5: 100.0000 (99.7900)
2024-07-10 18:27:21,769 -                train: [    INFO] - *** Best metric: 93.85999985351563 (epoch 206)
2024-07-10 18:27:22,119 -                train: [    INFO] - Train: 215 [   0/97 (  0%)]  Loss:  0.670931 (0.6709)  Time: 0.349s, 1468.80/s  (0.349s, 1468.80/s)  LR: 6.296e-04  Data: 0.074 (0.074)
2024-07-10 18:27:49,141 -                train: [    INFO] - Train: 215 [  96/97 (100%)]  Loss:  0.849205 (0.7601)  Time: 0.276s, 1857.03/s  (0.282s, 1814.66/s)  LR: 6.296e-04  Data: 0.000 (0.004)
2024-07-10 18:27:49,251 -                train: [    INFO] - Test: [   0/19]  Time: 0.108 (0.108)  Loss:  0.1932 (0.1932)  Acc@1: 95.1172 (95.1172)  Acc@5: 99.8047 (99.8047)
2024-07-10 18:27:50,004 -                train: [    INFO] - Test: [  19/19]  Time: 0.039 (0.043)  Loss:  0.1920 (0.2098)  Acc@1: 94.1176 (93.4600)  Acc@5: 100.0000 (99.8100)
2024-07-10 18:27:50,230 -                train: [    INFO] - *** Best metric: 93.85999985351563 (epoch 206)
2024-07-10 18:27:50,580 -                train: [    INFO] - Train: 216 [   0/97 (  0%)]  Loss:  0.985822 (0.9858)  Time: 0.348s, 1469.40/s  (0.348s, 1469.40/s)  LR: 6.241e-04  Data: 0.075 (0.075)
2024-07-10 18:28:17,194 -                train: [    INFO] - Train: 216 [  96/97 (100%)]  Loss:  0.863457 (0.9246)  Time: 0.272s, 1883.76/s  (0.278s, 1842.13/s)  LR: 6.241e-04  Data: 0.000 (0.004)
2024-07-10 18:28:17,311 -                train: [    INFO] - Test: [   0/19]  Time: 0.115 (0.115)  Loss:  0.2029 (0.2029)  Acc@1: 92.9688 (92.9688)  Acc@5: 99.8047 (99.8047)
2024-07-10 18:28:18,060 -                train: [    INFO] - Test: [  19/19]  Time: 0.035 (0.043)  Loss:  0.2502 (0.2124)  Acc@1: 91.1765 (93.4500)  Acc@5: 99.6324 (99.7700)
2024-07-10 18:28:18,231 -                train: [    INFO] - *** Best metric: 93.85999985351563 (epoch 206)
2024-07-10 18:28:18,579 -                train: [    INFO] - Train: 217 [   0/97 (  0%)]  Loss:  0.995934 (0.9959)  Time: 0.346s, 1478.73/s  (0.346s, 1478.73/s)  LR: 6.186e-04  Data: 0.072 (0.072)
2024-07-10 18:28:45,331 -                train: [    INFO] - Train: 217 [  96/97 (100%)]  Loss:  0.957386 (0.9767)  Time: 0.272s, 1883.84/s  (0.279s, 1832.81/s)  LR: 6.186e-04  Data: 0.000 (0.004)
2024-07-10 18:28:45,444 -                train: [    INFO] - Test: [   0/19]  Time: 0.111 (0.111)  Loss:  0.2031 (0.2031)  Acc@1: 93.3594 (93.3594)  Acc@5: 99.6094 (99.6094)
2024-07-10 18:28:46,212 -                train: [    INFO] - Test: [  19/19]  Time: 0.041 (0.044)  Loss:  0.1855 (0.2095)  Acc@1: 94.8529 (93.2600)  Acc@5: 100.0000 (99.8200)
2024-07-10 18:28:46,413 -                train: [    INFO] - *** Best metric: 93.85999985351563 (epoch 206)
2024-07-10 18:28:46,750 -                train: [    INFO] - Train: 218 [   0/97 (  0%)]  Loss:  0.869217 (0.8692)  Time: 0.335s, 1527.18/s  (0.335s, 1527.18/s)  LR: 6.132e-04  Data: 0.062 (0.062)
2024-07-10 18:29:13,356 -                train: [    INFO] - Train: 218 [  96/97 (100%)]  Loss:  0.985450 (0.9273)  Time: 0.271s, 1886.81/s  (0.278s, 1843.51/s)  LR: 6.132e-04  Data: 0.000 (0.004)
2024-07-10 18:29:13,467 -                train: [    INFO] - Test: [   0/19]  Time: 0.109 (0.109)  Loss:  0.1996 (0.1996)  Acc@1: 93.9453 (93.9453)  Acc@5: 99.6094 (99.6094)
2024-07-10 18:29:14,182 -                train: [    INFO] - Test: [  19/19]  Time: 0.025 (0.041)  Loss:  0.1896 (0.2129)  Acc@1: 93.7500 (93.5000)  Acc@5: 100.0000 (99.7800)
2024-07-10 18:29:14,402 -                train: [    INFO] - *** Best metric: 93.85999985351563 (epoch 206)
2024-07-10 18:29:14,765 -                train: [    INFO] - Train: 219 [   0/97 (  0%)]  Loss:  1.118795 (1.1188)  Time: 0.359s, 1424.32/s  (0.359s, 1424.32/s)  LR: 6.077e-04  Data: 0.089 (0.089)
2024-07-10 18:29:41,553 -                train: [    INFO] - Train: 219 [  96/97 (100%)]  Loss:  0.786131 (0.9525)  Time: 0.272s, 1884.26/s  (0.280s, 1829.53/s)  LR: 6.077e-04  Data: 0.000 (0.004)
2024-07-10 18:29:41,663 -                train: [    INFO] - Test: [   0/19]  Time: 0.108 (0.108)  Loss:  0.1836 (0.1836)  Acc@1: 93.9453 (93.9453)  Acc@5: 99.6094 (99.6094)
2024-07-10 18:29:42,412 -                train: [    INFO] - Test: [  19/19]  Time: 0.041 (0.043)  Loss:  0.2133 (0.2039)  Acc@1: 93.0147 (93.4300)  Acc@5: 100.0000 (99.8100)
2024-07-10 18:29:42,583 -                train: [    INFO] - *** Best metric: 93.85999985351563 (epoch 206)
2024-07-10 18:29:42,937 -                train: [    INFO] - Train: 220 [   0/97 (  0%)]  Loss:  0.826127 (0.8261)  Time: 0.353s, 1451.09/s  (0.353s, 1451.09/s)  LR: 6.023e-04  Data: 0.080 (0.080)
2024-07-10 18:30:09,927 -                train: [    INFO] - Train: 220 [  96/97 (100%)]  Loss:  0.596479 (0.7113)  Time: 0.272s, 1885.11/s  (0.282s, 1816.58/s)  LR: 6.023e-04  Data: 0.000 (0.004)
2024-07-10 18:30:10,040 -                train: [    INFO] - Test: [   0/19]  Time: 0.112 (0.112)  Loss:  0.2032 (0.2032)  Acc@1: 93.7500 (93.7500)  Acc@5: 100.0000 (100.0000)
2024-07-10 18:30:10,782 -                train: [    INFO] - Test: [  19/19]  Time: 0.028 (0.043)  Loss:  0.2184 (0.2137)  Acc@1: 91.9118 (93.2500)  Acc@5: 100.0000 (99.7800)
2024-07-10 18:30:11,000 -                train: [    INFO] - *** Best metric: 93.85999985351563 (epoch 206)
2024-07-10 18:30:11,362 -                train: [    INFO] - Train: 221 [   0/97 (  0%)]  Loss:  0.598691 (0.5987)  Time: 0.361s, 1419.44/s  (0.361s, 1419.44/s)  LR: 5.968e-04  Data: 0.089 (0.089)
2024-07-10 18:30:37,957 -                train: [    INFO] - Train: 221 [  96/97 (100%)]  Loss:  0.762243 (0.6805)  Time: 0.272s, 1881.37/s  (0.278s, 1842.54/s)  LR: 5.968e-04  Data: 0.000 (0.004)
2024-07-10 18:30:38,068 -                train: [    INFO] - Test: [   0/19]  Time: 0.108 (0.108)  Loss:  0.1813 (0.1813)  Acc@1: 95.1172 (95.1172)  Acc@5: 100.0000 (100.0000)
2024-07-10 18:30:38,801 -                train: [    INFO] - Test: [  19/19]  Time: 0.024 (0.042)  Loss:  0.1840 (0.2013)  Acc@1: 94.8529 (93.4200)  Acc@5: 99.6324 (99.8000)
2024-07-10 18:30:39,054 -                train: [    INFO] - *** Best metric: 93.85999985351563 (epoch 206)
2024-07-10 18:30:39,390 -                train: [    INFO] - Train: 222 [   0/97 (  0%)]  Loss:  0.816979 (0.8170)  Time: 0.334s, 1531.99/s  (0.334s, 1531.99/s)  LR: 5.914e-04  Data: 0.064 (0.064)
2024-07-10 18:31:06,024 -                train: [    INFO] - Train: 222 [  96/97 (100%)]  Loss:  0.874465 (0.8457)  Time: 0.271s, 1888.63/s  (0.278s, 1841.66/s)  LR: 5.914e-04  Data: 0.000 (0.004)
2024-07-10 18:31:06,139 -                train: [    INFO] - Test: [   0/19]  Time: 0.113 (0.113)  Loss:  0.1896 (0.1896)  Acc@1: 94.1406 (94.1406)  Acc@5: 100.0000 (100.0000)
2024-07-10 18:31:06,887 -                train: [    INFO] - Test: [  19/19]  Time: 0.028 (0.043)  Loss:  0.1667 (0.2032)  Acc@1: 95.9559 (93.4000)  Acc@5: 99.6324 (99.8000)
2024-07-10 18:31:07,087 -                train: [    INFO] - *** Best metric: 93.85999985351563 (epoch 206)
2024-07-10 18:31:07,431 -                train: [    INFO] - Train: 223 [   0/97 (  0%)]  Loss:  0.604017 (0.6040)  Time: 0.342s, 1495.69/s  (0.342s, 1495.69/s)  LR: 5.860e-04  Data: 0.072 (0.072)
2024-07-10 18:31:34,265 -                train: [    INFO] - Train: 223 [  96/97 (100%)]  Loss:  0.758483 (0.6813)  Time: 0.272s, 1882.83/s  (0.280s, 1827.58/s)  LR: 5.860e-04  Data: 0.000 (0.004)
2024-07-10 18:31:34,378 -                train: [    INFO] - Test: [   0/19]  Time: 0.111 (0.111)  Loss:  0.1985 (0.1985)  Acc@1: 94.1406 (94.1406)  Acc@5: 100.0000 (100.0000)
2024-07-10 18:31:35,096 -                train: [    INFO] - Test: [  19/19]  Time: 0.024 (0.041)  Loss:  0.1884 (0.2053)  Acc@1: 94.1176 (93.6400)  Acc@5: 100.0000 (99.8000)
2024-07-10 18:31:35,291 -                train: [    INFO] - *** Best metric: 93.85999985351563 (epoch 206)
2024-07-10 18:31:35,639 -                train: [    INFO] - Train: 224 [   0/97 (  0%)]  Loss:  0.653723 (0.6537)  Time: 0.345s, 1485.03/s  (0.345s, 1485.03/s)  LR: 5.805e-04  Data: 0.074 (0.074)
2024-07-10 18:32:02,614 -                train: [    INFO] - Train: 224 [  96/97 (100%)]  Loss:  1.026244 (0.8400)  Time: 0.272s, 1880.58/s  (0.282s, 1818.00/s)  LR: 5.805e-04  Data: 0.000 (0.004)
2024-07-10 18:32:02,723 -                train: [    INFO] - Test: [   0/19]  Time: 0.107 (0.107)  Loss:  0.1959 (0.1959)  Acc@1: 93.9453 (93.9453)  Acc@5: 99.6094 (99.6094)
2024-07-10 18:32:03,448 -                train: [    INFO] - Test: [  19/19]  Time: 0.024 (0.042)  Loss:  0.1841 (0.2065)  Acc@1: 93.3824 (93.3400)  Acc@5: 100.0000 (99.8400)
2024-07-10 18:32:03,612 -                train: [    INFO] - *** Best metric: 93.85999985351563 (epoch 206)
2024-07-10 18:32:03,954 -                train: [    INFO] - Train: 225 [   0/97 (  0%)]  Loss:  0.826425 (0.8264)  Time: 0.340s, 1505.17/s  (0.340s, 1505.17/s)  LR: 5.751e-04  Data: 0.065 (0.065)
2024-07-10 18:32:30,813 -                train: [    INFO] - Train: 225 [  96/97 (100%)]  Loss:  0.631412 (0.7289)  Time: 0.272s, 1882.62/s  (0.280s, 1826.07/s)  LR: 5.751e-04  Data: 0.000 (0.004)
2024-07-10 18:32:30,925 -                train: [    INFO] - Test: [   0/19]  Time: 0.111 (0.111)  Loss:  0.2012 (0.2012)  Acc@1: 92.7734 (92.7734)  Acc@5: 99.6094 (99.6094)
2024-07-10 18:32:31,688 -                train: [    INFO] - Test: [  19/19]  Time: 0.027 (0.044)  Loss:  0.2322 (0.2085)  Acc@1: 91.9118 (92.9600)  Acc@5: 100.0000 (99.8800)
2024-07-10 18:32:31,908 -                train: [    INFO] - *** Best metric: 93.85999985351563 (epoch 206)
2024-07-10 18:32:32,251 -                train: [    INFO] - Train: 226 [   0/97 (  0%)]  Loss:  0.678294 (0.6783)  Time: 0.341s, 1502.54/s  (0.341s, 1502.54/s)  LR: 5.697e-04  Data: 0.070 (0.070)
2024-07-10 18:32:58,848 -                train: [    INFO] - Train: 226 [  96/97 (100%)]  Loss:  0.665724 (0.6720)  Time: 0.272s, 1881.35/s  (0.278s, 1844.18/s)  LR: 5.697e-04  Data: 0.000 (0.004)
2024-07-10 18:32:58,960 -                train: [    INFO] - Test: [   0/19]  Time: 0.110 (0.110)  Loss:  0.2045 (0.2045)  Acc@1: 92.9688 (92.9688)  Acc@5: 99.6094 (99.6094)
2024-07-10 18:32:59,685 -                train: [    INFO] - Test: [  19/19]  Time: 0.024 (0.042)  Loss:  0.1788 (0.2052)  Acc@1: 95.2206 (93.4700)  Acc@5: 99.2647 (99.8000)
2024-07-10 18:32:59,887 -                train: [    INFO] - *** Best metric: 93.85999985351563 (epoch 206)
2024-07-10 18:33:00,228 -                train: [    INFO] - Train: 227 [   0/97 (  0%)]  Loss:  0.970662 (0.9707)  Time: 0.338s, 1514.71/s  (0.338s, 1514.71/s)  LR: 5.643e-04  Data: 0.067 (0.067)
2024-07-10 18:33:26,842 -                train: [    INFO] - Train: 227 [  96/97 (100%)]  Loss:  0.761986 (0.8663)  Time: 0.272s, 1885.58/s  (0.278s, 1842.81/s)  LR: 5.643e-04  Data: 0.000 (0.004)
2024-07-10 18:33:26,956 -                train: [    INFO] - Test: [   0/19]  Time: 0.112 (0.112)  Loss:  0.1694 (0.1694)  Acc@1: 94.3359 (94.3359)  Acc@5: 100.0000 (100.0000)
2024-07-10 18:33:27,702 -                train: [    INFO] - Test: [  19/19]  Time: 0.027 (0.043)  Loss:  0.1849 (0.1935)  Acc@1: 94.1177 (93.9500)  Acc@5: 100.0000 (99.8400)
2024-07-10 18:33:27,945 - timm.utils.checkpoint_saver: [    INFO] - Current checkpoints:
 ('./output/train/20240710-164625-vitsnn-32/checkpoint-227.pth.tar', 93.95000015869141)
 ('./output/train/20240710-164625-vitsnn-32/checkpoint-206.pth.tar', 93.85999985351563)

2024-07-10 18:33:27,945 -                train: [    INFO] - *** Best metric: 93.95000015869141 (epoch 227)
2024-07-10 18:33:28,283 -                train: [    INFO] - Train: 228 [   0/97 (  0%)]  Loss:  0.880671 (0.8807)  Time: 0.336s, 1522.83/s  (0.336s, 1522.83/s)  LR: 5.589e-04  Data: 0.066 (0.066)
2024-07-10 18:33:55,047 -                train: [    INFO] - Train: 228 [  96/97 (100%)]  Loss:  0.728695 (0.8047)  Time: 0.271s, 1886.65/s  (0.279s, 1832.70/s)  LR: 5.589e-04  Data: 0.000 (0.004)
2024-07-10 18:33:55,172 -                train: [    INFO] - Test: [   0/19]  Time: 0.124 (0.124)  Loss:  0.1902 (0.1902)  Acc@1: 94.3359 (94.3359)  Acc@5: 99.8047 (99.8047)
2024-07-10 18:33:55,918 -                train: [    INFO] - Test: [  19/19]  Time: 0.027 (0.043)  Loss:  0.1877 (0.1995)  Acc@1: 93.7500 (93.9200)  Acc@5: 100.0000 (99.8100)
2024-07-10 18:33:56,089 - timm.utils.checkpoint_saver: [    INFO] - Current checkpoints:
 ('./output/train/20240710-164625-vitsnn-32/checkpoint-227.pth.tar', 93.95000015869141)
 ('./output/train/20240710-164625-vitsnn-32/checkpoint-228.pth.tar', 93.92)

2024-07-10 18:33:56,090 -                train: [    INFO] - *** Best metric: 93.95000015869141 (epoch 227)
2024-07-10 18:33:56,430 -                train: [    INFO] - Train: 229 [   0/97 (  0%)]  Loss:  0.744198 (0.7442)  Time: 0.339s, 1510.67/s  (0.339s, 1510.67/s)  LR: 5.536e-04  Data: 0.068 (0.068)
2024-07-10 18:34:23,165 -                train: [    INFO] - Train: 229 [  96/97 (100%)]  Loss:  0.515349 (0.6298)  Time: 0.272s, 1880.52/s  (0.279s, 1834.45/s)  LR: 5.536e-04  Data: 0.000 (0.004)
2024-07-10 18:34:23,277 -                train: [    INFO] - Test: [   0/19]  Time: 0.109 (0.109)  Loss:  0.1741 (0.1741)  Acc@1: 94.5312 (94.5312)  Acc@5: 99.6094 (99.6094)
2024-07-10 18:34:24,038 -                train: [    INFO] - Test: [  19/19]  Time: 0.033 (0.044)  Loss:  0.1919 (0.1967)  Acc@1: 94.1176 (93.9500)  Acc@5: 100.0000 (99.8400)
2024-07-10 18:34:24,222 - timm.utils.checkpoint_saver: [    INFO] - Current checkpoints:
 ('./output/train/20240710-164625-vitsnn-32/checkpoint-227.pth.tar', 93.95000015869141)
 ('./output/train/20240710-164625-vitsnn-32/checkpoint-229.pth.tar', 93.94999995117188)

2024-07-10 18:34:24,222 -                train: [    INFO] - *** Best metric: 93.95000015869141 (epoch 227)
2024-07-10 18:34:24,564 -                train: [    INFO] - Train: 230 [   0/97 (  0%)]  Loss:  0.977091 (0.9771)  Time: 0.340s, 1506.05/s  (0.340s, 1506.05/s)  LR: 5.482e-04  Data: 0.070 (0.070)
2024-07-10 18:34:51,279 -                train: [    INFO] - Train: 230 [  96/97 (100%)]  Loss:  0.695208 (0.8361)  Time: 0.272s, 1882.02/s  (0.279s, 1835.79/s)  LR: 5.482e-04  Data: 0.000 (0.004)
2024-07-10 18:34:51,392 -                train: [    INFO] - Test: [   0/19]  Time: 0.111 (0.111)  Loss:  0.1870 (0.1870)  Acc@1: 94.1406 (94.1406)  Acc@5: 99.6094 (99.6094)
2024-07-10 18:34:52,111 -                train: [    INFO] - Test: [  19/19]  Time: 0.024 (0.042)  Loss:  0.1670 (0.1947)  Acc@1: 95.2206 (93.8000)  Acc@5: 100.0000 (99.8000)
2024-07-10 18:34:52,322 -                train: [    INFO] - *** Best metric: 93.95000015869141 (epoch 227)
2024-07-10 18:34:52,661 -                train: [    INFO] - Train: 231 [   0/97 (  0%)]  Loss:  1.014956 (1.0150)  Time: 0.338s, 1516.90/s  (0.338s, 1516.90/s)  LR: 5.428e-04  Data: 0.067 (0.067)
2024-07-10 18:35:19,180 -                train: [    INFO] - Train: 231 [  96/97 (100%)]  Loss:  0.751161 (0.8831)  Time: 0.271s, 1885.95/s  (0.277s, 1849.29/s)  LR: 5.428e-04  Data: 0.000 (0.004)
2024-07-10 18:35:19,294 -                train: [    INFO] - Test: [   0/19]  Time: 0.112 (0.112)  Loss:  0.1862 (0.1862)  Acc@1: 93.9453 (93.9453)  Acc@5: 99.8047 (99.8047)
2024-07-10 18:35:20,021 -                train: [    INFO] - Test: [  19/19]  Time: 0.028 (0.042)  Loss:  0.1620 (0.1967)  Acc@1: 94.8529 (93.5800)  Acc@5: 100.0000 (99.8400)
2024-07-10 18:35:20,201 -                train: [    INFO] - *** Best metric: 93.95000015869141 (epoch 227)
2024-07-10 18:35:20,556 -                train: [    INFO] - Train: 232 [   0/97 (  0%)]  Loss:  0.978328 (0.9783)  Time: 0.354s, 1444.69/s  (0.354s, 1444.69/s)  LR: 5.375e-04  Data: 0.084 (0.084)
2024-07-10 18:35:47,202 -                train: [    INFO] - Train: 232 [  96/97 (100%)]  Loss:  0.793270 (0.8858)  Time: 0.272s, 1884.58/s  (0.278s, 1839.51/s)  LR: 5.375e-04  Data: 0.000 (0.004)
2024-07-10 18:35:47,311 -                train: [    INFO] - Test: [   0/19]  Time: 0.107 (0.107)  Loss:  0.1710 (0.1710)  Acc@1: 94.5312 (94.5312)  Acc@5: 99.8047 (99.8047)
2024-07-10 18:35:48,053 -                train: [    INFO] - Test: [  19/19]  Time: 0.027 (0.042)  Loss:  0.2021 (0.1959)  Acc@1: 93.3823 (93.8300)  Acc@5: 100.0000 (99.8700)
2024-07-10 18:35:48,221 -                train: [    INFO] - *** Best metric: 93.95000015869141 (epoch 227)
2024-07-10 18:35:48,561 -                train: [    INFO] - Train: 233 [   0/97 (  0%)]  Loss:  0.854373 (0.8544)  Time: 0.339s, 1511.80/s  (0.339s, 1511.80/s)  LR: 5.322e-04  Data: 0.066 (0.066)
2024-07-10 18:36:15,242 -                train: [    INFO] - Train: 233 [  96/97 (100%)]  Loss:  0.766614 (0.8105)  Time: 0.272s, 1882.52/s  (0.279s, 1838.14/s)  LR: 5.322e-04  Data: 0.000 (0.004)
2024-07-10 18:36:15,351 -                train: [    INFO] - Test: [   0/19]  Time: 0.107 (0.107)  Loss:  0.1787 (0.1787)  Acc@1: 94.9219 (94.9219)  Acc@5: 99.6094 (99.6094)
2024-07-10 18:36:16,089 -                train: [    INFO] - Test: [  19/19]  Time: 0.027 (0.042)  Loss:  0.2012 (0.2002)  Acc@1: 93.3824 (94.0400)  Acc@5: 100.0000 (99.8300)
2024-07-10 18:36:16,284 - timm.utils.checkpoint_saver: [    INFO] - Current checkpoints:
 ('./output/train/20240710-164625-vitsnn-32/checkpoint-233.pth.tar', 94.04000004882812)
 ('./output/train/20240710-164625-vitsnn-32/checkpoint-227.pth.tar', 93.95000015869141)

2024-07-10 18:36:16,284 -                train: [    INFO] - *** Best metric: 94.04000004882812 (epoch 233)
2024-07-10 18:36:16,623 -                train: [    INFO] - Train: 234 [   0/97 (  0%)]  Loss:  0.939096 (0.9391)  Time: 0.338s, 1515.78/s  (0.338s, 1515.78/s)  LR: 5.268e-04  Data: 0.059 (0.059)
2024-07-10 18:36:43,515 -                train: [    INFO] - Train: 234 [  96/97 (100%)]  Loss:  0.738678 (0.8389)  Time: 0.271s, 1886.86/s  (0.281s, 1824.02/s)  LR: 5.268e-04  Data: 0.000 (0.004)
2024-07-10 18:36:43,631 -                train: [    INFO] - Test: [   0/19]  Time: 0.115 (0.115)  Loss:  0.1689 (0.1689)  Acc@1: 94.7266 (94.7266)  Acc@5: 99.8047 (99.8047)
2024-07-10 18:36:44,350 -                train: [    INFO] - Test: [  19/19]  Time: 0.024 (0.042)  Loss:  0.1859 (0.2040)  Acc@1: 94.4853 (93.8200)  Acc@5: 99.6324 (99.7700)
2024-07-10 18:36:44,508 -                train: [    INFO] - *** Best metric: 94.04000004882812 (epoch 233)
2024-07-10 18:36:44,858 -                train: [    INFO] - Train: 235 [   0/97 (  0%)]  Loss:  1.176482 (1.1765)  Time: 0.348s, 1472.67/s  (0.348s, 1472.67/s)  LR: 5.215e-04  Data: 0.068 (0.068)
2024-07-10 18:37:11,784 -                train: [    INFO] - Train: 235 [  96/97 (100%)]  Loss:  0.660603 (0.9185)  Time: 0.271s, 1887.99/s  (0.281s, 1821.10/s)  LR: 5.215e-04  Data: 0.000 (0.004)
2024-07-10 18:37:11,900 -                train: [    INFO] - Test: [   0/19]  Time: 0.115 (0.115)  Loss:  0.1726 (0.1726)  Acc@1: 94.5312 (94.5312)  Acc@5: 99.6094 (99.6094)
2024-07-10 18:37:12,637 -                train: [    INFO] - Test: [  19/19]  Time: 0.028 (0.043)  Loss:  0.1844 (0.1911)  Acc@1: 94.4853 (94.0300)  Acc@5: 100.0000 (99.8600)
2024-07-10 18:37:12,824 - timm.utils.checkpoint_saver: [    INFO] - Current checkpoints:
 ('./output/train/20240710-164625-vitsnn-32/checkpoint-233.pth.tar', 94.04000004882812)
 ('./output/train/20240710-164625-vitsnn-32/checkpoint-235.pth.tar', 94.02999990234375)

2024-07-10 18:37:12,824 -                train: [    INFO] - *** Best metric: 94.04000004882812 (epoch 233)
2024-07-10 18:37:13,189 -                train: [    INFO] - Train: 236 [   0/97 (  0%)]  Loss:  0.908795 (0.9088)  Time: 0.364s, 1408.48/s  (0.364s, 1408.48/s)  LR: 5.162e-04  Data: 0.093 (0.093)
2024-07-10 18:37:39,893 -                train: [    INFO] - Train: 236 [  96/97 (100%)]  Loss:  0.772948 (0.8409)  Time: 0.272s, 1885.71/s  (0.279s, 1834.92/s)  LR: 5.162e-04  Data: 0.000 (0.004)
2024-07-10 18:37:40,005 -                train: [    INFO] - Test: [   0/19]  Time: 0.110 (0.110)  Loss:  0.1840 (0.1840)  Acc@1: 94.5312 (94.5312)  Acc@5: 99.8047 (99.8047)
2024-07-10 18:37:40,768 -                train: [    INFO] - Test: [  19/19]  Time: 0.036 (0.044)  Loss:  0.2034 (0.1984)  Acc@1: 94.1176 (93.6700)  Acc@5: 100.0000 (99.7900)
2024-07-10 18:37:40,976 -                train: [    INFO] - *** Best metric: 94.04000004882812 (epoch 233)
2024-07-10 18:37:41,312 -                train: [    INFO] - Train: 237 [   0/97 (  0%)]  Loss:  0.795594 (0.7956)  Time: 0.334s, 1531.32/s  (0.334s, 1531.32/s)  LR: 5.109e-04  Data: 0.064 (0.064)
2024-07-10 18:38:07,930 -                train: [    INFO] - Train: 237 [  96/97 (100%)]  Loss:  0.941537 (0.8686)  Time: 0.271s, 1888.00/s  (0.278s, 1842.74/s)  LR: 5.109e-04  Data: 0.000 (0.004)
2024-07-10 18:38:08,053 -                train: [    INFO] - Test: [   0/19]  Time: 0.122 (0.122)  Loss:  0.1704 (0.1704)  Acc@1: 94.1406 (94.1406)  Acc@5: 99.8047 (99.8047)
2024-07-10 18:38:08,800 -                train: [    INFO] - Test: [  19/19]  Time: 0.027 (0.043)  Loss:  0.2012 (0.2014)  Acc@1: 93.0147 (93.6000)  Acc@5: 100.0000 (99.8400)
2024-07-10 18:38:09,034 -                train: [    INFO] - *** Best metric: 94.04000004882812 (epoch 233)
2024-07-10 18:38:09,379 -                train: [    INFO] - Train: 238 [   0/97 (  0%)]  Loss:  0.946120 (0.9461)  Time: 0.344s, 1490.02/s  (0.344s, 1490.02/s)  LR: 5.057e-04  Data: 0.069 (0.069)
2024-07-10 18:38:36,169 -                train: [    INFO] - Train: 238 [  96/97 (100%)]  Loss:  0.895502 (0.9208)  Time: 0.271s, 1888.51/s  (0.280s, 1830.50/s)  LR: 5.057e-04  Data: 0.000 (0.004)
2024-07-10 18:38:36,281 -                train: [    INFO] - Test: [   0/19]  Time: 0.111 (0.111)  Loss:  0.1980 (0.1980)  Acc@1: 93.1641 (93.1641)  Acc@5: 100.0000 (100.0000)
2024-07-10 18:38:36,999 -                train: [    INFO] - Test: [  19/19]  Time: 0.024 (0.041)  Loss:  0.1963 (0.2030)  Acc@1: 92.6471 (93.2700)  Acc@5: 100.0000 (99.8300)
2024-07-10 18:38:37,201 -                train: [    INFO] - *** Best metric: 94.04000004882812 (epoch 233)
2024-07-10 18:38:37,541 -                train: [    INFO] - Train: 239 [   0/97 (  0%)]  Loss:  1.043527 (1.0435)  Time: 0.339s, 1511.06/s  (0.339s, 1511.06/s)  LR: 5.004e-04  Data: 0.066 (0.066)
2024-07-10 18:39:04,397 -                train: [    INFO] - Train: 239 [  96/97 (100%)]  Loss:  0.499222 (0.7714)  Time: 0.276s, 1856.67/s  (0.280s, 1826.38/s)  LR: 5.004e-04  Data: 0.000 (0.004)
2024-07-10 18:39:04,519 -                train: [    INFO] - Test: [   0/19]  Time: 0.120 (0.120)  Loss:  0.1675 (0.1675)  Acc@1: 94.3359 (94.3359)  Acc@5: 100.0000 (100.0000)
2024-07-10 18:39:05,278 -                train: [    INFO] - Test: [  19/19]  Time: 0.027 (0.044)  Loss:  0.2031 (0.1874)  Acc@1: 93.3823 (93.9800)  Acc@5: 100.0000 (99.8700)
2024-07-10 18:39:05,451 -                train: [    INFO] - *** Best metric: 94.04000004882812 (epoch 233)
2024-07-10 18:39:05,794 -                train: [    INFO] - Train: 240 [   0/97 (  0%)]  Loss:  0.527259 (0.5273)  Time: 0.341s, 1501.22/s  (0.341s, 1501.22/s)  LR: 4.951e-04  Data: 0.071 (0.071)
2024-07-10 18:39:32,574 -                train: [    INFO] - Train: 240 [  96/97 (100%)]  Loss:  0.822829 (0.6750)  Time: 0.272s, 1882.67/s  (0.280s, 1831.33/s)  LR: 4.951e-04  Data: 0.000 (0.004)
2024-07-10 18:39:32,686 -                train: [    INFO] - Test: [   0/19]  Time: 0.112 (0.112)  Loss:  0.1744 (0.1744)  Acc@1: 95.3125 (95.3125)  Acc@5: 100.0000 (100.0000)
2024-07-10 18:39:33,452 -                train: [    INFO] - Test: [  19/19]  Time: 0.036 (0.044)  Loss:  0.2047 (0.1988)  Acc@1: 94.4853 (93.9500)  Acc@5: 100.0000 (99.8200)
2024-07-10 18:39:33,680 -                train: [    INFO] - *** Best metric: 94.04000004882812 (epoch 233)
2024-07-10 18:39:34,024 -                train: [    INFO] - Train: 241 [   0/97 (  0%)]  Loss:  0.869520 (0.8695)  Time: 0.342s, 1495.56/s  (0.342s, 1495.56/s)  LR: 4.899e-04  Data: 0.072 (0.072)
2024-07-10 18:40:00,742 -                train: [    INFO] - Train: 241 [  96/97 (100%)]  Loss:  0.576002 (0.7228)  Time: 0.273s, 1876.55/s  (0.279s, 1835.46/s)  LR: 4.899e-04  Data: 0.000 (0.004)
2024-07-10 18:40:00,853 -                train: [    INFO] - Test: [   0/19]  Time: 0.110 (0.110)  Loss:  0.1759 (0.1759)  Acc@1: 94.1406 (94.1406)  Acc@5: 100.0000 (100.0000)
2024-07-10 18:40:01,592 -                train: [    INFO] - Test: [  19/19]  Time: 0.028 (0.042)  Loss:  0.1851 (0.1931)  Acc@1: 94.1176 (93.6500)  Acc@5: 100.0000 (99.7900)
2024-07-10 18:40:01,763 -                train: [    INFO] - *** Best metric: 94.04000004882812 (epoch 233)
2024-07-10 18:40:02,101 -                train: [    INFO] - Train: 242 [   0/97 (  0%)]  Loss:  1.248092 (1.2481)  Time: 0.337s, 1521.45/s  (0.337s, 1521.45/s)  LR: 4.847e-04  Data: 0.066 (0.066)
2024-07-10 18:40:28,717 -                train: [    INFO] - Train: 242 [  96/97 (100%)]  Loss:  0.670978 (0.9595)  Time: 0.272s, 1884.43/s  (0.278s, 1842.78/s)  LR: 4.847e-04  Data: 0.000 (0.004)
2024-07-10 18:40:28,831 -                train: [    INFO] - Test: [   0/19]  Time: 0.112 (0.112)  Loss:  0.1703 (0.1703)  Acc@1: 94.1406 (94.1406)  Acc@5: 99.8047 (99.8047)
2024-07-10 18:40:29,566 -                train: [    INFO] - Test: [  19/19]  Time: 0.027 (0.042)  Loss:  0.1427 (0.1861)  Acc@1: 95.5882 (94.0800)  Acc@5: 100.0000 (99.8500)
2024-07-10 18:40:29,749 - timm.utils.checkpoint_saver: [    INFO] - Current checkpoints:
 ('./output/train/20240710-164625-vitsnn-32/checkpoint-242.pth.tar', 94.07999996337891)
 ('./output/train/20240710-164625-vitsnn-32/checkpoint-233.pth.tar', 94.04000004882812)

2024-07-10 18:40:29,750 -                train: [    INFO] - *** Best metric: 94.07999996337891 (epoch 242)
2024-07-10 18:40:30,101 -                train: [    INFO] - Train: 243 [   0/97 (  0%)]  Loss:  0.684175 (0.6842)  Time: 0.350s, 1462.16/s  (0.350s, 1462.16/s)  LR: 4.795e-04  Data: 0.080 (0.080)
2024-07-10 18:40:56,801 -                train: [    INFO] - Train: 243 [  96/97 (100%)]  Loss:  0.855586 (0.7699)  Time: 0.271s, 1887.89/s  (0.279s, 1836.10/s)  LR: 4.795e-04  Data: 0.000 (0.004)
2024-07-10 18:40:56,912 -                train: [    INFO] - Test: [   0/19]  Time: 0.109 (0.109)  Loss:  0.1581 (0.1581)  Acc@1: 94.7266 (94.7266)  Acc@5: 99.8047 (99.8047)
2024-07-10 18:40:57,661 -                train: [    INFO] - Test: [  19/19]  Time: 0.028 (0.043)  Loss:  0.1631 (0.1841)  Acc@1: 93.7500 (93.9500)  Acc@5: 100.0000 (99.9000)
2024-07-10 18:40:57,885 -                train: [    INFO] - *** Best metric: 94.07999996337891 (epoch 242)
2024-07-10 18:40:58,224 -                train: [    INFO] - Train: 244 [   0/97 (  0%)]  Loss:  0.680406 (0.6804)  Time: 0.339s, 1512.20/s  (0.339s, 1512.20/s)  LR: 4.743e-04  Data: 0.068 (0.068)
2024-07-10 18:41:25,038 -                train: [    INFO] - Train: 244 [  96/97 (100%)]  Loss:  0.736449 (0.7084)  Time: 0.273s, 1877.43/s  (0.280s, 1829.27/s)  LR: 4.743e-04  Data: 0.000 (0.004)
2024-07-10 18:41:25,149 -                train: [    INFO] - Test: [   0/19]  Time: 0.110 (0.110)  Loss:  0.1859 (0.1859)  Acc@1: 94.5312 (94.5312)  Acc@5: 100.0000 (100.0000)
2024-07-10 18:41:25,876 -                train: [    INFO] - Test: [  19/19]  Time: 0.024 (0.042)  Loss:  0.1722 (0.1988)  Acc@1: 94.4853 (93.7300)  Acc@5: 100.0000 (99.8100)
2024-07-10 18:41:26,087 -                train: [    INFO] - *** Best metric: 94.07999996337891 (epoch 242)
2024-07-10 18:41:26,434 -                train: [    INFO] - Train: 245 [   0/97 (  0%)]  Loss:  0.962795 (0.9628)  Time: 0.345s, 1482.81/s  (0.345s, 1482.81/s)  LR: 4.691e-04  Data: 0.074 (0.074)
2024-07-10 18:41:53,398 -                train: [    INFO] - Train: 245 [  96/97 (100%)]  Loss:  0.914890 (0.9388)  Time: 0.271s, 1885.83/s  (0.282s, 1818.72/s)  LR: 4.691e-04  Data: 0.000 (0.004)
2024-07-10 18:41:53,506 -                train: [    INFO] - Test: [   0/19]  Time: 0.107 (0.107)  Loss:  0.1655 (0.1655)  Acc@1: 94.3359 (94.3359)  Acc@5: 100.0000 (100.0000)
2024-07-10 18:41:54,262 -                train: [    INFO] - Test: [  19/19]  Time: 0.028 (0.043)  Loss:  0.1444 (0.1850)  Acc@1: 95.2206 (93.8600)  Acc@5: 100.0000 (99.8500)
2024-07-10 18:41:54,477 -                train: [    INFO] - *** Best metric: 94.07999996337891 (epoch 242)
2024-07-10 18:41:54,828 -                train: [    INFO] - Train: 246 [   0/97 (  0%)]  Loss:  0.556962 (0.5570)  Time: 0.349s, 1466.66/s  (0.349s, 1466.66/s)  LR: 4.639e-04  Data: 0.072 (0.072)
2024-07-10 18:42:21,448 -                train: [    INFO] - Train: 246 [  96/97 (100%)]  Loss:  1.044653 (0.8008)  Time: 0.272s, 1882.42/s  (0.278s, 1841.58/s)  LR: 4.639e-04  Data: 0.000 (0.004)
2024-07-10 18:42:21,559 -                train: [    INFO] - Test: [   0/19]  Time: 0.109 (0.109)  Loss:  0.1675 (0.1675)  Acc@1: 94.9219 (94.9219)  Acc@5: 99.8047 (99.8047)
2024-07-10 18:42:22,334 -                train: [    INFO] - Test: [  19/19]  Time: 0.042 (0.044)  Loss:  0.1750 (0.1940)  Acc@1: 94.8529 (93.8000)  Acc@5: 100.0000 (99.8400)
2024-07-10 18:42:22,500 -                train: [    INFO] - *** Best metric: 94.07999996337891 (epoch 242)
2024-07-10 18:42:22,844 -                train: [    INFO] - Train: 247 [   0/97 (  0%)]  Loss:  0.649664 (0.6497)  Time: 0.343s, 1492.28/s  (0.343s, 1492.28/s)  LR: 4.588e-04  Data: 0.072 (0.072)
2024-07-10 18:42:49,633 -                train: [    INFO] - Train: 247 [  96/97 (100%)]  Loss:  0.816113 (0.7329)  Time: 0.273s, 1878.81/s  (0.280s, 1830.60/s)  LR: 4.588e-04  Data: 0.000 (0.004)
2024-07-10 18:42:49,748 -                train: [    INFO] - Test: [   0/19]  Time: 0.113 (0.113)  Loss:  0.1660 (0.1660)  Acc@1: 94.3359 (94.3359)  Acc@5: 99.8047 (99.8047)
2024-07-10 18:42:50,464 -                train: [    INFO] - Test: [  19/19]  Time: 0.024 (0.041)  Loss:  0.1545 (0.1842)  Acc@1: 94.8529 (94.1400)  Acc@5: 100.0000 (99.8700)
2024-07-10 18:42:50,639 - timm.utils.checkpoint_saver: [    INFO] - Current checkpoints:
 ('./output/train/20240710-164625-vitsnn-32/checkpoint-247.pth.tar', 94.13999985351562)
 ('./output/train/20240710-164625-vitsnn-32/checkpoint-242.pth.tar', 94.07999996337891)

2024-07-10 18:42:50,639 -                train: [    INFO] - *** Best metric: 94.13999985351562 (epoch 247)
2024-07-10 18:42:50,982 -                train: [    INFO] - Train: 248 [   0/97 (  0%)]  Loss:  0.469525 (0.4695)  Time: 0.342s, 1496.75/s  (0.342s, 1496.75/s)  LR: 4.536e-04  Data: 0.062 (0.062)
2024-07-10 18:43:17,728 -                train: [    INFO] - Train: 248 [  96/97 (100%)]  Loss:  0.661781 (0.5657)  Time: 0.272s, 1882.65/s  (0.279s, 1833.51/s)  LR: 4.536e-04  Data: 0.000 (0.004)
2024-07-10 18:43:17,835 -                train: [    INFO] - Test: [   0/19]  Time: 0.104 (0.104)  Loss:  0.1847 (0.1847)  Acc@1: 94.7266 (94.7266)  Acc@5: 99.8047 (99.8047)
2024-07-10 18:43:18,570 -                train: [    INFO] - Test: [  19/19]  Time: 0.028 (0.042)  Loss:  0.1847 (0.1948)  Acc@1: 93.7500 (93.9000)  Acc@5: 100.0000 (99.7900)
2024-07-10 18:43:18,729 -                train: [    INFO] - *** Best metric: 94.13999985351562 (epoch 247)
2024-07-10 18:43:19,096 -                train: [    INFO] - Train: 249 [   0/97 (  0%)]  Loss:  0.662298 (0.6623)  Time: 0.366s, 1398.11/s  (0.366s, 1398.11/s)  LR: 4.485e-04  Data: 0.095 (0.095)
2024-07-10 18:43:45,768 -                train: [    INFO] - Train: 249 [  96/97 (100%)]  Loss:  0.607589 (0.6349)  Time: 0.350s, 1461.09/s  (0.279s, 1836.96/s)  LR: 4.485e-04  Data: 0.000 (0.004)
2024-07-10 18:43:45,878 -                train: [    INFO] - Test: [   0/19]  Time: 0.108 (0.108)  Loss:  0.2070 (0.2070)  Acc@1: 93.3594 (93.3594)  Acc@5: 100.0000 (100.0000)
2024-07-10 18:43:46,627 -                train: [    INFO] - Test: [  19/19]  Time: 0.027 (0.043)  Loss:  0.1481 (0.1932)  Acc@1: 95.5882 (93.8600)  Acc@5: 100.0000 (99.8200)
2024-07-10 18:43:46,798 -                train: [    INFO] - *** Best metric: 94.13999985351562 (epoch 247)
2024-07-10 18:43:47,146 -                train: [    INFO] - Train: 250 [   0/97 (  0%)]  Loss:  1.274523 (1.2745)  Time: 0.346s, 1480.63/s  (0.346s, 1480.63/s)  LR: 4.434e-04  Data: 0.071 (0.071)
2024-07-10 18:44:13,968 -                train: [    INFO] - Train: 250 [  96/97 (100%)]  Loss:  0.738490 (1.0065)  Time: 0.273s, 1876.68/s  (0.280s, 1828.14/s)  LR: 4.434e-04  Data: 0.000 (0.004)
2024-07-10 18:44:14,077 -                train: [    INFO] - Test: [   0/19]  Time: 0.106 (0.106)  Loss:  0.1855 (0.1855)  Acc@1: 94.3359 (94.3359)  Acc@5: 99.6094 (99.6094)
2024-07-10 18:44:14,838 -                train: [    INFO] - Test: [  19/19]  Time: 0.042 (0.043)  Loss:  0.1604 (0.1943)  Acc@1: 94.4853 (93.9300)  Acc@5: 100.0000 (99.8300)
2024-07-10 18:44:15,074 -                train: [    INFO] - *** Best metric: 94.13999985351562 (epoch 247)
2024-07-10 18:44:15,404 -                train: [    INFO] - Train: 251 [   0/97 (  0%)]  Loss:  0.776635 (0.7766)  Time: 0.329s, 1558.50/s  (0.329s, 1558.50/s)  LR: 4.383e-04  Data: 0.058 (0.058)
2024-07-10 18:44:42,160 -                train: [    INFO] - Train: 251 [  96/97 (100%)]  Loss:  0.813453 (0.7950)  Time: 0.272s, 1880.07/s  (0.279s, 1833.75/s)  LR: 4.383e-04  Data: 0.000 (0.004)
2024-07-10 18:44:42,281 -                train: [    INFO] - Test: [   0/19]  Time: 0.118 (0.118)  Loss:  0.2068 (0.2068)  Acc@1: 92.7734 (92.7734)  Acc@5: 99.8047 (99.8047)
2024-07-10 18:44:43,002 -                train: [    INFO] - Test: [  19/19]  Time: 0.024 (0.042)  Loss:  0.1919 (0.1923)  Acc@1: 93.7500 (93.7400)  Acc@5: 100.0000 (99.7900)
2024-07-10 18:44:43,168 -                train: [    INFO] - *** Best metric: 94.13999985351562 (epoch 247)
2024-07-10 18:44:43,514 -                train: [    INFO] - Train: 252 [   0/97 (  0%)]  Loss:  0.820487 (0.8205)  Time: 0.344s, 1486.39/s  (0.344s, 1486.39/s)  LR: 4.333e-04  Data: 0.073 (0.073)
2024-07-10 18:45:10,129 -                train: [    INFO] - Train: 252 [  96/97 (100%)]  Loss:  1.013850 (0.9172)  Time: 0.272s, 1882.97/s  (0.278s, 1842.27/s)  LR: 4.333e-04  Data: 0.000 (0.004)
2024-07-10 18:45:10,248 -                train: [    INFO] - Test: [   0/19]  Time: 0.117 (0.117)  Loss:  0.1567 (0.1567)  Acc@1: 94.7266 (94.7266)  Acc@5: 100.0000 (100.0000)
2024-07-10 18:45:10,977 -                train: [    INFO] - Test: [  19/19]  Time: 0.028 (0.042)  Loss:  0.1797 (0.1855)  Acc@1: 93.3824 (94.2600)  Acc@5: 100.0000 (99.8500)
2024-07-10 18:45:11,203 - timm.utils.checkpoint_saver: [    INFO] - Current checkpoints:
 ('./output/train/20240710-164625-vitsnn-32/checkpoint-252.pth.tar', 94.26000004882812)
 ('./output/train/20240710-164625-vitsnn-32/checkpoint-247.pth.tar', 94.13999985351562)

2024-07-10 18:45:11,203 -                train: [    INFO] - *** Best metric: 94.26000004882812 (epoch 252)
2024-07-10 18:45:11,549 -                train: [    INFO] - Train: 253 [   0/97 (  0%)]  Loss:  0.703211 (0.7032)  Time: 0.345s, 1482.68/s  (0.345s, 1482.68/s)  LR: 4.282e-04  Data: 0.072 (0.072)
2024-07-10 18:45:38,189 -                train: [    INFO] - Train: 253 [  96/97 (100%)]  Loss:  0.936054 (0.8196)  Time: 0.272s, 1884.70/s  (0.278s, 1840.53/s)  LR: 4.282e-04  Data: 0.000 (0.004)
2024-07-10 18:45:38,302 -                train: [    INFO] - Test: [   0/19]  Time: 0.111 (0.111)  Loss:  0.1931 (0.1931)  Acc@1: 93.7500 (93.7500)  Acc@5: 100.0000 (100.0000)
2024-07-10 18:45:39,056 -                train: [    INFO] - Test: [  19/19]  Time: 0.034 (0.043)  Loss:  0.1584 (0.1895)  Acc@1: 94.8529 (94.1700)  Acc@5: 100.0000 (99.8200)
2024-07-10 18:45:39,277 - timm.utils.checkpoint_saver: [    INFO] - Current checkpoints:
 ('./output/train/20240710-164625-vitsnn-32/checkpoint-252.pth.tar', 94.26000004882812)
 ('./output/train/20240710-164625-vitsnn-32/checkpoint-253.pth.tar', 94.17000006103515)

2024-07-10 18:45:39,277 -                train: [    INFO] - *** Best metric: 94.26000004882812 (epoch 252)
2024-07-10 18:45:39,615 -                train: [    INFO] - Train: 254 [   0/97 (  0%)]  Loss:  0.697473 (0.6975)  Time: 0.336s, 1522.23/s  (0.336s, 1522.23/s)  LR: 4.232e-04  Data: 0.058 (0.058)
2024-07-10 18:46:06,789 -                train: [    INFO] - Train: 254 [  96/97 (100%)]  Loss:  0.802984 (0.7502)  Time: 0.272s, 1882.30/s  (0.284s, 1805.38/s)  LR: 4.232e-04  Data: 0.000 (0.004)
2024-07-10 18:46:06,908 -                train: [    INFO] - Test: [   0/19]  Time: 0.117 (0.117)  Loss:  0.1824 (0.1824)  Acc@1: 92.9688 (92.9688)  Acc@5: 100.0000 (100.0000)
2024-07-10 18:46:07,645 -                train: [    INFO] - Test: [  19/19]  Time: 0.027 (0.043)  Loss:  0.1624 (0.1825)  Acc@1: 94.4853 (94.1800)  Acc@5: 100.0000 (99.9000)
2024-07-10 18:46:07,865 - timm.utils.checkpoint_saver: [    INFO] - Current checkpoints:
 ('./output/train/20240710-164625-vitsnn-32/checkpoint-252.pth.tar', 94.26000004882812)
 ('./output/train/20240710-164625-vitsnn-32/checkpoint-254.pth.tar', 94.17999990234375)

2024-07-10 18:46:07,866 -                train: [    INFO] - *** Best metric: 94.26000004882812 (epoch 252)
2024-07-10 18:46:08,203 -                train: [    INFO] - Train: 255 [   0/97 (  0%)]  Loss:  0.940045 (0.9400)  Time: 0.337s, 1521.45/s  (0.337s, 1521.45/s)  LR: 4.182e-04  Data: 0.066 (0.066)
2024-07-10 18:46:34,928 -                train: [    INFO] - Train: 255 [  96/97 (100%)]  Loss:  0.847475 (0.8938)  Time: 0.272s, 1884.59/s  (0.279s, 1835.36/s)  LR: 4.182e-04  Data: 0.000 (0.004)
2024-07-10 18:46:35,042 -                train: [    INFO] - Test: [   0/19]  Time: 0.112 (0.112)  Loss:  0.1968 (0.1968)  Acc@1: 92.9688 (92.9688)  Acc@5: 100.0000 (100.0000)
2024-07-10 18:46:35,777 -                train: [    INFO] - Test: [  19/19]  Time: 0.036 (0.042)  Loss:  0.1866 (0.1962)  Acc@1: 93.0147 (93.7600)  Acc@5: 100.0000 (99.8500)
2024-07-10 18:46:36,002 -                train: [    INFO] - *** Best metric: 94.26000004882812 (epoch 252)
2024-07-10 18:46:36,354 -                train: [    INFO] - Train: 256 [   0/97 (  0%)]  Loss:  0.910857 (0.9109)  Time: 0.351s, 1459.89/s  (0.351s, 1459.89/s)  LR: 4.132e-04  Data: 0.073 (0.073)
2024-07-10 18:47:03,038 -                train: [    INFO] - Train: 256 [  96/97 (100%)]  Loss:  1.044676 (0.9778)  Time: 0.272s, 1885.17/s  (0.279s, 1837.14/s)  LR: 4.132e-04  Data: 0.000 (0.004)
2024-07-10 18:47:03,149 -                train: [    INFO] - Test: [   0/19]  Time: 0.109 (0.109)  Loss:  0.1812 (0.1812)  Acc@1: 93.3594 (93.3594)  Acc@5: 99.8047 (99.8047)
2024-07-10 18:47:03,911 -                train: [    INFO] - Test: [  19/19]  Time: 0.042 (0.044)  Loss:  0.1512 (0.1857)  Acc@1: 94.4853 (94.0700)  Acc@5: 100.0000 (99.8100)
2024-07-10 18:47:04,117 -                train: [    INFO] - *** Best metric: 94.26000004882812 (epoch 252)
2024-07-10 18:47:04,463 -                train: [    INFO] - Train: 257 [   0/97 (  0%)]  Loss:  0.678427 (0.6784)  Time: 0.345s, 1482.13/s  (0.345s, 1482.13/s)  LR: 4.082e-04  Data: 0.073 (0.073)
2024-07-10 18:47:31,167 -                train: [    INFO] - Train: 257 [  96/97 (100%)]  Loss:  0.710890 (0.6947)  Time: 0.272s, 1879.20/s  (0.279s, 1836.21/s)  LR: 4.082e-04  Data: 0.000 (0.004)
2024-07-10 18:47:31,277 -                train: [    INFO] - Test: [   0/19]  Time: 0.108 (0.108)  Loss:  0.1752 (0.1752)  Acc@1: 93.3594 (93.3594)  Acc@5: 99.8047 (99.8047)
2024-07-10 18:47:32,003 -                train: [    INFO] - Test: [  19/19]  Time: 0.024 (0.042)  Loss:  0.1439 (0.1865)  Acc@1: 95.5882 (93.9900)  Acc@5: 100.0000 (99.8400)
2024-07-10 18:47:32,166 -                train: [    INFO] - *** Best metric: 94.26000004882812 (epoch 252)
2024-07-10 18:47:32,516 -                train: [    INFO] - Train: 258 [   0/97 (  0%)]  Loss:  0.678331 (0.6783)  Time: 0.349s, 1467.80/s  (0.349s, 1467.80/s)  LR: 4.032e-04  Data: 0.078 (0.078)
2024-07-10 18:47:59,119 -                train: [    INFO] - Train: 258 [  96/97 (100%)]  Loss:  0.997378 (0.8379)  Time: 0.272s, 1881.55/s  (0.278s, 1842.83/s)  LR: 4.032e-04  Data: 0.000 (0.004)
2024-07-10 18:47:59,231 -                train: [    INFO] - Test: [   0/19]  Time: 0.111 (0.111)  Loss:  0.1738 (0.1738)  Acc@1: 95.1172 (95.1172)  Acc@5: 99.6094 (99.6094)
2024-07-10 18:47:59,995 -                train: [    INFO] - Test: [  19/19]  Time: 0.028 (0.044)  Loss:  0.1621 (0.1916)  Acc@1: 94.1176 (94.0100)  Acc@5: 100.0000 (99.8000)
2024-07-10 18:48:00,170 -                train: [    INFO] - *** Best metric: 94.26000004882812 (epoch 252)
2024-07-10 18:48:00,518 -                train: [    INFO] - Train: 259 [   0/97 (  0%)]  Loss:  0.912648 (0.9126)  Time: 0.346s, 1477.90/s  (0.346s, 1477.90/s)  LR: 3.983e-04  Data: 0.071 (0.071)
2024-07-10 18:48:27,577 -                train: [    INFO] - Train: 259 [  96/97 (100%)]  Loss:  0.798274 (0.8555)  Time: 0.272s, 1880.54/s  (0.283s, 1812.32/s)  LR: 3.983e-04  Data: 0.000 (0.004)
2024-07-10 18:48:27,691 -                train: [    INFO] - Test: [   0/19]  Time: 0.112 (0.112)  Loss:  0.2042 (0.2042)  Acc@1: 92.9688 (92.9688)  Acc@5: 99.6094 (99.6094)
2024-07-10 18:48:28,452 -                train: [    INFO] - Test: [  19/19]  Time: 0.041 (0.044)  Loss:  0.1520 (0.1910)  Acc@1: 94.1176 (94.1800)  Acc@5: 100.0000 (99.8000)
2024-07-10 18:48:28,663 - timm.utils.checkpoint_saver: [    INFO] - Current checkpoints:
 ('./output/train/20240710-164625-vitsnn-32/checkpoint-252.pth.tar', 94.26000004882812)
 ('./output/train/20240710-164625-vitsnn-32/checkpoint-259.pth.tar', 94.17999995117188)

2024-07-10 18:48:28,663 -                train: [    INFO] - *** Best metric: 94.26000004882812 (epoch 252)
2024-07-10 18:48:29,027 -                train: [    INFO] - Train: 260 [   0/97 (  0%)]  Loss:  0.689460 (0.6895)  Time: 0.363s, 1410.29/s  (0.363s, 1410.29/s)  LR: 3.934e-04  Data: 0.092 (0.092)
2024-07-10 18:48:55,944 -                train: [    INFO] - Train: 260 [  96/97 (100%)]  Loss:  0.795395 (0.7424)  Time: 0.271s, 1888.26/s  (0.281s, 1820.74/s)  LR: 3.934e-04  Data: 0.000 (0.004)
2024-07-10 18:48:56,050 -                train: [    INFO] - Test: [   0/19]  Time: 0.105 (0.105)  Loss:  0.1692 (0.1692)  Acc@1: 94.5312 (94.5312)  Acc@5: 99.8047 (99.8047)
2024-07-10 18:48:56,797 -                train: [    INFO] - Test: [  19/19]  Time: 0.028 (0.043)  Loss:  0.1809 (0.1892)  Acc@1: 95.2206 (93.8400)  Acc@5: 100.0000 (99.8200)
2024-07-10 18:48:56,961 -                train: [    INFO] - *** Best metric: 94.26000004882812 (epoch 252)
2024-07-10 18:48:57,300 -                train: [    INFO] - Train: 261 [   0/97 (  0%)]  Loss:  0.843886 (0.8439)  Time: 0.338s, 1515.84/s  (0.338s, 1515.84/s)  LR: 3.885e-04  Data: 0.066 (0.066)
2024-07-10 18:49:24,147 -                train: [    INFO] - Train: 261 [  96/97 (100%)]  Loss:  0.853574 (0.8487)  Time: 0.272s, 1883.32/s  (0.280s, 1826.98/s)  LR: 3.885e-04  Data: 0.000 (0.004)
2024-07-10 18:49:24,263 -                train: [    INFO] - Test: [   0/19]  Time: 0.114 (0.114)  Loss:  0.1777 (0.1777)  Acc@1: 94.1406 (94.1406)  Acc@5: 99.8047 (99.8047)
2024-07-10 18:49:24,999 -                train: [    INFO] - Test: [  19/19]  Time: 0.027 (0.042)  Loss:  0.1472 (0.1840)  Acc@1: 95.2206 (94.2300)  Acc@5: 100.0000 (99.8100)
2024-07-10 18:49:25,248 - timm.utils.checkpoint_saver: [    INFO] - Current checkpoints:
 ('./output/train/20240710-164625-vitsnn-32/checkpoint-252.pth.tar', 94.26000004882812)
 ('./output/train/20240710-164625-vitsnn-32/checkpoint-261.pth.tar', 94.2299998046875)

2024-07-10 18:49:25,248 -                train: [    INFO] - *** Best metric: 94.26000004882812 (epoch 252)
2024-07-10 18:49:25,596 -                train: [    INFO] - Train: 262 [   0/97 (  0%)]  Loss:  0.821771 (0.8218)  Time: 0.347s, 1477.08/s  (0.347s, 1477.08/s)  LR: 3.836e-04  Data: 0.076 (0.076)
2024-07-10 18:49:52,483 -                train: [    INFO] - Train: 262 [  96/97 (100%)]  Loss:  0.709155 (0.7655)  Time: 0.274s, 1871.49/s  (0.281s, 1823.80/s)  LR: 3.836e-04  Data: 0.000 (0.004)
2024-07-10 18:49:52,596 -                train: [    INFO] - Test: [   0/19]  Time: 0.111 (0.111)  Loss:  0.1832 (0.1832)  Acc@1: 93.5547 (93.5547)  Acc@5: 99.6094 (99.6094)
2024-07-10 18:49:53,363 -                train: [    INFO] - Test: [  19/19]  Time: 0.042 (0.044)  Loss:  0.1635 (0.1848)  Acc@1: 94.1176 (94.1100)  Acc@5: 100.0000 (99.8200)
2024-07-10 18:49:53,584 -                train: [    INFO] - *** Best metric: 94.26000004882812 (epoch 252)
2024-07-10 18:49:53,929 -                train: [    INFO] - Train: 263 [   0/97 (  0%)]  Loss:  1.024302 (1.0243)  Time: 0.343s, 1491.42/s  (0.343s, 1491.42/s)  LR: 3.787e-04  Data: 0.064 (0.064)
2024-07-10 18:50:20,631 -                train: [    INFO] - Train: 263 [  96/97 (100%)]  Loss:  0.783762 (0.9040)  Time: 0.273s, 1874.49/s  (0.279s, 1836.43/s)  LR: 3.787e-04  Data: 0.000 (0.004)
2024-07-10 18:50:20,750 -                train: [    INFO] - Test: [   0/19]  Time: 0.117 (0.117)  Loss:  0.1631 (0.1631)  Acc@1: 93.9453 (93.9453)  Acc@5: 100.0000 (100.0000)
2024-07-10 18:50:21,484 -                train: [    INFO] - Test: [  19/19]  Time: 0.025 (0.043)  Loss:  0.1394 (0.1826)  Acc@1: 95.9559 (94.0500)  Acc@5: 100.0000 (99.8400)
2024-07-10 18:50:21,712 -                train: [    INFO] - *** Best metric: 94.26000004882812 (epoch 252)
2024-07-10 18:50:22,055 -                train: [    INFO] - Train: 264 [   0/97 (  0%)]  Loss:  0.861137 (0.8611)  Time: 0.342s, 1497.70/s  (0.342s, 1497.70/s)  LR: 3.739e-04  Data: 0.071 (0.071)
2024-07-10 18:50:48,994 -                train: [    INFO] - Train: 264 [  96/97 (100%)]  Loss:  0.845991 (0.8536)  Time: 0.271s, 1885.82/s  (0.281s, 1820.62/s)  LR: 3.739e-04  Data: 0.000 (0.004)
2024-07-10 18:50:49,103 -                train: [    INFO] - Test: [   0/19]  Time: 0.107 (0.107)  Loss:  0.1798 (0.1798)  Acc@1: 94.1406 (94.1406)  Acc@5: 99.6094 (99.6094)
2024-07-10 18:50:49,840 -                train: [    INFO] - Test: [  19/19]  Time: 0.028 (0.042)  Loss:  0.1599 (0.1895)  Acc@1: 93.7500 (93.9800)  Acc@5: 100.0000 (99.7900)
2024-07-10 18:50:50,035 -                train: [    INFO] - *** Best metric: 94.26000004882812 (epoch 252)
2024-07-10 18:50:50,369 -                train: [    INFO] - Train: 265 [   0/97 (  0%)]  Loss:  0.906377 (0.9064)  Time: 0.332s, 1541.71/s  (0.332s, 1541.71/s)  LR: 3.690e-04  Data: 0.061 (0.061)
2024-07-10 18:51:16,929 -                train: [    INFO] - Train: 265 [  96/97 (100%)]  Loss:  0.982363 (0.9444)  Time: 0.272s, 1885.79/s  (0.277s, 1846.87/s)  LR: 3.690e-04  Data: 0.000 (0.004)
2024-07-10 18:51:17,041 -                train: [    INFO] - Test: [   0/19]  Time: 0.110 (0.110)  Loss:  0.1644 (0.1644)  Acc@1: 94.9219 (94.9219)  Acc@5: 99.6094 (99.6094)
2024-07-10 18:51:17,802 -                train: [    INFO] - Test: [  19/19]  Time: 0.041 (0.044)  Loss:  0.1575 (0.1900)  Acc@1: 95.5882 (94.4500)  Acc@5: 100.0000 (99.7800)
2024-07-10 18:51:17,998 - timm.utils.checkpoint_saver: [    INFO] - Current checkpoints:
 ('./output/train/20240710-164625-vitsnn-32/checkpoint-265.pth.tar', 94.4499999633789)
 ('./output/train/20240710-164625-vitsnn-32/checkpoint-252.pth.tar', 94.26000004882812)

2024-07-10 18:51:17,998 -                train: [    INFO] - *** Best metric: 94.4499999633789 (epoch 265)
2024-07-10 18:51:18,348 -                train: [    INFO] - Train: 266 [   0/97 (  0%)]  Loss:  0.716130 (0.7161)  Time: 0.348s, 1469.81/s  (0.348s, 1469.81/s)  LR: 3.642e-04  Data: 0.072 (0.072)
2024-07-10 18:51:44,888 -                train: [    INFO] - Train: 266 [  96/97 (100%)]  Loss:  0.550611 (0.6334)  Time: 0.271s, 1886.32/s  (0.277s, 1847.16/s)  LR: 3.642e-04  Data: 0.000 (0.004)
2024-07-10 18:51:44,996 -                train: [    INFO] - Test: [   0/19]  Time: 0.106 (0.106)  Loss:  0.1660 (0.1660)  Acc@1: 94.9219 (94.9219)  Acc@5: 99.8047 (99.8047)
2024-07-10 18:51:45,746 -                train: [    INFO] - Test: [  19/19]  Time: 0.037 (0.043)  Loss:  0.1757 (0.1795)  Acc@1: 93.3824 (94.1700)  Acc@5: 100.0000 (99.8100)
2024-07-10 18:51:45,974 -                train: [    INFO] - *** Best metric: 94.4499999633789 (epoch 265)
2024-07-10 18:51:46,320 -                train: [    INFO] - Train: 267 [   0/97 (  0%)]  Loss:  0.931213 (0.9312)  Time: 0.344s, 1490.48/s  (0.344s, 1490.48/s)  LR: 3.595e-04  Data: 0.073 (0.073)
2024-07-10 18:52:13,274 -                train: [    INFO] - Train: 267 [  96/97 (100%)]  Loss:  0.782261 (0.8567)  Time: 0.276s, 1855.35/s  (0.281s, 1819.49/s)  LR: 3.595e-04  Data: 0.000 (0.004)
2024-07-10 18:52:13,384 -                train: [    INFO] - Test: [   0/19]  Time: 0.108 (0.108)  Loss:  0.1736 (0.1736)  Acc@1: 93.1641 (93.1641)  Acc@5: 99.8047 (99.8047)
2024-07-10 18:52:14,138 -                train: [    INFO] - Test: [  19/19]  Time: 0.028 (0.043)  Loss:  0.1661 (0.1789)  Acc@1: 93.3824 (94.0600)  Acc@5: 100.0000 (99.8700)
2024-07-10 18:52:14,314 -                train: [    INFO] - *** Best metric: 94.4499999633789 (epoch 265)
2024-07-10 18:52:14,676 -                train: [    INFO] - Train: 268 [   0/97 (  0%)]  Loss:  0.706299 (0.7063)  Time: 0.361s, 1418.32/s  (0.361s, 1418.32/s)  LR: 3.547e-04  Data: 0.085 (0.085)
2024-07-10 18:52:41,519 -                train: [    INFO] - Train: 268 [  96/97 (100%)]  Loss:  0.832709 (0.7695)  Time: 0.272s, 1883.13/s  (0.280s, 1825.83/s)  LR: 3.547e-04  Data: 0.000 (0.005)
2024-07-10 18:52:41,626 -                train: [    INFO] - Test: [   0/19]  Time: 0.106 (0.106)  Loss:  0.1697 (0.1697)  Acc@1: 94.3359 (94.3359)  Acc@5: 99.6094 (99.6094)
2024-07-10 18:52:42,371 -                train: [    INFO] - Test: [  19/19]  Time: 0.024 (0.043)  Loss:  0.1418 (0.1860)  Acc@1: 95.5882 (93.9500)  Acc@5: 99.6324 (99.7900)
2024-07-10 18:52:42,621 -                train: [    INFO] - *** Best metric: 94.4499999633789 (epoch 265)
2024-07-10 18:52:42,967 -                train: [    INFO] - Train: 269 [   0/97 (  0%)]  Loss:  0.899471 (0.8995)  Time: 0.344s, 1487.46/s  (0.344s, 1487.46/s)  LR: 3.500e-04  Data: 0.074 (0.074)
2024-07-10 18:53:09,826 -                train: [    INFO] - Train: 269 [  96/97 (100%)]  Loss:  0.670698 (0.7851)  Time: 0.271s, 1887.02/s  (0.280s, 1825.77/s)  LR: 3.500e-04  Data: 0.000 (0.004)
2024-07-10 18:53:09,925 -                train: [    INFO] - Test: [   0/19]  Time: 0.098 (0.098)  Loss:  0.1624 (0.1624)  Acc@1: 94.9219 (94.9219)  Acc@5: 99.6094 (99.6094)
2024-07-10 18:53:10,679 -                train: [    INFO] - Test: [  19/19]  Time: 0.027 (0.043)  Loss:  0.1484 (0.1859)  Acc@1: 93.7500 (93.9600)  Acc@5: 100.0000 (99.7600)
2024-07-10 18:53:10,853 -                train: [    INFO] - *** Best metric: 94.4499999633789 (epoch 265)
2024-07-10 18:53:11,206 -                train: [    INFO] - Train: 270 [   0/97 (  0%)]  Loss:  0.636662 (0.6367)  Time: 0.351s, 1458.99/s  (0.351s, 1458.99/s)  LR: 3.453e-04  Data: 0.081 (0.081)
2024-07-10 18:53:37,846 -                train: [    INFO] - Train: 270 [  96/97 (100%)]  Loss:  1.029194 (0.8329)  Time: 0.281s, 1819.31/s  (0.278s, 1840.24/s)  LR: 3.453e-04  Data: 0.000 (0.004)
2024-07-10 18:53:37,957 -                train: [    INFO] - Test: [   0/19]  Time: 0.109 (0.109)  Loss:  0.1616 (0.1616)  Acc@1: 94.5312 (94.5312)  Acc@5: 99.8047 (99.8047)
2024-07-10 18:53:38,692 -                train: [    INFO] - Test: [  19/19]  Time: 0.027 (0.042)  Loss:  0.1589 (0.1833)  Acc@1: 94.8529 (94.3500)  Acc@5: 100.0000 (99.7600)
2024-07-10 18:53:38,923 - timm.utils.checkpoint_saver: [    INFO] - Current checkpoints:
 ('./output/train/20240710-164625-vitsnn-32/checkpoint-265.pth.tar', 94.4499999633789)
 ('./output/train/20240710-164625-vitsnn-32/checkpoint-270.pth.tar', 94.34999985351563)

2024-07-10 18:53:38,923 -                train: [    INFO] - *** Best metric: 94.4499999633789 (epoch 265)
2024-07-10 18:53:39,262 -                train: [    INFO] - Train: 271 [   0/97 (  0%)]  Loss:  0.918712 (0.9187)  Time: 0.337s, 1518.01/s  (0.337s, 1518.01/s)  LR: 3.406e-04  Data: 0.067 (0.067)
2024-07-10 18:54:05,919 -                train: [    INFO] - Train: 271 [  96/97 (100%)]  Loss:  0.901849 (0.9103)  Time: 0.272s, 1882.00/s  (0.278s, 1839.90/s)  LR: 3.406e-04  Data: 0.000 (0.004)
2024-07-10 18:54:06,032 -                train: [    INFO] - Test: [   0/19]  Time: 0.112 (0.112)  Loss:  0.1787 (0.1787)  Acc@1: 94.9219 (94.9219)  Acc@5: 99.6094 (99.6094)
2024-07-10 18:54:06,774 -                train: [    INFO] - Test: [  19/19]  Time: 0.027 (0.043)  Loss:  0.1692 (0.1893)  Acc@1: 94.4853 (93.9400)  Acc@5: 100.0000 (99.8200)
2024-07-10 18:54:06,936 -                train: [    INFO] - *** Best metric: 94.4499999633789 (epoch 265)
2024-07-10 18:54:07,289 -                train: [    INFO] - Train: 272 [   0/97 (  0%)]  Loss:  0.791034 (0.7910)  Time: 0.351s, 1460.38/s  (0.351s, 1460.38/s)  LR: 3.359e-04  Data: 0.072 (0.072)
2024-07-10 18:54:33,954 -                train: [    INFO] - Train: 272 [  96/97 (100%)]  Loss:  0.692262 (0.7416)  Time: 0.272s, 1884.45/s  (0.278s, 1838.46/s)  LR: 3.359e-04  Data: 0.000 (0.004)
2024-07-10 18:54:34,069 -                train: [    INFO] - Test: [   0/19]  Time: 0.114 (0.114)  Loss:  0.1787 (0.1787)  Acc@1: 93.5547 (93.5547)  Acc@5: 99.6094 (99.6094)
2024-07-10 18:54:34,803 -                train: [    INFO] - Test: [  19/19]  Time: 0.024 (0.042)  Loss:  0.1619 (0.1910)  Acc@1: 95.5882 (94.2700)  Acc@5: 100.0000 (99.8000)
2024-07-10 18:54:35,041 -                train: [    INFO] - *** Best metric: 94.4499999633789 (epoch 265)
2024-07-10 18:54:35,390 -                train: [    INFO] - Train: 273 [   0/97 (  0%)]  Loss:  0.895253 (0.8953)  Time: 0.348s, 1471.71/s  (0.348s, 1471.71/s)  LR: 3.313e-04  Data: 0.076 (0.076)
2024-07-10 18:55:02,053 -                train: [    INFO] - Train: 273 [  96/97 (100%)]  Loss:  0.840093 (0.8677)  Time: 0.274s, 1870.14/s  (0.278s, 1838.83/s)  LR: 3.313e-04  Data: 0.000 (0.004)
2024-07-10 18:55:02,167 -                train: [    INFO] - Test: [   0/19]  Time: 0.112 (0.112)  Loss:  0.1792 (0.1792)  Acc@1: 94.3359 (94.3359)  Acc@5: 99.8047 (99.8047)
2024-07-10 18:55:02,904 -                train: [    INFO] - Test: [  19/19]  Time: 0.028 (0.042)  Loss:  0.1577 (0.1833)  Acc@1: 94.4853 (94.0700)  Acc@5: 100.0000 (99.8000)
2024-07-10 18:55:03,127 -                train: [    INFO] - *** Best metric: 94.4499999633789 (epoch 265)
2024-07-10 18:55:03,462 -                train: [    INFO] - Train: 274 [   0/97 (  0%)]  Loss:  0.828926 (0.8289)  Time: 0.334s, 1535.03/s  (0.334s, 1535.03/s)  LR: 3.266e-04  Data: 0.064 (0.064)
2024-07-10 18:55:30,327 -                train: [    INFO] - Train: 274 [  96/97 (100%)]  Loss:  0.941415 (0.8852)  Time: 0.272s, 1884.35/s  (0.280s, 1826.10/s)  LR: 3.266e-04  Data: 0.000 (0.004)
2024-07-10 18:55:30,449 -                train: [    INFO] - Test: [   0/19]  Time: 0.121 (0.121)  Loss:  0.1844 (0.1844)  Acc@1: 93.5547 (93.5547)  Acc@5: 99.8047 (99.8047)
2024-07-10 18:55:31,177 -                train: [    INFO] - Test: [  19/19]  Time: 0.028 (0.042)  Loss:  0.1338 (0.1778)  Acc@1: 95.9559 (94.4000)  Acc@5: 100.0000 (99.7900)
2024-07-10 18:55:31,355 - timm.utils.checkpoint_saver: [    INFO] - Current checkpoints:
 ('./output/train/20240710-164625-vitsnn-32/checkpoint-265.pth.tar', 94.4499999633789)
 ('./output/train/20240710-164625-vitsnn-32/checkpoint-274.pth.tar', 94.40000012207031)

2024-07-10 18:55:31,356 -                train: [    INFO] - *** Best metric: 94.4499999633789 (epoch 265)
2024-07-10 18:55:31,699 -                train: [    INFO] - Train: 275 [   0/97 (  0%)]  Loss:  0.816965 (0.8170)  Time: 0.342s, 1496.25/s  (0.342s, 1496.25/s)  LR: 3.220e-04  Data: 0.071 (0.071)
2024-07-10 18:55:58,229 -                train: [    INFO] - Train: 275 [  96/97 (100%)]  Loss:  0.652336 (0.7347)  Time: 0.272s, 1883.17/s  (0.277s, 1848.25/s)  LR: 3.220e-04  Data: 0.000 (0.004)
2024-07-10 18:55:58,340 -                train: [    INFO] - Test: [   0/19]  Time: 0.109 (0.109)  Loss:  0.1698 (0.1698)  Acc@1: 95.3125 (95.3125)  Acc@5: 99.6094 (99.6094)
2024-07-10 18:55:59,085 -                train: [    INFO] - Test: [  19/19]  Time: 0.028 (0.043)  Loss:  0.1531 (0.1781)  Acc@1: 94.1176 (94.2700)  Acc@5: 100.0000 (99.8400)
2024-07-10 18:55:59,247 -                train: [    INFO] - *** Best metric: 94.4499999633789 (epoch 265)
2024-07-10 18:55:59,598 -                train: [    INFO] - Train: 276 [   0/97 (  0%)]  Loss:  0.743346 (0.7433)  Time: 0.348s, 1471.26/s  (0.348s, 1471.26/s)  LR: 3.175e-04  Data: 0.071 (0.071)
2024-07-10 18:56:26,557 -                train: [    INFO] - Train: 276 [  96/97 (100%)]  Loss:  0.807631 (0.7755)  Time: 0.272s, 1883.50/s  (0.281s, 1818.86/s)  LR: 3.175e-04  Data: 0.000 (0.004)
2024-07-10 18:56:26,664 -                train: [    INFO] - Test: [   0/19]  Time: 0.106 (0.106)  Loss:  0.1754 (0.1754)  Acc@1: 93.1641 (93.1641)  Acc@5: 99.6094 (99.6094)
2024-07-10 18:56:27,415 -                train: [    INFO] - Test: [  19/19]  Time: 0.028 (0.043)  Loss:  0.1427 (0.1811)  Acc@1: 94.1176 (94.2500)  Acc@5: 100.0000 (99.7700)
2024-07-10 18:56:27,615 -                train: [    INFO] - *** Best metric: 94.4499999633789 (epoch 265)
2024-07-10 18:56:27,949 -                train: [    INFO] - Train: 277 [   0/97 (  0%)]  Loss:  0.610876 (0.6109)  Time: 0.332s, 1540.16/s  (0.332s, 1540.16/s)  LR: 3.129e-04  Data: 0.063 (0.063)
2024-07-10 18:56:54,497 -                train: [    INFO] - Train: 277 [  96/97 (100%)]  Loss:  0.717647 (0.6643)  Time: 0.272s, 1881.82/s  (0.277s, 1847.68/s)  LR: 3.129e-04  Data: 0.000 (0.004)
2024-07-10 18:56:54,611 -                train: [    INFO] - Test: [   0/19]  Time: 0.112 (0.112)  Loss:  0.1711 (0.1711)  Acc@1: 94.1406 (94.1406)  Acc@5: 100.0000 (100.0000)
2024-07-10 18:56:55,360 -                train: [    INFO] - Test: [  19/19]  Time: 0.033 (0.043)  Loss:  0.1505 (0.1761)  Acc@1: 95.9559 (94.4500)  Acc@5: 100.0000 (99.8300)
2024-07-10 18:56:55,553 - timm.utils.checkpoint_saver: [    INFO] - Current checkpoints:
 ('./output/train/20240710-164625-vitsnn-32/checkpoint-277.pth.tar', 94.4500001220703)
 ('./output/train/20240710-164625-vitsnn-32/checkpoint-265.pth.tar', 94.4499999633789)

2024-07-10 18:56:55,554 -                train: [    INFO] - *** Best metric: 94.4500001220703 (epoch 277)
2024-07-10 18:56:55,894 -                train: [    INFO] - Train: 278 [   0/97 (  0%)]  Loss:  0.878524 (0.8785)  Time: 0.340s, 1507.51/s  (0.340s, 1507.51/s)  LR: 3.084e-04  Data: 0.069 (0.069)
2024-07-10 18:57:22,586 -                train: [    INFO] - Train: 278 [  96/97 (100%)]  Loss:  0.859778 (0.8692)  Time: 0.271s, 1886.72/s  (0.279s, 1837.42/s)  LR: 3.084e-04  Data: 0.000 (0.004)
2024-07-10 18:57:22,695 -                train: [    INFO] - Test: [   0/19]  Time: 0.108 (0.108)  Loss:  0.1608 (0.1608)  Acc@1: 94.3359 (94.3359)  Acc@5: 99.8047 (99.8047)
2024-07-10 18:57:23,418 -                train: [    INFO] - Test: [  19/19]  Time: 0.024 (0.042)  Loss:  0.1472 (0.1752)  Acc@1: 95.9559 (94.4300)  Acc@5: 100.0000 (99.8300)
2024-07-10 18:57:23,572 -                train: [    INFO] - *** Best metric: 94.4500001220703 (epoch 277)
2024-07-10 18:57:23,920 -                train: [    INFO] - Train: 279 [   0/97 (  0%)]  Loss:  0.871904 (0.8719)  Time: 0.346s, 1478.07/s  (0.346s, 1478.07/s)  LR: 3.039e-04  Data: 0.074 (0.074)
2024-07-10 18:57:50,869 -                train: [    INFO] - Train: 279 [  96/97 (100%)]  Loss:  0.803044 (0.8375)  Time: 0.272s, 1885.21/s  (0.281s, 1819.62/s)  LR: 3.039e-04  Data: 0.000 (0.004)
2024-07-10 18:57:50,979 -                train: [    INFO] - Test: [   0/19]  Time: 0.108 (0.108)  Loss:  0.1891 (0.1891)  Acc@1: 93.7500 (93.7500)  Acc@5: 99.8047 (99.8047)
2024-07-10 18:57:51,697 -                train: [    INFO] - Test: [  19/19]  Time: 0.024 (0.041)  Loss:  0.1655 (0.1871)  Acc@1: 93.7500 (94.4700)  Acc@5: 100.0000 (99.8500)
2024-07-10 18:57:51,874 - timm.utils.checkpoint_saver: [    INFO] - Current checkpoints:
 ('./output/train/20240710-164625-vitsnn-32/checkpoint-279.pth.tar', 94.46999979248046)
 ('./output/train/20240710-164625-vitsnn-32/checkpoint-277.pth.tar', 94.4500001220703)

2024-07-10 18:57:51,875 -                train: [    INFO] - *** Best metric: 94.46999979248046 (epoch 279)
2024-07-10 18:57:52,220 -                train: [    INFO] - Train: 280 [   0/97 (  0%)]  Loss:  0.787256 (0.7873)  Time: 0.344s, 1487.35/s  (0.344s, 1487.35/s)  LR: 2.994e-04  Data: 0.071 (0.071)
2024-07-10 18:58:18,814 -                train: [    INFO] - Train: 280 [  96/97 (100%)]  Loss:  0.621644 (0.7044)  Time: 0.272s, 1883.42/s  (0.278s, 1843.74/s)  LR: 2.994e-04  Data: 0.000 (0.004)
2024-07-10 18:58:18,930 -                train: [    INFO] - Test: [   0/19]  Time: 0.115 (0.115)  Loss:  0.1785 (0.1785)  Acc@1: 94.5312 (94.5312)  Acc@5: 99.8047 (99.8047)
2024-07-10 18:58:19,672 -                train: [    INFO] - Test: [  19/19]  Time: 0.027 (0.043)  Loss:  0.1436 (0.1703)  Acc@1: 95.5882 (94.5900)  Acc@5: 100.0000 (99.8300)
2024-07-10 18:58:19,894 - timm.utils.checkpoint_saver: [    INFO] - Current checkpoints:
 ('./output/train/20240710-164625-vitsnn-32/checkpoint-280.pth.tar', 94.58999975585938)
 ('./output/train/20240710-164625-vitsnn-32/checkpoint-279.pth.tar', 94.46999979248046)

2024-07-10 18:58:19,894 -                train: [    INFO] - *** Best metric: 94.58999975585938 (epoch 280)
2024-07-10 18:58:20,230 -                train: [    INFO] - Train: 281 [   0/97 (  0%)]  Loss:  0.761046 (0.7610)  Time: 0.334s, 1531.85/s  (0.334s, 1531.85/s)  LR: 2.950e-04  Data: 0.064 (0.064)
2024-07-10 18:58:46,919 -                train: [    INFO] - Train: 281 [  96/97 (100%)]  Loss:  0.583083 (0.6721)  Time: 0.272s, 1883.04/s  (0.279s, 1837.96/s)  LR: 2.950e-04  Data: 0.000 (0.004)
2024-07-10 18:58:47,028 -                train: [    INFO] - Test: [   0/19]  Time: 0.108 (0.108)  Loss:  0.1938 (0.1938)  Acc@1: 94.1406 (94.1406)  Acc@5: 99.6094 (99.6094)
2024-07-10 18:58:47,776 -                train: [    INFO] - Test: [  19/19]  Time: 0.027 (0.043)  Loss:  0.1573 (0.1869)  Acc@1: 95.2206 (94.3200)  Acc@5: 100.0000 (99.8000)
2024-07-10 18:58:47,938 -                train: [    INFO] - *** Best metric: 94.58999975585938 (epoch 280)
2024-07-10 18:58:48,285 -                train: [    INFO] - Train: 282 [   0/97 (  0%)]  Loss:  0.652248 (0.6522)  Time: 0.344s, 1486.81/s  (0.344s, 1486.81/s)  LR: 2.905e-04  Data: 0.073 (0.073)
2024-07-10 18:59:14,896 -                train: [    INFO] - Train: 282 [  96/97 (100%)]  Loss:  0.787165 (0.7197)  Time: 0.272s, 1883.98/s  (0.278s, 1842.56/s)  LR: 2.905e-04  Data: 0.000 (0.004)
2024-07-10 18:59:15,010 -                train: [    INFO] - Test: [   0/19]  Time: 0.112 (0.112)  Loss:  0.1577 (0.1577)  Acc@1: 94.5312 (94.5312)  Acc@5: 100.0000 (100.0000)
2024-07-10 18:59:15,762 -                train: [    INFO] - Test: [  19/19]  Time: 0.027 (0.043)  Loss:  0.1444 (0.1737)  Acc@1: 94.1176 (94.4300)  Acc@5: 100.0000 (99.8500)
2024-07-10 18:59:15,982 -                train: [    INFO] - *** Best metric: 94.58999975585938 (epoch 280)
2024-07-10 18:59:16,310 -                train: [    INFO] - Train: 283 [   0/97 (  0%)]  Loss:  0.728946 (0.7289)  Time: 0.326s, 1571.06/s  (0.326s, 1571.06/s)  LR: 2.862e-04  Data: 0.056 (0.056)
2024-07-10 18:59:43,078 -                train: [    INFO] - Train: 283 [  96/97 (100%)]  Loss:  0.766645 (0.7478)  Time: 0.272s, 1885.08/s  (0.279s, 1833.16/s)  LR: 2.862e-04  Data: 0.000 (0.004)
2024-07-10 18:59:43,189 -                train: [    INFO] - Test: [   0/19]  Time: 0.110 (0.110)  Loss:  0.1614 (0.1614)  Acc@1: 95.1172 (95.1172)  Acc@5: 99.6094 (99.6094)
2024-07-10 18:59:43,933 -                train: [    INFO] - Test: [  19/19]  Time: 0.027 (0.043)  Loss:  0.1676 (0.1743)  Acc@1: 94.1176 (94.5100)  Acc@5: 100.0000 (99.7900)
2024-07-10 18:59:44,115 - timm.utils.checkpoint_saver: [    INFO] - Current checkpoints:
 ('./output/train/20240710-164625-vitsnn-32/checkpoint-280.pth.tar', 94.58999975585938)
 ('./output/train/20240710-164625-vitsnn-32/checkpoint-283.pth.tar', 94.50999995117188)

2024-07-10 18:59:44,115 -                train: [    INFO] - *** Best metric: 94.58999975585938 (epoch 280)
2024-07-10 18:59:44,464 -                train: [    INFO] - Train: 284 [   0/97 (  0%)]  Loss:  0.988091 (0.9881)  Time: 0.348s, 1470.83/s  (0.348s, 1470.83/s)  LR: 2.818e-04  Data: 0.077 (0.077)
2024-07-10 19:00:11,613 -                train: [    INFO] - Train: 284 [  96/97 (100%)]  Loss:  0.707004 (0.8475)  Time: 0.273s, 1873.52/s  (0.283s, 1806.33/s)  LR: 2.818e-04  Data: 0.000 (0.004)
2024-07-10 19:00:11,731 -                train: [    INFO] - Test: [   0/19]  Time: 0.116 (0.116)  Loss:  0.1404 (0.1404)  Acc@1: 95.8984 (95.8984)  Acc@5: 99.8047 (99.8047)
2024-07-10 19:00:12,480 -                train: [    INFO] - Test: [  19/19]  Time: 0.034 (0.043)  Loss:  0.1975 (0.1769)  Acc@1: 94.1176 (94.5700)  Acc@5: 100.0000 (99.8200)
2024-07-10 19:00:12,653 - timm.utils.checkpoint_saver: [    INFO] - Current checkpoints:
 ('./output/train/20240710-164625-vitsnn-32/checkpoint-280.pth.tar', 94.58999975585938)
 ('./output/train/20240710-164625-vitsnn-32/checkpoint-284.pth.tar', 94.56999995117188)

2024-07-10 19:00:12,654 -                train: [    INFO] - *** Best metric: 94.58999975585938 (epoch 280)
2024-07-10 19:00:12,998 -                train: [    INFO] - Train: 285 [   0/97 (  0%)]  Loss:  0.818022 (0.8180)  Time: 0.343s, 1493.10/s  (0.343s, 1493.10/s)  LR: 2.774e-04  Data: 0.068 (0.068)
2024-07-10 19:00:39,753 -                train: [    INFO] - Train: 285 [  96/97 (100%)]  Loss:  0.501522 (0.6598)  Time: 0.272s, 1880.44/s  (0.279s, 1832.83/s)  LR: 2.774e-04  Data: 0.000 (0.004)
2024-07-10 19:00:39,864 -                train: [    INFO] - Test: [   0/19]  Time: 0.108 (0.108)  Loss:  0.1917 (0.1917)  Acc@1: 93.3594 (93.3594)  Acc@5: 100.0000 (100.0000)
2024-07-10 19:00:40,605 -                train: [    INFO] - Test: [  19/19]  Time: 0.027 (0.042)  Loss:  0.1405 (0.1799)  Acc@1: 95.2206 (94.3200)  Acc@5: 100.0000 (99.8300)
2024-07-10 19:00:40,797 -                train: [    INFO] - *** Best metric: 94.58999975585938 (epoch 280)
2024-07-10 19:00:41,139 -                train: [    INFO] - Train: 286 [   0/97 (  0%)]  Loss:  0.788376 (0.7884)  Time: 0.340s, 1504.37/s  (0.340s, 1504.37/s)  LR: 2.731e-04  Data: 0.069 (0.069)
2024-07-10 19:01:08,181 -                train: [    INFO] - Train: 286 [  96/97 (100%)]  Loss:  0.802108 (0.7952)  Time: 0.273s, 1876.69/s  (0.282s, 1813.87/s)  LR: 2.731e-04  Data: 0.000 (0.004)
2024-07-10 19:01:08,298 -                train: [    INFO] - Test: [   0/19]  Time: 0.115 (0.115)  Loss:  0.1710 (0.1710)  Acc@1: 95.5078 (95.5078)  Acc@5: 99.8047 (99.8047)
2024-07-10 19:01:09,028 -                train: [    INFO] - Test: [  19/19]  Time: 0.030 (0.042)  Loss:  0.1345 (0.1798)  Acc@1: 95.5882 (94.4400)  Acc@5: 100.0000 (99.8600)
2024-07-10 19:01:09,273 -                train: [    INFO] - *** Best metric: 94.58999975585938 (epoch 280)
2024-07-10 19:01:09,659 -                train: [    INFO] - Train: 287 [   0/97 (  0%)]  Loss:  0.877503 (0.8775)  Time: 0.384s, 1331.62/s  (0.384s, 1331.62/s)  LR: 2.688e-04  Data: 0.097 (0.097)
2024-07-10 19:01:36,904 -                train: [    INFO] - Train: 287 [  96/97 (100%)]  Loss:  0.877647 (0.8776)  Time: 0.277s, 1850.60/s  (0.285s, 1797.70/s)  LR: 2.688e-04  Data: 0.000 (0.005)
2024-07-10 19:01:37,023 -                train: [    INFO] - Test: [   0/19]  Time: 0.117 (0.117)  Loss:  0.1461 (0.1461)  Acc@1: 95.5078 (95.5078)  Acc@5: 99.6094 (99.6094)
2024-07-10 19:01:37,759 -                train: [    INFO] - Test: [  19/19]  Time: 0.029 (0.043)  Loss:  0.1685 (0.1689)  Acc@1: 94.4853 (94.3200)  Acc@5: 100.0000 (99.8100)
2024-07-10 19:01:38,001 -                train: [    INFO] - *** Best metric: 94.58999975585938 (epoch 280)
2024-07-10 19:01:38,346 -                train: [    INFO] - Train: 288 [   0/97 (  0%)]  Loss:  0.609602 (0.6096)  Time: 0.343s, 1490.76/s  (0.343s, 1490.76/s)  LR: 2.646e-04  Data: 0.068 (0.068)
2024-07-10 19:02:05,361 -                train: [    INFO] - Train: 288 [  96/97 (100%)]  Loss:  0.786039 (0.6978)  Time: 0.273s, 1876.41/s  (0.282s, 1815.46/s)  LR: 2.646e-04  Data: 0.000 (0.004)
2024-07-10 19:02:05,482 -                train: [    INFO] - Test: [   0/19]  Time: 0.119 (0.119)  Loss:  0.1494 (0.1494)  Acc@1: 94.5312 (94.5312)  Acc@5: 99.6094 (99.6094)
2024-07-10 19:02:06,232 -                train: [    INFO] - Test: [  19/19]  Time: 0.036 (0.043)  Loss:  0.1484 (0.1659)  Acc@1: 96.3235 (94.7200)  Acc@5: 100.0000 (99.8000)
2024-07-10 19:02:06,523 - timm.utils.checkpoint_saver: [    INFO] - Current checkpoints:
 ('./output/train/20240710-164625-vitsnn-32/checkpoint-288.pth.tar', 94.72000007324219)
 ('./output/train/20240710-164625-vitsnn-32/checkpoint-280.pth.tar', 94.58999975585938)

2024-07-10 19:02:06,523 -                train: [    INFO] - *** Best metric: 94.72000007324219 (epoch 288)
2024-07-10 19:02:06,877 -                train: [    INFO] - Train: 289 [   0/97 (  0%)]  Loss:  0.915513 (0.9155)  Time: 0.349s, 1468.15/s  (0.349s, 1468.15/s)  LR: 2.603e-04  Data: 0.077 (0.077)
2024-07-10 19:02:34,017 -                train: [    INFO] - Train: 289 [  96/97 (100%)]  Loss:  0.897927 (0.9067)  Time: 0.272s, 1883.31/s  (0.283s, 1806.81/s)  LR: 2.603e-04  Data: 0.000 (0.004)
2024-07-10 19:02:34,145 -                train: [    INFO] - Test: [   0/19]  Time: 0.126 (0.126)  Loss:  0.1595 (0.1595)  Acc@1: 94.9219 (94.9219)  Acc@5: 99.8047 (99.8047)
2024-07-10 19:02:34,882 -                train: [    INFO] - Test: [  19/19]  Time: 0.027 (0.043)  Loss:  0.1542 (0.1746)  Acc@1: 96.6912 (94.8200)  Acc@5: 100.0000 (99.8600)
2024-07-10 19:02:35,054 - timm.utils.checkpoint_saver: [    INFO] - Current checkpoints:
 ('./output/train/20240710-164625-vitsnn-32/checkpoint-289.pth.tar', 94.82000002441406)
 ('./output/train/20240710-164625-vitsnn-32/checkpoint-288.pth.tar', 94.72000007324219)

2024-07-10 19:02:35,054 -                train: [    INFO] - *** Best metric: 94.82000002441406 (epoch 289)
2024-07-10 19:02:35,405 -                train: [    INFO] - Train: 290 [   0/97 (  0%)]  Loss:  0.942240 (0.9422)  Time: 0.350s, 1463.38/s  (0.350s, 1463.38/s)  LR: 2.561e-04  Data: 0.080 (0.080)
2024-07-10 19:03:01,977 -                train: [    INFO] - Train: 290 [  96/97 (100%)]  Loss:  0.817238 (0.8797)  Time: 0.272s, 1885.10/s  (0.278s, 1844.88/s)  LR: 2.561e-04  Data: 0.000 (0.004)
2024-07-10 19:03:02,091 -                train: [    INFO] - Test: [   0/19]  Time: 0.112 (0.112)  Loss:  0.1664 (0.1664)  Acc@1: 94.9219 (94.9219)  Acc@5: 99.6094 (99.6094)
2024-07-10 19:03:02,809 -                train: [    INFO] - Test: [  19/19]  Time: 0.023 (0.041)  Loss:  0.1544 (0.1758)  Acc@1: 94.8529 (94.4200)  Acc@5: 100.0000 (99.8300)
2024-07-10 19:03:03,002 -                train: [    INFO] - *** Best metric: 94.82000002441406 (epoch 289)
2024-07-10 19:03:03,333 -                train: [    INFO] - Train: 291 [   0/97 (  0%)]  Loss:  1.036587 (1.0366)  Time: 0.330s, 1551.39/s  (0.330s, 1551.39/s)  LR: 2.519e-04  Data: 0.058 (0.058)
2024-07-10 19:03:30,152 -                train: [    INFO] - Train: 291 [  96/97 (100%)]  Loss:  0.959476 (0.9980)  Time: 0.272s, 1884.96/s  (0.280s, 1829.47/s)  LR: 2.519e-04  Data: 0.000 (0.004)
2024-07-10 19:03:30,279 -                train: [    INFO] - Test: [   0/19]  Time: 0.125 (0.125)  Loss:  0.1885 (0.1885)  Acc@1: 94.1406 (94.1406)  Acc@5: 99.8047 (99.8047)
2024-07-10 19:03:31,037 -                train: [    INFO] - Test: [  19/19]  Time: 0.028 (0.044)  Loss:  0.1334 (0.1749)  Acc@1: 95.2206 (94.4700)  Acc@5: 100.0000 (99.8600)
2024-07-10 19:03:31,244 -                train: [    INFO] - *** Best metric: 94.82000002441406 (epoch 289)
2024-07-10 19:03:31,599 -                train: [    INFO] - Train: 292 [   0/97 (  0%)]  Loss:  0.645313 (0.6453)  Time: 0.353s, 1449.45/s  (0.353s, 1449.45/s)  LR: 2.478e-04  Data: 0.083 (0.083)
2024-07-10 19:03:58,378 -                train: [    INFO] - Train: 292 [  96/97 (100%)]  Loss:  0.903977 (0.7746)  Time: 0.274s, 1867.66/s  (0.280s, 1830.64/s)  LR: 2.478e-04  Data: 0.000 (0.004)
2024-07-10 19:03:58,489 -                train: [    INFO] - Test: [   0/19]  Time: 0.109 (0.109)  Loss:  0.1750 (0.1750)  Acc@1: 94.5312 (94.5312)  Acc@5: 99.8047 (99.8047)
2024-07-10 19:03:59,238 -                train: [    INFO] - Test: [  19/19]  Time: 0.025 (0.043)  Loss:  0.1426 (0.1681)  Acc@1: 95.5882 (94.8100)  Acc@5: 100.0000 (99.8500)
2024-07-10 19:03:59,470 - timm.utils.checkpoint_saver: [    INFO] - Current checkpoints:
 ('./output/train/20240710-164625-vitsnn-32/checkpoint-289.pth.tar', 94.82000002441406)
 ('./output/train/20240710-164625-vitsnn-32/checkpoint-292.pth.tar', 94.81000017089843)

2024-07-10 19:03:59,471 -                train: [    INFO] - *** Best metric: 94.82000002441406 (epoch 289)
2024-07-10 19:03:59,816 -                train: [    INFO] - Train: 293 [   0/97 (  0%)]  Loss:  0.868153 (0.8682)  Time: 0.345s, 1484.21/s  (0.345s, 1484.21/s)  LR: 2.437e-04  Data: 0.075 (0.075)
2024-07-10 19:04:26,598 -                train: [    INFO] - Train: 293 [  96/97 (100%)]  Loss:  0.741343 (0.8047)  Time: 0.272s, 1885.37/s  (0.280s, 1830.92/s)  LR: 2.437e-04  Data: 0.000 (0.004)
2024-07-10 19:04:26,717 -                train: [    INFO] - Test: [   0/19]  Time: 0.117 (0.117)  Loss:  0.1627 (0.1627)  Acc@1: 94.5312 (94.5312)  Acc@5: 99.6094 (99.6094)
2024-07-10 19:04:27,460 -                train: [    INFO] - Test: [  19/19]  Time: 0.027 (0.043)  Loss:  0.1434 (0.1650)  Acc@1: 95.2206 (94.5300)  Acc@5: 100.0000 (99.8400)
2024-07-10 19:04:27,664 -                train: [    INFO] - *** Best metric: 94.82000002441406 (epoch 289)
2024-07-10 19:04:28,007 -                train: [    INFO] - Train: 294 [   0/97 (  0%)]  Loss:  0.793512 (0.7935)  Time: 0.342s, 1495.82/s  (0.342s, 1495.82/s)  LR: 2.396e-04  Data: 0.071 (0.071)
2024-07-10 19:04:55,098 -                train: [    INFO] - Train: 294 [  96/97 (100%)]  Loss:  0.595434 (0.6945)  Time: 0.272s, 1882.06/s  (0.283s, 1810.50/s)  LR: 2.396e-04  Data: 0.000 (0.004)
2024-07-10 19:04:55,211 -                train: [    INFO] - Test: [   0/19]  Time: 0.111 (0.111)  Loss:  0.1735 (0.1735)  Acc@1: 93.5547 (93.5547)  Acc@5: 99.6094 (99.6094)
2024-07-10 19:04:55,942 -                train: [    INFO] - Test: [  19/19]  Time: 0.028 (0.042)  Loss:  0.1550 (0.1661)  Acc@1: 94.8529 (94.5900)  Acc@5: 100.0000 (99.8800)
2024-07-10 19:04:56,164 -                train: [    INFO] - *** Best metric: 94.82000002441406 (epoch 289)
2024-07-10 19:04:56,515 -                train: [    INFO] - Train: 295 [   0/97 (  0%)]  Loss:  0.785764 (0.7858)  Time: 0.350s, 1464.10/s  (0.350s, 1464.10/s)  LR: 2.355e-04  Data: 0.079 (0.079)
2024-07-10 19:05:23,410 -                train: [    INFO] - Train: 295 [  96/97 (100%)]  Loss:  0.782059 (0.7839)  Time: 0.273s, 1872.22/s  (0.281s, 1823.04/s)  LR: 2.355e-04  Data: 0.000 (0.004)
2024-07-10 19:05:23,527 -                train: [    INFO] - Test: [   0/19]  Time: 0.115 (0.115)  Loss:  0.2092 (0.2092)  Acc@1: 93.9453 (93.9453)  Acc@5: 99.8047 (99.8047)
2024-07-10 19:05:24,266 -                train: [    INFO] - Test: [  19/19]  Time: 0.024 (0.043)  Loss:  0.1389 (0.1798)  Acc@1: 95.9559 (94.3600)  Acc@5: 100.0000 (99.8200)
2024-07-10 19:05:24,505 -                train: [    INFO] - *** Best metric: 94.82000002441406 (epoch 289)
2024-07-10 19:05:24,847 -                train: [    INFO] - Train: 296 [   0/97 (  0%)]  Loss:  0.730147 (0.7301)  Time: 0.341s, 1502.32/s  (0.341s, 1502.32/s)  LR: 2.315e-04  Data: 0.062 (0.062)
2024-07-10 19:05:52,021 -                train: [    INFO] - Train: 296 [  96/97 (100%)]  Loss:  0.594729 (0.6624)  Time: 0.273s, 1876.32/s  (0.284s, 1805.11/s)  LR: 2.315e-04  Data: 0.000 (0.004)
2024-07-10 19:05:52,135 -                train: [    INFO] - Test: [   0/19]  Time: 0.112 (0.112)  Loss:  0.1489 (0.1489)  Acc@1: 94.5312 (94.5312)  Acc@5: 100.0000 (100.0000)
2024-07-10 19:05:52,898 -                train: [    INFO] - Test: [  19/19]  Time: 0.034 (0.044)  Loss:  0.1704 (0.1722)  Acc@1: 93.7500 (94.4700)  Acc@5: 100.0000 (99.9100)
2024-07-10 19:05:53,123 -                train: [    INFO] - *** Best metric: 94.82000002441406 (epoch 289)
2024-07-10 19:05:53,466 -                train: [    INFO] - Train: 297 [   0/97 (  0%)]  Loss:  0.689451 (0.6895)  Time: 0.340s, 1504.28/s  (0.340s, 1504.28/s)  LR: 2.275e-04  Data: 0.069 (0.069)
2024-07-10 19:06:20,765 -                train: [    INFO] - Train: 297 [  96/97 (100%)]  Loss:  0.778217 (0.7338)  Time: 0.274s, 1871.16/s  (0.285s, 1796.95/s)  LR: 2.275e-04  Data: 0.000 (0.005)
2024-07-10 19:06:20,903 -                train: [    INFO] - Test: [   0/19]  Time: 0.136 (0.136)  Loss:  0.1740 (0.1740)  Acc@1: 95.3125 (95.3125)  Acc@5: 99.8047 (99.8047)
2024-07-10 19:06:21,649 -                train: [    INFO] - Test: [  19/19]  Time: 0.036 (0.044)  Loss:  0.1661 (0.1690)  Acc@1: 94.8529 (94.7900)  Acc@5: 99.6324 (99.8500)
2024-07-10 19:06:21,827 -                train: [    INFO] - *** Best metric: 94.82000002441406 (epoch 289)
2024-07-10 19:06:22,203 -                train: [    INFO] - Train: 298 [   0/97 (  0%)]  Loss:  0.937943 (0.9379)  Time: 0.374s, 1369.17/s  (0.374s, 1369.17/s)  LR: 2.235e-04  Data: 0.099 (0.099)
2024-07-10 19:06:49,436 -                train: [    INFO] - Train: 298 [  96/97 (100%)]  Loss:  0.559476 (0.7487)  Time: 0.273s, 1876.26/s  (0.285s, 1799.11/s)  LR: 2.235e-04  Data: 0.000 (0.005)
2024-07-10 19:06:49,568 -                train: [    INFO] - Test: [   0/19]  Time: 0.130 (0.130)  Loss:  0.1686 (0.1686)  Acc@1: 94.3359 (94.3359)  Acc@5: 99.6094 (99.6094)
2024-07-10 19:06:50,304 -                train: [    INFO] - Test: [  19/19]  Time: 0.028 (0.043)  Loss:  0.1362 (0.1720)  Acc@1: 94.4853 (94.3500)  Acc@5: 100.0000 (99.8800)
2024-07-10 19:06:50,481 -                train: [    INFO] - *** Best metric: 94.82000002441406 (epoch 289)
2024-07-10 19:06:50,834 -                train: [    INFO] - Train: 299 [   0/97 (  0%)]  Loss:  0.812870 (0.8129)  Time: 0.351s, 1457.76/s  (0.351s, 1457.76/s)  LR: 2.196e-04  Data: 0.069 (0.069)
2024-07-10 19:07:17,686 -                train: [    INFO] - Train: 299 [  96/97 (100%)]  Loss:  0.763942 (0.7884)  Time: 0.272s, 1882.53/s  (0.280s, 1825.81/s)  LR: 2.196e-04  Data: 0.000 (0.004)
2024-07-10 19:07:17,797 -                train: [    INFO] - Test: [   0/19]  Time: 0.109 (0.109)  Loss:  0.1709 (0.1709)  Acc@1: 95.7031 (95.7031)  Acc@5: 99.8047 (99.8047)
2024-07-10 19:07:18,530 -                train: [    INFO] - Test: [  19/19]  Time: 0.034 (0.042)  Loss:  0.1405 (0.1729)  Acc@1: 95.5882 (94.5000)  Acc@5: 99.6324 (99.7900)
2024-07-10 19:07:18,712 -                train: [    INFO] - *** Best metric: 94.82000002441406 (epoch 289)
2024-07-10 19:07:19,044 -                train: [    INFO] - Train: 300 [   0/97 (  0%)]  Loss:  0.764409 (0.7644)  Time: 0.330s, 1552.17/s  (0.330s, 1552.17/s)  LR: 2.156e-04  Data: 0.059 (0.059)
2024-07-10 19:07:45,879 -                train: [    INFO] - Train: 300 [  96/97 (100%)]  Loss:  0.882212 (0.8233)  Time: 0.272s, 1883.36/s  (0.280s, 1828.37/s)  LR: 2.156e-04  Data: 0.000 (0.004)
2024-07-10 19:07:46,007 -                train: [    INFO] - Test: [   0/19]  Time: 0.127 (0.127)  Loss:  0.1783 (0.1783)  Acc@1: 94.7266 (94.7266)  Acc@5: 99.6094 (99.6094)
2024-07-10 19:07:46,732 -                train: [    INFO] - Test: [  19/19]  Time: 0.027 (0.043)  Loss:  0.1616 (0.1800)  Acc@1: 95.2206 (94.5200)  Acc@5: 100.0000 (99.8500)
2024-07-10 19:07:46,899 -                train: [    INFO] - *** Best metric: 94.82000002441406 (epoch 289)
2024-07-10 19:07:47,242 -                train: [    INFO] - Train: 301 [   0/97 (  0%)]  Loss:  0.654886 (0.6549)  Time: 0.341s, 1501.09/s  (0.341s, 1501.09/s)  LR: 2.118e-04  Data: 0.070 (0.070)
2024-07-10 19:08:13,917 -                train: [    INFO] - Train: 301 [  96/97 (100%)]  Loss:  0.599365 (0.6271)  Time: 0.272s, 1884.58/s  (0.278s, 1838.44/s)  LR: 2.118e-04  Data: 0.000 (0.004)
2024-07-10 19:08:14,027 -                train: [    INFO] - Test: [   0/19]  Time: 0.109 (0.109)  Loss:  0.1597 (0.1597)  Acc@1: 94.7266 (94.7266)  Acc@5: 99.6094 (99.6094)
2024-07-10 19:08:14,783 -                train: [    INFO] - Test: [  19/19]  Time: 0.042 (0.043)  Loss:  0.1616 (0.1674)  Acc@1: 93.7500 (94.6900)  Acc@5: 100.0000 (99.8200)
2024-07-10 19:08:14,950 -                train: [    INFO] - *** Best metric: 94.82000002441406 (epoch 289)
2024-07-10 19:08:15,297 -                train: [    INFO] - Train: 302 [   0/97 (  0%)]  Loss:  0.789230 (0.7892)  Time: 0.345s, 1482.85/s  (0.345s, 1482.85/s)  LR: 2.079e-04  Data: 0.072 (0.072)
2024-07-10 19:08:42,175 -                train: [    INFO] - Train: 302 [  96/97 (100%)]  Loss:  0.485694 (0.6375)  Time: 0.273s, 1875.08/s  (0.281s, 1824.49/s)  LR: 2.079e-04  Data: 0.000 (0.004)
2024-07-10 19:08:42,289 -                train: [    INFO] - Test: [   0/19]  Time: 0.112 (0.112)  Loss:  0.1659 (0.1659)  Acc@1: 94.5312 (94.5312)  Acc@5: 99.8047 (99.8047)
2024-07-10 19:08:43,037 -                train: [    INFO] - Test: [  19/19]  Time: 0.028 (0.043)  Loss:  0.1455 (0.1717)  Acc@1: 94.1176 (94.3300)  Acc@5: 100.0000 (99.8600)
2024-07-10 19:08:43,204 -                train: [    INFO] - *** Best metric: 94.82000002441406 (epoch 289)
2024-07-10 19:08:43,563 -                train: [    INFO] - Train: 303 [   0/97 (  0%)]  Loss:  0.856478 (0.8565)  Time: 0.358s, 1431.95/s  (0.358s, 1431.95/s)  LR: 2.041e-04  Data: 0.069 (0.069)
2024-07-10 19:09:10,399 -                train: [    INFO] - Train: 303 [  96/97 (100%)]  Loss:  0.732113 (0.7943)  Time: 0.274s, 1871.37/s  (0.280s, 1826.42/s)  LR: 2.041e-04  Data: 0.000 (0.005)
2024-07-10 19:09:10,512 -                train: [    INFO] - Test: [   0/19]  Time: 0.110 (0.110)  Loss:  0.1561 (0.1561)  Acc@1: 94.3359 (94.3359)  Acc@5: 99.8047 (99.8047)
2024-07-10 19:09:11,263 -                train: [    INFO] - Test: [  19/19]  Time: 0.028 (0.043)  Loss:  0.1453 (0.1667)  Acc@1: 95.5882 (94.5000)  Acc@5: 100.0000 (99.8800)
2024-07-10 19:09:11,501 -                train: [    INFO] - *** Best metric: 94.82000002441406 (epoch 289)
2024-07-10 19:09:11,838 -                train: [    INFO] - Train: 304 [   0/97 (  0%)]  Loss:  0.788839 (0.7888)  Time: 0.336s, 1523.19/s  (0.336s, 1523.19/s)  LR: 2.003e-04  Data: 0.066 (0.066)
2024-07-10 19:09:38,863 -                train: [    INFO] - Train: 304 [  96/97 (100%)]  Loss:  0.780158 (0.7845)  Time: 0.273s, 1874.59/s  (0.282s, 1815.31/s)  LR: 2.003e-04  Data: 0.000 (0.004)
2024-07-10 19:09:38,975 -                train: [    INFO] - Test: [   0/19]  Time: 0.110 (0.110)  Loss:  0.1516 (0.1516)  Acc@1: 94.7266 (94.7266)  Acc@5: 100.0000 (100.0000)
2024-07-10 19:09:39,720 -                train: [    INFO] - Test: [  19/19]  Time: 0.034 (0.043)  Loss:  0.1487 (0.1619)  Acc@1: 94.4853 (94.7400)  Acc@5: 100.0000 (99.8700)
2024-07-10 19:09:39,893 -                train: [    INFO] - *** Best metric: 94.82000002441406 (epoch 289)
2024-07-10 19:09:40,255 -                train: [    INFO] - Train: 305 [   0/97 (  0%)]  Loss:  0.718400 (0.7184)  Time: 0.361s, 1416.55/s  (0.361s, 1416.55/s)  LR: 1.965e-04  Data: 0.087 (0.087)
2024-07-10 19:10:07,020 -                train: [    INFO] - Train: 305 [  96/97 (100%)]  Loss:  0.847631 (0.7830)  Time: 0.272s, 1881.42/s  (0.280s, 1830.96/s)  LR: 1.965e-04  Data: 0.000 (0.004)
2024-07-10 19:10:07,135 -                train: [    INFO] - Test: [   0/19]  Time: 0.113 (0.113)  Loss:  0.1692 (0.1692)  Acc@1: 95.3125 (95.3125)  Acc@5: 99.6094 (99.6094)
2024-07-10 19:10:07,873 -                train: [    INFO] - Test: [  19/19]  Time: 0.027 (0.043)  Loss:  0.1818 (0.1775)  Acc@1: 92.2794 (94.6500)  Acc@5: 100.0000 (99.8500)
2024-07-10 19:10:08,045 -                train: [    INFO] - *** Best metric: 94.82000002441406 (epoch 289)
2024-07-10 19:10:08,385 -                train: [    INFO] - Train: 306 [   0/97 (  0%)]  Loss:  0.930879 (0.9309)  Time: 0.339s, 1512.11/s  (0.339s, 1512.11/s)  LR: 1.928e-04  Data: 0.068 (0.068)
2024-07-10 19:10:35,253 -                train: [    INFO] - Train: 306 [  96/97 (100%)]  Loss:  0.736321 (0.8336)  Time: 0.274s, 1868.61/s  (0.280s, 1825.55/s)  LR: 1.928e-04  Data: 0.000 (0.004)
2024-07-10 19:10:35,369 -                train: [    INFO] - Test: [   0/19]  Time: 0.114 (0.114)  Loss:  0.1600 (0.1600)  Acc@1: 95.3125 (95.3125)  Acc@5: 99.8047 (99.8047)
2024-07-10 19:10:36,114 -                train: [    INFO] - Test: [  19/19]  Time: 0.030 (0.043)  Loss:  0.1333 (0.1700)  Acc@1: 94.4853 (94.5200)  Acc@5: 100.0000 (99.8400)
2024-07-10 19:10:36,339 -                train: [    INFO] - *** Best metric: 94.82000002441406 (epoch 289)
2024-07-10 19:10:36,679 -                train: [    INFO] - Train: 307 [   0/97 (  0%)]  Loss:  0.847749 (0.8477)  Time: 0.339s, 1511.23/s  (0.339s, 1511.23/s)  LR: 1.891e-04  Data: 0.061 (0.061)
2024-07-10 19:11:03,467 -                train: [    INFO] - Train: 307 [  96/97 (100%)]  Loss:  0.587399 (0.7176)  Time: 0.272s, 1882.62/s  (0.280s, 1830.97/s)  LR: 1.891e-04  Data: 0.000 (0.004)
2024-07-10 19:11:03,575 -                train: [    INFO] - Test: [   0/19]  Time: 0.107 (0.107)  Loss:  0.1687 (0.1687)  Acc@1: 95.1172 (95.1172)  Acc@5: 99.8047 (99.8047)
2024-07-10 19:11:04,322 -                train: [    INFO] - Test: [  19/19]  Time: 0.027 (0.043)  Loss:  0.1458 (0.1701)  Acc@1: 94.8529 (94.6500)  Acc@5: 100.0000 (99.8300)
2024-07-10 19:11:04,525 -                train: [    INFO] - *** Best metric: 94.82000002441406 (epoch 289)
2024-07-10 19:11:04,879 -                train: [    INFO] - Train: 308 [   0/97 (  0%)]  Loss:  0.841057 (0.8411)  Time: 0.352s, 1453.46/s  (0.352s, 1453.46/s)  LR: 1.854e-04  Data: 0.075 (0.075)
2024-07-10 19:11:31,509 -                train: [    INFO] - Train: 308 [  96/97 (100%)]  Loss:  0.721273 (0.7812)  Time: 0.272s, 1883.56/s  (0.278s, 1840.71/s)  LR: 1.854e-04  Data: 0.000 (0.004)
2024-07-10 19:11:31,621 -                train: [    INFO] - Test: [   0/19]  Time: 0.111 (0.111)  Loss:  0.1738 (0.1738)  Acc@1: 94.9219 (94.9219)  Acc@5: 99.6094 (99.6094)
2024-07-10 19:11:32,356 -                train: [    INFO] - Test: [  19/19]  Time: 0.028 (0.042)  Loss:  0.1494 (0.1630)  Acc@1: 93.7500 (94.5600)  Acc@5: 100.0000 (99.8500)
2024-07-10 19:11:32,576 -                train: [    INFO] - *** Best metric: 94.82000002441406 (epoch 289)
2024-07-10 19:11:32,913 -                train: [    INFO] - Train: 309 [   0/97 (  0%)]  Loss:  0.880267 (0.8803)  Time: 0.335s, 1526.72/s  (0.335s, 1526.72/s)  LR: 1.818e-04  Data: 0.065 (0.065)
2024-07-10 19:11:59,712 -                train: [    INFO] - Train: 309 [  96/97 (100%)]  Loss:  0.616830 (0.7485)  Time: 0.272s, 1884.74/s  (0.280s, 1830.43/s)  LR: 1.818e-04  Data: 0.000 (0.004)
2024-07-10 19:11:59,822 -                train: [    INFO] - Test: [   0/19]  Time: 0.108 (0.108)  Loss:  0.1512 (0.1512)  Acc@1: 95.1172 (95.1172)  Acc@5: 99.8047 (99.8047)
2024-07-10 19:12:00,567 -                train: [    INFO] - Test: [  19/19]  Time: 0.027 (0.043)  Loss:  0.1517 (0.1635)  Acc@1: 94.8529 (94.6300)  Acc@5: 100.0000 (99.8100)
2024-07-10 19:12:00,772 -                train: [    INFO] - *** Best metric: 94.82000002441406 (epoch 289)
2024-07-10 19:12:01,108 -                train: [    INFO] - Train: 310 [   0/97 (  0%)]  Loss:  0.671159 (0.6712)  Time: 0.334s, 1531.80/s  (0.334s, 1531.80/s)  LR: 1.782e-04  Data: 0.064 (0.064)
2024-07-10 19:12:27,878 -                train: [    INFO] - Train: 310 [  96/97 (100%)]  Loss:  0.792167 (0.7317)  Time: 0.272s, 1885.72/s  (0.279s, 1832.45/s)  LR: 1.782e-04  Data: 0.000 (0.004)
2024-07-10 19:12:27,993 -                train: [    INFO] - Test: [   0/19]  Time: 0.114 (0.114)  Loss:  0.1545 (0.1545)  Acc@1: 95.3125 (95.3125)  Acc@5: 99.6094 (99.6094)
2024-07-10 19:12:28,743 -                train: [    INFO] - Test: [  19/19]  Time: 0.027 (0.043)  Loss:  0.1385 (0.1729)  Acc@1: 95.9559 (94.5300)  Acc@5: 100.0000 (99.8000)
2024-07-10 19:12:28,978 -                train: [    INFO] - *** Best metric: 94.82000002441406 (epoch 289)
2024-07-10 19:12:29,327 -                train: [    INFO] - Train: 311 [   0/97 (  0%)]  Loss:  0.601550 (0.6015)  Time: 0.345s, 1484.53/s  (0.345s, 1484.53/s)  LR: 1.747e-04  Data: 0.075 (0.075)
2024-07-10 19:12:56,094 -                train: [    INFO] - Train: 311 [  96/97 (100%)]  Loss:  0.626736 (0.6141)  Time: 0.273s, 1872.66/s  (0.279s, 1831.96/s)  LR: 1.747e-04  Data: 0.000 (0.005)
2024-07-10 19:12:56,203 -                train: [    INFO] - Test: [   0/19]  Time: 0.107 (0.107)  Loss:  0.1555 (0.1555)  Acc@1: 94.3359 (94.3359)  Acc@5: 99.8047 (99.8047)
2024-07-10 19:12:56,972 -                train: [    INFO] - Test: [  19/19]  Time: 0.042 (0.044)  Loss:  0.1477 (0.1665)  Acc@1: 95.2206 (94.5000)  Acc@5: 100.0000 (99.8300)
2024-07-10 19:12:57,173 -                train: [    INFO] - *** Best metric: 94.82000002441406 (epoch 289)
2024-07-10 19:12:57,511 -                train: [    INFO] - Train: 312 [   0/97 (  0%)]  Loss:  0.766197 (0.7662)  Time: 0.336s, 1524.59/s  (0.336s, 1524.59/s)  LR: 1.711e-04  Data: 0.066 (0.066)
2024-07-10 19:13:24,270 -                train: [    INFO] - Train: 312 [  96/97 (100%)]  Loss:  0.688624 (0.7274)  Time: 0.272s, 1884.18/s  (0.279s, 1833.07/s)  LR: 1.711e-04  Data: 0.000 (0.004)
2024-07-10 19:13:24,386 -                train: [    INFO] - Test: [   0/19]  Time: 0.115 (0.115)  Loss:  0.1504 (0.1504)  Acc@1: 95.5078 (95.5078)  Acc@5: 99.8047 (99.8047)
2024-07-10 19:13:25,133 -                train: [    INFO] - Test: [  19/19]  Time: 0.031 (0.043)  Loss:  0.1340 (0.1610)  Acc@1: 95.9559 (94.8500)  Acc@5: 100.0000 (99.8200)
2024-07-10 19:13:25,366 - timm.utils.checkpoint_saver: [    INFO] - Current checkpoints:
 ('./output/train/20240710-164625-vitsnn-32/checkpoint-312.pth.tar', 94.85000012207031)
 ('./output/train/20240710-164625-vitsnn-32/checkpoint-289.pth.tar', 94.82000002441406)

2024-07-10 19:13:25,366 -                train: [    INFO] - *** Best metric: 94.85000012207031 (epoch 312)
2024-07-10 19:13:25,716 -                train: [    INFO] - Train: 313 [   0/97 (  0%)]  Loss:  0.651568 (0.6516)  Time: 0.348s, 1469.80/s  (0.348s, 1469.80/s)  LR: 1.676e-04  Data: 0.071 (0.071)
2024-07-10 19:13:52,727 -                train: [    INFO] - Train: 313 [  96/97 (100%)]  Loss:  0.572396 (0.6120)  Time: 0.274s, 1868.26/s  (0.282s, 1815.39/s)  LR: 1.676e-04  Data: 0.000 (0.004)
2024-07-10 19:13:52,873 -                train: [    INFO] - Test: [   0/19]  Time: 0.144 (0.144)  Loss:  0.1754 (0.1754)  Acc@1: 93.7500 (93.7500)  Acc@5: 100.0000 (100.0000)
2024-07-10 19:13:53,610 -                train: [    INFO] - Test: [  19/19]  Time: 0.028 (0.044)  Loss:  0.1715 (0.1674)  Acc@1: 93.7500 (94.5800)  Acc@5: 100.0000 (99.8300)
2024-07-10 19:13:53,773 -                train: [    INFO] - *** Best metric: 94.85000012207031 (epoch 312)
2024-07-10 19:13:54,148 -                train: [    INFO] - Train: 314 [   0/97 (  0%)]  Loss:  0.928329 (0.9283)  Time: 0.374s, 1368.89/s  (0.374s, 1368.89/s)  LR: 1.642e-04  Data: 0.093 (0.093)
2024-07-10 19:14:20,998 -                train: [    INFO] - Train: 314 [  96/97 (100%)]  Loss:  0.659980 (0.7942)  Time: 0.272s, 1883.86/s  (0.281s, 1824.41/s)  LR: 1.642e-04  Data: 0.000 (0.004)
2024-07-10 19:14:21,110 -                train: [    INFO] - Test: [   0/19]  Time: 0.111 (0.111)  Loss:  0.1414 (0.1414)  Acc@1: 95.3125 (95.3125)  Acc@5: 99.8047 (99.8047)
2024-07-10 19:14:21,841 -                train: [    INFO] - Test: [  19/19]  Time: 0.024 (0.042)  Loss:  0.1504 (0.1652)  Acc@1: 94.4853 (94.5500)  Acc@5: 100.0000 (99.8400)
2024-07-10 19:14:22,008 -                train: [    INFO] - *** Best metric: 94.85000012207031 (epoch 312)
2024-07-10 19:14:22,368 -                train: [    INFO] - Train: 315 [   0/97 (  0%)]  Loss:  0.621069 (0.6211)  Time: 0.359s, 1425.43/s  (0.359s, 1425.43/s)  LR: 1.607e-04  Data: 0.086 (0.086)
2024-07-10 19:14:49,052 -                train: [    INFO] - Train: 315 [  96/97 (100%)]  Loss:  0.499138 (0.5601)  Time: 0.271s, 1887.20/s  (0.279s, 1836.63/s)  LR: 1.607e-04  Data: 0.000 (0.004)
2024-07-10 19:14:49,165 -                train: [    INFO] - Test: [   0/19]  Time: 0.111 (0.111)  Loss:  0.1637 (0.1637)  Acc@1: 94.7266 (94.7266)  Acc@5: 99.8047 (99.8047)
2024-07-10 19:14:49,904 -                train: [    INFO] - Test: [  19/19]  Time: 0.028 (0.043)  Loss:  0.1533 (0.1620)  Acc@1: 94.1176 (94.7700)  Acc@5: 100.0000 (99.8800)
2024-07-10 19:14:50,071 -                train: [    INFO] - *** Best metric: 94.85000012207031 (epoch 312)
2024-07-10 19:14:50,446 -                train: [    INFO] - Train: 316 [   0/97 (  0%)]  Loss:  0.832435 (0.8324)  Time: 0.374s, 1370.62/s  (0.374s, 1370.62/s)  LR: 1.573e-04  Data: 0.099 (0.099)
2024-07-10 19:15:17,305 -                train: [    INFO] - Train: 316 [  96/97 (100%)]  Loss:  1.121621 (0.9770)  Time: 0.271s, 1888.69/s  (0.281s, 1823.87/s)  LR: 1.573e-04  Data: 0.000 (0.005)
2024-07-10 19:15:17,417 -                train: [    INFO] - Test: [   0/19]  Time: 0.111 (0.111)  Loss:  0.1443 (0.1443)  Acc@1: 96.0938 (96.0938)  Acc@5: 99.8047 (99.8047)
2024-07-10 19:15:18,170 -                train: [    INFO] - Test: [  19/19]  Time: 0.027 (0.043)  Loss:  0.1816 (0.1692)  Acc@1: 93.7500 (94.8700)  Acc@5: 100.0000 (99.8000)
2024-07-10 19:15:18,414 - timm.utils.checkpoint_saver: [    INFO] - Current checkpoints:
 ('./output/train/20240710-164625-vitsnn-32/checkpoint-316.pth.tar', 94.87)
 ('./output/train/20240710-164625-vitsnn-32/checkpoint-312.pth.tar', 94.85000012207031)

2024-07-10 19:15:18,414 -                train: [    INFO] - *** Best metric: 94.87 (epoch 316)
2024-07-10 19:15:18,751 -                train: [    INFO] - Train: 317 [   0/97 (  0%)]  Loss:  0.925300 (0.9253)  Time: 0.336s, 1525.54/s  (0.336s, 1525.54/s)  LR: 1.540e-04  Data: 0.065 (0.065)
2024-07-10 19:15:45,617 -                train: [    INFO] - Train: 317 [  96/97 (100%)]  Loss:  0.724621 (0.8250)  Time: 0.272s, 1883.56/s  (0.280s, 1825.90/s)  LR: 1.540e-04  Data: 0.000 (0.004)
2024-07-10 19:15:45,730 -                train: [    INFO] - Test: [   0/19]  Time: 0.111 (0.111)  Loss:  0.1604 (0.1604)  Acc@1: 94.3359 (94.3359)  Acc@5: 100.0000 (100.0000)
2024-07-10 19:15:46,466 -                train: [    INFO] - Test: [  19/19]  Time: 0.027 (0.042)  Loss:  0.1476 (0.1645)  Acc@1: 95.5882 (95.0200)  Acc@5: 100.0000 (99.9000)
2024-07-10 19:15:46,672 - timm.utils.checkpoint_saver: [    INFO] - Current checkpoints:
 ('./output/train/20240710-164625-vitsnn-32/checkpoint-317.pth.tar', 95.02000017089844)
 ('./output/train/20240710-164625-vitsnn-32/checkpoint-316.pth.tar', 94.87)

2024-07-10 19:15:46,672 -                train: [    INFO] - *** Best metric: 95.02000017089844 (epoch 317)
2024-07-10 19:15:47,021 -                train: [    INFO] - Train: 318 [   0/97 (  0%)]  Loss:  0.821230 (0.8212)  Time: 0.348s, 1471.17/s  (0.348s, 1471.17/s)  LR: 1.506e-04  Data: 0.077 (0.077)
2024-07-10 19:16:13,952 -                train: [    INFO] - Train: 318 [  96/97 (100%)]  Loss:  0.773358 (0.7973)  Time: 0.352s, 1453.22/s  (0.281s, 1820.71/s)  LR: 1.506e-04  Data: 0.000 (0.004)
2024-07-10 19:16:14,065 -                train: [    INFO] - Test: [   0/19]  Time: 0.111 (0.111)  Loss:  0.1559 (0.1559)  Acc@1: 93.9453 (93.9453)  Acc@5: 99.6094 (99.6094)
2024-07-10 19:16:14,811 -                train: [    INFO] - Test: [  19/19]  Time: 0.027 (0.043)  Loss:  0.1489 (0.1638)  Acc@1: 94.1176 (94.6500)  Acc@5: 100.0000 (99.9100)
2024-07-10 19:16:14,985 -                train: [    INFO] - *** Best metric: 95.02000017089844 (epoch 317)
2024-07-10 19:16:15,343 -                train: [    INFO] - Train: 319 [   0/97 (  0%)]  Loss:  0.907946 (0.9079)  Time: 0.357s, 1435.84/s  (0.357s, 1435.84/s)  LR: 1.473e-04  Data: 0.087 (0.087)
2024-07-10 19:16:42,030 -                train: [    INFO] - Train: 319 [  96/97 (100%)]  Loss:  0.825690 (0.8668)  Time: 0.272s, 1881.78/s  (0.279s, 1836.59/s)  LR: 1.473e-04  Data: 0.000 (0.004)
2024-07-10 19:16:42,143 -                train: [    INFO] - Test: [   0/19]  Time: 0.112 (0.112)  Loss:  0.1536 (0.1536)  Acc@1: 95.3125 (95.3125)  Acc@5: 99.8047 (99.8047)
2024-07-10 19:16:42,881 -                train: [    INFO] - Test: [  19/19]  Time: 0.027 (0.042)  Loss:  0.1305 (0.1551)  Acc@1: 95.2206 (95.0700)  Acc@5: 100.0000 (99.8500)
2024-07-10 19:16:43,095 - timm.utils.checkpoint_saver: [    INFO] - Current checkpoints:
 ('./output/train/20240710-164625-vitsnn-32/checkpoint-319.pth.tar', 95.07000001220703)
 ('./output/train/20240710-164625-vitsnn-32/checkpoint-317.pth.tar', 95.02000017089844)

2024-07-10 19:16:43,095 -                train: [    INFO] - *** Best metric: 95.07000001220703 (epoch 319)
2024-07-10 19:16:43,452 -                train: [    INFO] - Train: 320 [   0/97 (  0%)]  Loss:  0.730243 (0.7302)  Time: 0.355s, 1442.21/s  (0.355s, 1442.21/s)  LR: 1.441e-04  Data: 0.084 (0.084)
2024-07-10 19:17:10,164 -                train: [    INFO] - Train: 320 [  96/97 (100%)]  Loss:  0.828409 (0.7793)  Time: 0.272s, 1884.41/s  (0.279s, 1834.97/s)  LR: 1.441e-04  Data: 0.000 (0.004)
2024-07-10 19:17:10,274 -                train: [    INFO] - Test: [   0/19]  Time: 0.109 (0.109)  Loss:  0.1533 (0.1533)  Acc@1: 94.3359 (94.3359)  Acc@5: 99.8047 (99.8047)
2024-07-10 19:17:10,997 -                train: [    INFO] - Test: [  19/19]  Time: 0.027 (0.042)  Loss:  0.1159 (0.1616)  Acc@1: 95.9559 (94.5900)  Acc@5: 100.0000 (99.8300)
2024-07-10 19:17:11,196 -                train: [    INFO] - *** Best metric: 95.07000001220703 (epoch 319)
2024-07-10 19:17:11,545 -                train: [    INFO] - Train: 321 [   0/97 (  0%)]  Loss:  0.635557 (0.6356)  Time: 0.347s, 1474.28/s  (0.347s, 1474.28/s)  LR: 1.409e-04  Data: 0.074 (0.074)
2024-07-10 19:17:38,460 -                train: [    INFO] - Train: 321 [  96/97 (100%)]  Loss:  0.859372 (0.7475)  Time: 0.274s, 1870.36/s  (0.281s, 1821.81/s)  LR: 1.409e-04  Data: 0.000 (0.004)
2024-07-10 19:17:38,591 -                train: [    INFO] - Test: [   0/19]  Time: 0.129 (0.129)  Loss:  0.1350 (0.1350)  Acc@1: 95.7031 (95.7031)  Acc@5: 99.6094 (99.6094)
2024-07-10 19:17:39,309 -                train: [    INFO] - Test: [  19/19]  Time: 0.027 (0.042)  Loss:  0.1194 (0.1667)  Acc@1: 96.3235 (94.5400)  Acc@5: 100.0000 (99.7700)
2024-07-10 19:17:39,523 -                train: [    INFO] - *** Best metric: 95.07000001220703 (epoch 319)
2024-07-10 19:17:39,866 -                train: [    INFO] - Train: 322 [   0/97 (  0%)]  Loss:  0.738547 (0.7385)  Time: 0.341s, 1500.72/s  (0.341s, 1500.72/s)  LR: 1.377e-04  Data: 0.070 (0.070)
2024-07-10 19:18:06,650 -                train: [    INFO] - Train: 322 [  96/97 (100%)]  Loss:  0.591453 (0.6650)  Time: 0.273s, 1872.06/s  (0.280s, 1830.98/s)  LR: 1.377e-04  Data: 0.000 (0.004)
2024-07-10 19:18:06,769 -                train: [    INFO] - Test: [   0/19]  Time: 0.117 (0.117)  Loss:  0.1338 (0.1338)  Acc@1: 95.1172 (95.1172)  Acc@5: 99.8047 (99.8047)
2024-07-10 19:18:07,487 -                train: [    INFO] - Test: [  19/19]  Time: 0.024 (0.042)  Loss:  0.1197 (0.1518)  Acc@1: 95.5882 (95.2100)  Acc@5: 100.0000 (99.8900)
2024-07-10 19:18:07,718 - timm.utils.checkpoint_saver: [    INFO] - Current checkpoints:
 ('./output/train/20240710-164625-vitsnn-32/checkpoint-322.pth.tar', 95.2099999633789)
 ('./output/train/20240710-164625-vitsnn-32/checkpoint-319.pth.tar', 95.07000001220703)

2024-07-10 19:18:07,718 -                train: [    INFO] - *** Best metric: 95.2099999633789 (epoch 322)
2024-07-10 19:18:08,056 -                train: [    INFO] - Train: 323 [   0/97 (  0%)]  Loss:  0.978483 (0.9785)  Time: 0.336s, 1523.06/s  (0.336s, 1523.06/s)  LR: 1.345e-04  Data: 0.066 (0.066)
2024-07-10 19:18:34,958 -                train: [    INFO] - Train: 323 [  96/97 (100%)]  Loss:  0.797022 (0.8878)  Time: 0.272s, 1885.73/s  (0.281s, 1823.45/s)  LR: 1.345e-04  Data: 0.000 (0.004)
2024-07-10 19:18:35,071 -                train: [    INFO] - Test: [   0/19]  Time: 0.111 (0.111)  Loss:  0.1511 (0.1511)  Acc@1: 94.3359 (94.3359)  Acc@5: 99.6094 (99.6094)
2024-07-10 19:18:35,789 -                train: [    INFO] - Test: [  19/19]  Time: 0.024 (0.041)  Loss:  0.1235 (0.1588)  Acc@1: 95.9559 (94.9500)  Acc@5: 100.0000 (99.8200)
2024-07-10 19:18:35,984 -                train: [    INFO] - *** Best metric: 95.2099999633789 (epoch 322)
2024-07-10 19:18:36,330 -                train: [    INFO] - Train: 324 [   0/97 (  0%)]  Loss:  0.722420 (0.7224)  Time: 0.345s, 1485.21/s  (0.345s, 1485.21/s)  LR: 1.314e-04  Data: 0.074 (0.074)
2024-07-10 19:19:02,984 -                train: [    INFO] - Train: 324 [  96/97 (100%)]  Loss:  0.430850 (0.5766)  Time: 0.271s, 1887.15/s  (0.278s, 1839.64/s)  LR: 1.314e-04  Data: 0.000 (0.004)
2024-07-10 19:19:03,100 -                train: [    INFO] - Test: [   0/19]  Time: 0.115 (0.115)  Loss:  0.1531 (0.1531)  Acc@1: 94.5312 (94.5312)  Acc@5: 99.8047 (99.8047)
2024-07-10 19:19:03,845 -                train: [    INFO] - Test: [  19/19]  Time: 0.027 (0.043)  Loss:  0.1260 (0.1617)  Acc@1: 96.3235 (94.6800)  Acc@5: 100.0000 (99.8400)
2024-07-10 19:19:04,065 -                train: [    INFO] - *** Best metric: 95.2099999633789 (epoch 322)
2024-07-10 19:19:04,433 -                train: [    INFO] - Train: 325 [   0/97 (  0%)]  Loss:  0.921944 (0.9219)  Time: 0.367s, 1396.50/s  (0.367s, 1396.50/s)  LR: 1.283e-04  Data: 0.096 (0.096)
2024-07-10 19:19:31,148 -                train: [    INFO] - Train: 325 [  96/97 (100%)]  Loss:  0.933452 (0.9277)  Time: 0.272s, 1882.59/s  (0.279s, 1834.00/s)  LR: 1.283e-04  Data: 0.000 (0.004)
2024-07-10 19:19:31,256 -                train: [    INFO] - Test: [   0/19]  Time: 0.107 (0.107)  Loss:  0.1738 (0.1738)  Acc@1: 95.3125 (95.3125)  Acc@5: 100.0000 (100.0000)
2024-07-10 19:19:32,004 -                train: [    INFO] - Test: [  19/19]  Time: 0.028 (0.043)  Loss:  0.1560 (0.1762)  Acc@1: 95.5882 (94.9400)  Acc@5: 100.0000 (99.8600)
2024-07-10 19:19:32,177 -                train: [    INFO] - *** Best metric: 95.2099999633789 (epoch 322)
2024-07-10 19:19:32,534 -                train: [    INFO] - Train: 326 [   0/97 (  0%)]  Loss:  0.740992 (0.7410)  Time: 0.356s, 1438.72/s  (0.356s, 1438.72/s)  LR: 1.253e-04  Data: 0.082 (0.082)
2024-07-10 19:19:59,300 -                train: [    INFO] - Train: 326 [  96/97 (100%)]  Loss:  0.850680 (0.7958)  Time: 0.274s, 1868.00/s  (0.280s, 1831.26/s)  LR: 1.253e-04  Data: 0.000 (0.005)
2024-07-10 19:19:59,414 -                train: [    INFO] - Test: [   0/19]  Time: 0.112 (0.112)  Loss:  0.1589 (0.1589)  Acc@1: 94.7266 (94.7266)  Acc@5: 99.8047 (99.8047)
2024-07-10 19:20:00,153 -                train: [    INFO] - Test: [  19/19]  Time: 0.028 (0.043)  Loss:  0.1320 (0.1595)  Acc@1: 95.9559 (94.8800)  Acc@5: 100.0000 (99.8400)
2024-07-10 19:20:00,325 -                train: [    INFO] - *** Best metric: 95.2099999633789 (epoch 322)
2024-07-10 19:20:00,676 -                train: [    INFO] - Train: 327 [   0/97 (  0%)]  Loss:  1.007061 (1.0071)  Time: 0.349s, 1466.50/s  (0.349s, 1466.50/s)  LR: 1.223e-04  Data: 0.073 (0.073)
2024-07-10 19:20:27,236 -                train: [    INFO] - Train: 327 [  96/97 (100%)]  Loss:  0.631681 (0.8194)  Time: 0.271s, 1886.25/s  (0.277s, 1845.80/s)  LR: 1.223e-04  Data: 0.000 (0.004)
2024-07-10 19:20:27,344 -                train: [    INFO] - Test: [   0/19]  Time: 0.107 (0.107)  Loss:  0.1616 (0.1616)  Acc@1: 94.7266 (94.7266)  Acc@5: 99.8047 (99.8047)
2024-07-10 19:20:28,093 -                train: [    INFO] - Test: [  19/19]  Time: 0.035 (0.043)  Loss:  0.1422 (0.1689)  Acc@1: 95.2206 (94.9400)  Acc@5: 100.0000 (99.8100)
2024-07-10 19:20:28,313 -                train: [    INFO] - *** Best metric: 95.2099999633789 (epoch 322)
2024-07-10 19:20:28,659 -                train: [    INFO] - Train: 328 [   0/97 (  0%)]  Loss:  0.688770 (0.6888)  Time: 0.345s, 1484.15/s  (0.345s, 1484.15/s)  LR: 1.193e-04  Data: 0.075 (0.075)
2024-07-10 19:20:55,462 -                train: [    INFO] - Train: 328 [  96/97 (100%)]  Loss:  0.886179 (0.7875)  Time: 0.271s, 1888.27/s  (0.280s, 1829.52/s)  LR: 1.193e-04  Data: 0.000 (0.004)
2024-07-10 19:20:55,571 -                train: [    INFO] - Test: [   0/19]  Time: 0.107 (0.107)  Loss:  0.1660 (0.1660)  Acc@1: 94.9219 (94.9219)  Acc@5: 99.6094 (99.6094)
2024-07-10 19:20:56,313 -                train: [    INFO] - Test: [  19/19]  Time: 0.028 (0.042)  Loss:  0.1420 (0.1577)  Acc@1: 95.2206 (95.1000)  Acc@5: 100.0000 (99.8300)
2024-07-10 19:20:56,548 - timm.utils.checkpoint_saver: [    INFO] - Current checkpoints:
 ('./output/train/20240710-164625-vitsnn-32/checkpoint-322.pth.tar', 95.2099999633789)
 ('./output/train/20240710-164625-vitsnn-32/checkpoint-328.pth.tar', 95.0999998046875)

2024-07-10 19:20:56,548 -                train: [    INFO] - *** Best metric: 95.2099999633789 (epoch 322)
2024-07-10 19:20:56,899 -                train: [    INFO] - Train: 329 [   0/97 (  0%)]  Loss:  0.644284 (0.6443)  Time: 0.349s, 1465.98/s  (0.349s, 1465.98/s)  LR: 1.164e-04  Data: 0.077 (0.077)
2024-07-10 19:21:23,844 -                train: [    INFO] - Train: 329 [  96/97 (100%)]  Loss:  0.770309 (0.7073)  Time: 0.272s, 1882.85/s  (0.281s, 1819.69/s)  LR: 1.164e-04  Data: 0.000 (0.004)
2024-07-10 19:21:23,956 -                train: [    INFO] - Test: [   0/19]  Time: 0.110 (0.110)  Loss:  0.1588 (0.1588)  Acc@1: 95.1172 (95.1172)  Acc@5: 99.8047 (99.8047)
2024-07-10 19:21:24,689 -                train: [    INFO] - Test: [  19/19]  Time: 0.027 (0.042)  Loss:  0.1136 (0.1611)  Acc@1: 95.5882 (94.7700)  Acc@5: 100.0000 (99.8100)
2024-07-10 19:21:24,885 -                train: [    INFO] - *** Best metric: 95.2099999633789 (epoch 322)
2024-07-10 19:21:25,248 -                train: [    INFO] - Train: 330 [   0/97 (  0%)]  Loss:  0.512817 (0.5128)  Time: 0.362s, 1414.52/s  (0.362s, 1414.52/s)  LR: 1.135e-04  Data: 0.078 (0.078)
2024-07-10 19:21:52,199 -                train: [    INFO] - Train: 330 [  96/97 (100%)]  Loss:  0.647748 (0.5803)  Time: 0.274s, 1870.59/s  (0.282s, 1818.50/s)  LR: 1.135e-04  Data: 0.000 (0.005)
2024-07-10 19:21:52,311 -                train: [    INFO] - Test: [   0/19]  Time: 0.111 (0.111)  Loss:  0.1759 (0.1759)  Acc@1: 94.1406 (94.1406)  Acc@5: 99.8047 (99.8047)
2024-07-10 19:21:53,059 -                train: [    INFO] - Test: [  19/19]  Time: 0.027 (0.043)  Loss:  0.1345 (0.1629)  Acc@1: 94.8529 (95.0000)  Acc@5: 100.0000 (99.8400)
2024-07-10 19:21:53,278 -                train: [    INFO] - *** Best metric: 95.2099999633789 (epoch 322)
2024-07-10 19:21:53,615 -                train: [    INFO] - Train: 331 [   0/97 (  0%)]  Loss:  0.572449 (0.5724)  Time: 0.335s, 1526.78/s  (0.335s, 1526.78/s)  LR: 1.106e-04  Data: 0.065 (0.065)
2024-07-10 19:22:20,315 -                train: [    INFO] - Train: 331 [  96/97 (100%)]  Loss:  0.652969 (0.6127)  Time: 0.272s, 1884.77/s  (0.279s, 1837.09/s)  LR: 1.106e-04  Data: 0.000 (0.004)
2024-07-10 19:22:20,440 -                train: [    INFO] - Test: [   0/19]  Time: 0.123 (0.123)  Loss:  0.1628 (0.1628)  Acc@1: 95.5078 (95.5078)  Acc@5: 99.8047 (99.8047)
2024-07-10 19:22:21,180 -                train: [    INFO] - Test: [  19/19]  Time: 0.027 (0.043)  Loss:  0.1483 (0.1613)  Acc@1: 94.1176 (94.7500)  Acc@5: 100.0000 (99.8400)
2024-07-10 19:22:21,403 -                train: [    INFO] - *** Best metric: 95.2099999633789 (epoch 322)
2024-07-10 19:22:21,739 -                train: [    INFO] - Train: 332 [   0/97 (  0%)]  Loss:  0.735167 (0.7352)  Time: 0.335s, 1530.00/s  (0.335s, 1530.00/s)  LR: 1.078e-04  Data: 0.064 (0.064)
2024-07-10 19:22:48,400 -                train: [    INFO] - Train: 332 [  96/97 (100%)]  Loss:  0.505522 (0.6203)  Time: 0.271s, 1886.46/s  (0.278s, 1840.01/s)  LR: 1.078e-04  Data: 0.000 (0.004)
2024-07-10 19:22:48,513 -                train: [    INFO] - Test: [   0/19]  Time: 0.112 (0.112)  Loss:  0.1663 (0.1663)  Acc@1: 94.3359 (94.3359)  Acc@5: 99.8047 (99.8047)
2024-07-10 19:22:49,266 -                train: [    INFO] - Test: [  19/19]  Time: 0.034 (0.043)  Loss:  0.1180 (0.1562)  Acc@1: 96.3235 (95.0700)  Acc@5: 100.0000 (99.8500)
2024-07-10 19:22:49,484 -                train: [    INFO] - *** Best metric: 95.2099999633789 (epoch 322)
2024-07-10 19:22:49,823 -                train: [    INFO] - Train: 333 [   0/97 (  0%)]  Loss:  0.821183 (0.8212)  Time: 0.338s, 1516.18/s  (0.338s, 1516.18/s)  LR: 1.050e-04  Data: 0.067 (0.067)
2024-07-10 19:23:16,711 -                train: [    INFO] - Train: 333 [  96/97 (100%)]  Loss:  0.963261 (0.8922)  Time: 0.275s, 1864.25/s  (0.281s, 1824.34/s)  LR: 1.050e-04  Data: 0.000 (0.004)
2024-07-10 19:23:16,823 -                train: [    INFO] - Test: [   0/19]  Time: 0.110 (0.110)  Loss:  0.1885 (0.1885)  Acc@1: 94.3359 (94.3359)  Acc@5: 99.8047 (99.8047)
2024-07-10 19:23:17,550 -                train: [    INFO] - Test: [  19/19]  Time: 0.025 (0.042)  Loss:  0.1448 (0.1725)  Acc@1: 96.3235 (94.7900)  Acc@5: 100.0000 (99.8400)
2024-07-10 19:23:17,773 -                train: [    INFO] - *** Best metric: 95.2099999633789 (epoch 322)
2024-07-10 19:23:18,114 -                train: [    INFO] - Train: 334 [   0/97 (  0%)]  Loss:  0.865771 (0.8658)  Time: 0.340s, 1506.91/s  (0.340s, 1506.91/s)  LR: 1.022e-04  Data: 0.061 (0.061)
2024-07-10 19:23:45,000 -                train: [    INFO] - Train: 334 [  96/97 (100%)]  Loss:  0.758795 (0.8123)  Time: 0.272s, 1883.04/s  (0.281s, 1824.31/s)  LR: 1.022e-04  Data: 0.000 (0.004)
2024-07-10 19:23:45,112 -                train: [    INFO] - Test: [   0/19]  Time: 0.111 (0.111)  Loss:  0.1721 (0.1721)  Acc@1: 93.7500 (93.7500)  Acc@5: 99.6094 (99.6094)
2024-07-10 19:23:45,840 -                train: [    INFO] - Test: [  19/19]  Time: 0.024 (0.042)  Loss:  0.1401 (0.1584)  Acc@1: 95.5882 (95.0600)  Acc@5: 100.0000 (99.8500)
2024-07-10 19:23:46,061 -                train: [    INFO] - *** Best metric: 95.2099999633789 (epoch 322)
2024-07-10 19:23:46,401 -                train: [    INFO] - Train: 335 [   0/97 (  0%)]  Loss:  0.810683 (0.8107)  Time: 0.338s, 1513.43/s  (0.338s, 1513.43/s)  LR: 9.952e-05  Data: 0.068 (0.068)
2024-07-10 19:24:13,085 -                train: [    INFO] - Train: 335 [  96/97 (100%)]  Loss:  0.524783 (0.6677)  Time: 0.272s, 1882.10/s  (0.279s, 1838.08/s)  LR: 9.952e-05  Data: 0.000 (0.004)
2024-07-10 19:24:13,199 -                train: [    INFO] - Test: [   0/19]  Time: 0.112 (0.112)  Loss:  0.1694 (0.1694)  Acc@1: 94.7266 (94.7266)  Acc@5: 99.6094 (99.6094)
2024-07-10 19:24:13,925 -                train: [    INFO] - Test: [  19/19]  Time: 0.025 (0.042)  Loss:  0.1458 (0.1547)  Acc@1: 94.8529 (95.0800)  Acc@5: 100.0000 (99.8800)
2024-07-10 19:24:14,167 -                train: [    INFO] - *** Best metric: 95.2099999633789 (epoch 322)
2024-07-10 19:24:14,507 -                train: [    INFO] - Train: 336 [   0/97 (  0%)]  Loss:  0.774371 (0.7744)  Time: 0.339s, 1511.99/s  (0.339s, 1511.99/s)  LR: 9.685e-05  Data: 0.068 (0.068)
2024-07-10 19:24:41,192 -                train: [    INFO] - Train: 336 [  96/97 (100%)]  Loss:  0.801362 (0.7879)  Time: 0.272s, 1884.60/s  (0.279s, 1837.89/s)  LR: 9.685e-05  Data: 0.000 (0.004)
2024-07-10 19:24:41,306 -                train: [    INFO] - Test: [   0/19]  Time: 0.112 (0.112)  Loss:  0.1519 (0.1519)  Acc@1: 94.7266 (94.7266)  Acc@5: 99.8047 (99.8047)
2024-07-10 19:24:42,040 -                train: [    INFO] - Test: [  19/19]  Time: 0.024 (0.042)  Loss:  0.1290 (0.1552)  Acc@1: 95.9559 (95.1000)  Acc@5: 100.0000 (99.8300)
2024-07-10 19:24:42,257 - timm.utils.checkpoint_saver: [    INFO] - Current checkpoints:
 ('./output/train/20240710-164625-vitsnn-32/checkpoint-322.pth.tar', 95.2099999633789)
 ('./output/train/20240710-164625-vitsnn-32/checkpoint-336.pth.tar', 95.10000012207031)

2024-07-10 19:24:42,257 -                train: [    INFO] - *** Best metric: 95.2099999633789 (epoch 322)
2024-07-10 19:24:42,597 -                train: [    INFO] - Train: 337 [   0/97 (  0%)]  Loss:  0.468564 (0.4686)  Time: 0.339s, 1511.84/s  (0.339s, 1511.84/s)  LR: 9.421e-05  Data: 0.064 (0.064)
2024-07-10 19:25:09,330 -                train: [    INFO] - Train: 337 [  96/97 (100%)]  Loss:  0.971303 (0.7199)  Time: 0.272s, 1884.66/s  (0.279s, 1834.66/s)  LR: 9.421e-05  Data: 0.000 (0.004)
2024-07-10 19:25:09,441 -                train: [    INFO] - Test: [   0/19]  Time: 0.109 (0.109)  Loss:  0.1509 (0.1509)  Acc@1: 94.9219 (94.9219)  Acc@5: 100.0000 (100.0000)
2024-07-10 19:25:10,157 -                train: [    INFO] - Test: [  19/19]  Time: 0.024 (0.041)  Loss:  0.1445 (0.1546)  Acc@1: 95.5882 (95.1500)  Acc@5: 100.0000 (99.8700)
2024-07-10 19:25:10,322 - timm.utils.checkpoint_saver: [    INFO] - Current checkpoints:
 ('./output/train/20240710-164625-vitsnn-32/checkpoint-322.pth.tar', 95.2099999633789)
 ('./output/train/20240710-164625-vitsnn-32/checkpoint-337.pth.tar', 95.1499999633789)

2024-07-10 19:25:10,323 -                train: [    INFO] - *** Best metric: 95.2099999633789 (epoch 322)
2024-07-10 19:25:10,673 -                train: [    INFO] - Train: 338 [   0/97 (  0%)]  Loss:  0.627040 (0.6270)  Time: 0.349s, 1468.83/s  (0.349s, 1468.83/s)  LR: 9.161e-05  Data: 0.074 (0.074)
2024-07-10 19:25:37,665 -                train: [    INFO] - Train: 338 [  96/97 (100%)]  Loss:  0.909817 (0.7684)  Time: 0.272s, 1884.99/s  (0.282s, 1816.59/s)  LR: 9.161e-05  Data: 0.000 (0.004)
2024-07-10 19:25:37,778 -                train: [    INFO] - Test: [   0/19]  Time: 0.111 (0.111)  Loss:  0.1528 (0.1528)  Acc@1: 94.7266 (94.7266)  Acc@5: 100.0000 (100.0000)
2024-07-10 19:25:38,514 -                train: [    INFO] - Test: [  19/19]  Time: 0.028 (0.042)  Loss:  0.1151 (0.1568)  Acc@1: 95.9559 (95.0600)  Acc@5: 100.0000 (99.8400)
2024-07-10 19:25:38,681 -                train: [    INFO] - *** Best metric: 95.2099999633789 (epoch 322)
2024-07-10 19:25:39,019 -                train: [    INFO] - Train: 339 [   0/97 (  0%)]  Loss:  0.586463 (0.5865)  Time: 0.336s, 1523.13/s  (0.336s, 1523.13/s)  LR: 8.905e-05  Data: 0.064 (0.064)
2024-07-10 19:26:05,838 -                train: [    INFO] - Train: 339 [  96/97 (100%)]  Loss:  0.445465 (0.5160)  Time: 0.272s, 1884.50/s  (0.280s, 1828.97/s)  LR: 8.905e-05  Data: 0.000 (0.004)
2024-07-10 19:26:05,954 -                train: [    INFO] - Test: [   0/19]  Time: 0.114 (0.114)  Loss:  0.1663 (0.1663)  Acc@1: 94.7266 (94.7266)  Acc@5: 99.8047 (99.8047)
2024-07-10 19:26:06,694 -                train: [    INFO] - Test: [  19/19]  Time: 0.027 (0.043)  Loss:  0.1265 (0.1596)  Acc@1: 95.2206 (94.8300)  Acc@5: 100.0000 (99.8600)
2024-07-10 19:26:06,866 -                train: [    INFO] - *** Best metric: 95.2099999633789 (epoch 322)
2024-07-10 19:26:07,215 -                train: [    INFO] - Train: 340 [   0/97 (  0%)]  Loss:  0.956906 (0.9569)  Time: 0.347s, 1473.42/s  (0.347s, 1473.42/s)  LR: 8.653e-05  Data: 0.076 (0.076)
2024-07-10 19:26:33,898 -                train: [    INFO] - Train: 340 [  96/97 (100%)]  Loss:  0.773400 (0.8652)  Time: 0.272s, 1885.52/s  (0.279s, 1837.49/s)  LR: 8.653e-05  Data: 0.000 (0.004)
2024-07-10 19:26:34,010 -                train: [    INFO] - Test: [   0/19]  Time: 0.111 (0.111)  Loss:  0.1603 (0.1603)  Acc@1: 94.5312 (94.5312)  Acc@5: 99.6094 (99.6094)
2024-07-10 19:26:34,736 -                train: [    INFO] - Test: [  19/19]  Time: 0.024 (0.042)  Loss:  0.1436 (0.1464)  Acc@1: 93.7500 (95.2200)  Acc@5: 100.0000 (99.9000)
2024-07-10 19:26:34,972 - timm.utils.checkpoint_saver: [    INFO] - Current checkpoints:
 ('./output/train/20240710-164625-vitsnn-32/checkpoint-340.pth.tar', 95.22)
 ('./output/train/20240710-164625-vitsnn-32/checkpoint-322.pth.tar', 95.2099999633789)

2024-07-10 19:26:34,972 -                train: [    INFO] - *** Best metric: 95.22 (epoch 340)
2024-07-10 19:26:35,316 -                train: [    INFO] - Train: 341 [   0/97 (  0%)]  Loss:  0.676169 (0.6762)  Time: 0.343s, 1494.15/s  (0.343s, 1494.15/s)  LR: 8.404e-05  Data: 0.072 (0.072)
2024-07-10 19:27:02,002 -                train: [    INFO] - Train: 341 [  96/97 (100%)]  Loss:  0.846097 (0.7611)  Time: 0.272s, 1880.54/s  (0.279s, 1837.57/s)  LR: 8.404e-05  Data: 0.000 (0.004)
2024-07-10 19:27:02,108 -                train: [    INFO] - Test: [   0/19]  Time: 0.104 (0.104)  Loss:  0.1621 (0.1621)  Acc@1: 94.5312 (94.5312)  Acc@5: 99.8047 (99.8047)
2024-07-10 19:27:02,866 -                train: [    INFO] - Test: [  19/19]  Time: 0.042 (0.043)  Loss:  0.1470 (0.1563)  Acc@1: 95.5882 (94.9000)  Acc@5: 100.0000 (99.8600)
2024-07-10 19:27:03,078 -                train: [    INFO] - *** Best metric: 95.22 (epoch 340)
2024-07-10 19:27:03,418 -                train: [    INFO] - Train: 342 [   0/97 (  0%)]  Loss:  0.854617 (0.8546)  Time: 0.339s, 1512.32/s  (0.339s, 1512.32/s)  LR: 8.160e-05  Data: 0.068 (0.068)
2024-07-10 19:27:30,082 -                train: [    INFO] - Train: 342 [  96/97 (100%)]  Loss:  0.833491 (0.8441)  Time: 0.272s, 1882.08/s  (0.278s, 1839.38/s)  LR: 8.160e-05  Data: 0.000 (0.004)
2024-07-10 19:27:30,193 -                train: [    INFO] - Test: [   0/19]  Time: 0.109 (0.109)  Loss:  0.1680 (0.1680)  Acc@1: 94.1406 (94.1406)  Acc@5: 100.0000 (100.0000)
2024-07-10 19:27:30,931 -                train: [    INFO] - Test: [  19/19]  Time: 0.028 (0.042)  Loss:  0.1451 (0.1574)  Acc@1: 95.9559 (95.0100)  Acc@5: 100.0000 (99.8600)
2024-07-10 19:27:31,154 -                train: [    INFO] - *** Best metric: 95.22 (epoch 340)
2024-07-10 19:27:31,491 -                train: [    INFO] - Train: 343 [   0/97 (  0%)]  Loss:  0.887538 (0.8875)  Time: 0.335s, 1526.60/s  (0.335s, 1526.60/s)  LR: 7.919e-05  Data: 0.065 (0.065)
2024-07-10 19:27:58,479 -                train: [    INFO] - Train: 343 [  96/97 (100%)]  Loss:  0.593651 (0.7406)  Time: 0.272s, 1880.51/s  (0.282s, 1817.70/s)  LR: 7.919e-05  Data: 0.000 (0.004)
2024-07-10 19:27:58,595 -                train: [    INFO] - Test: [   0/19]  Time: 0.113 (0.113)  Loss:  0.1543 (0.1543)  Acc@1: 95.1172 (95.1172)  Acc@5: 99.8047 (99.8047)
2024-07-10 19:27:59,331 -                train: [    INFO] - Test: [  19/19]  Time: 0.027 (0.042)  Loss:  0.1379 (0.1577)  Acc@1: 95.5882 (94.9600)  Acc@5: 100.0000 (99.8700)
2024-07-10 19:27:59,583 -                train: [    INFO] - *** Best metric: 95.22 (epoch 340)
2024-07-10 19:27:59,932 -                train: [    INFO] - Train: 344 [   0/97 (  0%)]  Loss:  0.492677 (0.4927)  Time: 0.347s, 1477.63/s  (0.347s, 1477.63/s)  LR: 7.682e-05  Data: 0.069 (0.069)
2024-07-10 19:28:26,685 -                train: [    INFO] - Train: 344 [  96/97 (100%)]  Loss:  0.485487 (0.4891)  Time: 0.272s, 1885.32/s  (0.279s, 1832.70/s)  LR: 7.682e-05  Data: 0.000 (0.004)
2024-07-10 19:28:26,799 -                train: [    INFO] - Test: [   0/19]  Time: 0.112 (0.112)  Loss:  0.1453 (0.1453)  Acc@1: 95.5078 (95.5078)  Acc@5: 99.8047 (99.8047)
2024-07-10 19:28:27,571 -                train: [    INFO] - Test: [  19/19]  Time: 0.035 (0.044)  Loss:  0.1085 (0.1529)  Acc@1: 98.1618 (95.1400)  Acc@5: 100.0000 (99.8600)
2024-07-10 19:28:27,795 -                train: [    INFO] - *** Best metric: 95.22 (epoch 340)
2024-07-10 19:28:28,139 -                train: [    INFO] - Train: 345 [   0/97 (  0%)]  Loss:  0.719281 (0.7193)  Time: 0.343s, 1492.36/s  (0.343s, 1492.36/s)  LR: 7.449e-05  Data: 0.064 (0.064)
2024-07-10 19:28:54,870 -                train: [    INFO] - Train: 345 [  96/97 (100%)]  Loss:  0.828877 (0.7741)  Time: 0.272s, 1879.92/s  (0.279s, 1834.49/s)  LR: 7.449e-05  Data: 0.000 (0.004)
2024-07-10 19:28:54,979 -                train: [    INFO] - Test: [   0/19]  Time: 0.107 (0.107)  Loss:  0.1506 (0.1506)  Acc@1: 95.7031 (95.7031)  Acc@5: 99.8047 (99.8047)
2024-07-10 19:28:55,742 -                train: [    INFO] - Test: [  19/19]  Time: 0.034 (0.043)  Loss:  0.1229 (0.1495)  Acc@1: 94.8529 (95.1700)  Acc@5: 100.0000 (99.8200)
2024-07-10 19:28:55,924 -                train: [    INFO] - *** Best metric: 95.22 (epoch 340)
2024-07-10 19:28:56,274 -                train: [    INFO] - Train: 346 [   0/97 (  0%)]  Loss:  0.493357 (0.4934)  Time: 0.348s, 1472.01/s  (0.348s, 1472.01/s)  LR: 7.220e-05  Data: 0.074 (0.074)
2024-07-10 19:29:23,115 -                train: [    INFO] - Train: 346 [  96/97 (100%)]  Loss:  0.678653 (0.5860)  Time: 0.273s, 1876.31/s  (0.280s, 1826.70/s)  LR: 7.220e-05  Data: 0.000 (0.004)
2024-07-10 19:29:23,225 -                train: [    INFO] - Test: [   0/19]  Time: 0.107 (0.107)  Loss:  0.1539 (0.1539)  Acc@1: 95.5078 (95.5078)  Acc@5: 99.6094 (99.6094)
2024-07-10 19:29:23,982 -                train: [    INFO] - Test: [  19/19]  Time: 0.027 (0.043)  Loss:  0.1278 (0.1546)  Acc@1: 95.5882 (95.0900)  Acc@5: 100.0000 (99.8200)
2024-07-10 19:29:24,184 -                train: [    INFO] - *** Best metric: 95.22 (epoch 340)
2024-07-10 19:29:24,519 -                train: [    INFO] - Train: 347 [   0/97 (  0%)]  Loss:  0.836689 (0.8367)  Time: 0.334s, 1534.78/s  (0.334s, 1534.78/s)  LR: 6.995e-05  Data: 0.060 (0.060)
2024-07-10 19:29:51,157 -                train: [    INFO] - Train: 347 [  96/97 (100%)]  Loss:  0.705865 (0.7713)  Time: 0.272s, 1880.97/s  (0.278s, 1841.41/s)  LR: 6.995e-05  Data: 0.000 (0.004)
2024-07-10 19:29:51,267 -                train: [    INFO] - Test: [   0/19]  Time: 0.107 (0.107)  Loss:  0.1523 (0.1523)  Acc@1: 95.3125 (95.3125)  Acc@5: 99.8047 (99.8047)
2024-07-10 19:29:52,024 -                train: [    INFO] - Test: [  19/19]  Time: 0.027 (0.043)  Loss:  0.1337 (0.1605)  Acc@1: 95.2206 (95.0000)  Acc@5: 100.0000 (99.8500)
2024-07-10 19:29:52,249 -                train: [    INFO] - *** Best metric: 95.22 (epoch 340)
2024-07-10 19:29:52,591 -                train: [    INFO] - Train: 348 [   0/97 (  0%)]  Loss:  0.773057 (0.7731)  Time: 0.340s, 1507.18/s  (0.340s, 1507.18/s)  LR: 6.775e-05  Data: 0.069 (0.069)
2024-07-10 19:30:19,641 -                train: [    INFO] - Train: 348 [  96/97 (100%)]  Loss:  0.829794 (0.8014)  Time: 0.272s, 1884.39/s  (0.282s, 1813.34/s)  LR: 6.775e-05  Data: 0.000 (0.004)
2024-07-10 19:30:19,747 -                train: [    INFO] - Test: [   0/19]  Time: 0.104 (0.104)  Loss:  0.1577 (0.1577)  Acc@1: 94.7266 (94.7266)  Acc@5: 99.6094 (99.6094)
2024-07-10 19:30:20,490 -                train: [    INFO] - Test: [  19/19]  Time: 0.028 (0.042)  Loss:  0.1160 (0.1511)  Acc@1: 95.9559 (95.2300)  Acc@5: 100.0000 (99.8800)
2024-07-10 19:30:20,688 - timm.utils.checkpoint_saver: [    INFO] - Current checkpoints:
 ('./output/train/20240710-164625-vitsnn-32/checkpoint-348.pth.tar', 95.23000012207031)
 ('./output/train/20240710-164625-vitsnn-32/checkpoint-340.pth.tar', 95.22)

2024-07-10 19:30:20,688 -                train: [    INFO] - *** Best metric: 95.23000012207031 (epoch 348)
2024-07-10 19:30:21,037 -                train: [    INFO] - Train: 349 [   0/97 (  0%)]  Loss:  0.685050 (0.6851)  Time: 0.349s, 1468.94/s  (0.349s, 1468.94/s)  LR: 6.557e-05  Data: 0.064 (0.064)
2024-07-10 19:30:47,688 -                train: [    INFO] - Train: 349 [  96/97 (100%)]  Loss:  0.876292 (0.7807)  Time: 0.272s, 1880.01/s  (0.278s, 1839.60/s)  LR: 6.557e-05  Data: 0.000 (0.004)
2024-07-10 19:30:47,805 -                train: [    INFO] - Test: [   0/19]  Time: 0.115 (0.115)  Loss:  0.1414 (0.1414)  Acc@1: 95.8984 (95.8984)  Acc@5: 99.8047 (99.8047)
2024-07-10 19:30:48,549 -                train: [    INFO] - Test: [  19/19]  Time: 0.027 (0.043)  Loss:  0.1089 (0.1539)  Acc@1: 97.0588 (95.1600)  Acc@5: 100.0000 (99.8200)
2024-07-10 19:30:48,707 -                train: [    INFO] - *** Best metric: 95.23000012207031 (epoch 348)
2024-07-10 19:30:49,046 -                train: [    INFO] - Train: 350 [   0/97 (  0%)]  Loss:  0.636800 (0.6368)  Time: 0.337s, 1517.81/s  (0.337s, 1517.81/s)  LR: 6.344e-05  Data: 0.067 (0.067)
2024-07-10 19:31:15,741 -                train: [    INFO] - Train: 350 [  96/97 (100%)]  Loss:  0.666166 (0.6515)  Time: 0.272s, 1884.23/s  (0.279s, 1837.27/s)  LR: 6.344e-05  Data: 0.000 (0.004)
2024-07-10 19:31:15,852 -                train: [    INFO] - Test: [   0/19]  Time: 0.108 (0.108)  Loss:  0.1638 (0.1638)  Acc@1: 95.1172 (95.1172)  Acc@5: 99.6094 (99.6094)
2024-07-10 19:31:16,572 -                train: [    INFO] - Test: [  19/19]  Time: 0.024 (0.041)  Loss:  0.1174 (0.1537)  Acc@1: 96.3235 (95.2100)  Acc@5: 100.0000 (99.8500)
2024-07-10 19:31:16,738 -                train: [    INFO] - *** Best metric: 95.23000012207031 (epoch 348)
2024-07-10 19:31:17,076 -                train: [    INFO] - Train: 351 [   0/97 (  0%)]  Loss:  0.850426 (0.8504)  Time: 0.335s, 1526.13/s  (0.335s, 1526.13/s)  LR: 6.135e-05  Data: 0.065 (0.065)
2024-07-10 19:31:43,710 -                train: [    INFO] - Train: 351 [  96/97 (100%)]  Loss:  0.500737 (0.6756)  Time: 0.272s, 1884.86/s  (0.278s, 1841.61/s)  LR: 6.135e-05  Data: 0.000 (0.004)
2024-07-10 19:31:43,823 -                train: [    INFO] - Test: [   0/19]  Time: 0.111 (0.111)  Loss:  0.1523 (0.1523)  Acc@1: 95.3125 (95.3125)  Acc@5: 100.0000 (100.0000)
2024-07-10 19:31:44,545 -                train: [    INFO] - Test: [  19/19]  Time: 0.024 (0.042)  Loss:  0.1306 (0.1555)  Acc@1: 96.3235 (95.0200)  Acc@5: 100.0000 (99.8500)
2024-07-10 19:31:44,734 -                train: [    INFO] - *** Best metric: 95.23000012207031 (epoch 348)
2024-07-10 19:31:45,087 -                train: [    INFO] - Train: 352 [   0/97 (  0%)]  Loss:  0.412069 (0.4121)  Time: 0.351s, 1459.11/s  (0.351s, 1459.11/s)  LR: 5.930e-05  Data: 0.081 (0.081)
2024-07-10 19:32:11,761 -                train: [    INFO] - Train: 352 [  96/97 (100%)]  Loss:  0.805063 (0.6086)  Time: 0.272s, 1883.12/s  (0.279s, 1837.82/s)  LR: 5.930e-05  Data: 0.000 (0.004)
2024-07-10 19:32:11,877 -                train: [    INFO] - Test: [   0/19]  Time: 0.113 (0.113)  Loss:  0.1567 (0.1567)  Acc@1: 94.5312 (94.5312)  Acc@5: 99.8047 (99.8047)
2024-07-10 19:32:12,632 -                train: [    INFO] - Test: [  19/19]  Time: 0.035 (0.043)  Loss:  0.1195 (0.1564)  Acc@1: 96.3235 (95.2000)  Acc@5: 100.0000 (99.8400)
2024-07-10 19:32:12,799 -                train: [    INFO] - *** Best metric: 95.23000012207031 (epoch 348)
2024-07-10 19:32:13,151 -                train: [    INFO] - Train: 353 [   0/97 (  0%)]  Loss:  0.849321 (0.8493)  Time: 0.350s, 1461.67/s  (0.350s, 1461.67/s)  LR: 5.729e-05  Data: 0.070 (0.070)
2024-07-10 19:32:40,332 -                train: [    INFO] - Train: 353 [  96/97 (100%)]  Loss:  0.641739 (0.7455)  Time: 0.274s, 1869.98/s  (0.284s, 1803.99/s)  LR: 5.729e-05  Data: 0.000 (0.004)
2024-07-10 19:32:40,447 -                train: [    INFO] - Test: [   0/19]  Time: 0.113 (0.113)  Loss:  0.1597 (0.1597)  Acc@1: 95.1172 (95.1172)  Acc@5: 99.8047 (99.8047)
2024-07-10 19:32:41,194 -                train: [    INFO] - Test: [  19/19]  Time: 0.027 (0.043)  Loss:  0.1434 (0.1609)  Acc@1: 95.9559 (95.2800)  Acc@5: 100.0000 (99.8700)
2024-07-10 19:32:41,428 - timm.utils.checkpoint_saver: [    INFO] - Current checkpoints:
 ('./output/train/20240710-164625-vitsnn-32/checkpoint-353.pth.tar', 95.28000012207032)
 ('./output/train/20240710-164625-vitsnn-32/checkpoint-348.pth.tar', 95.23000012207031)

2024-07-10 19:32:41,428 -                train: [    INFO] - *** Best metric: 95.28000012207032 (epoch 353)
2024-07-10 19:32:41,784 -                train: [    INFO] - Train: 354 [   0/97 (  0%)]  Loss:  0.792959 (0.7930)  Time: 0.355s, 1443.67/s  (0.355s, 1443.67/s)  LR: 5.533e-05  Data: 0.084 (0.084)
2024-07-10 19:33:08,532 -                train: [    INFO] - Train: 354 [  96/97 (100%)]  Loss:  0.921190 (0.8571)  Time: 0.274s, 1870.04/s  (0.279s, 1832.61/s)  LR: 5.533e-05  Data: 0.000 (0.005)
2024-07-10 19:33:08,640 -                train: [    INFO] - Test: [   0/19]  Time: 0.106 (0.106)  Loss:  0.1548 (0.1548)  Acc@1: 94.7266 (94.7266)  Acc@5: 100.0000 (100.0000)
2024-07-10 19:33:09,406 -                train: [    INFO] - Test: [  19/19]  Time: 0.024 (0.044)  Loss:  0.1425 (0.1600)  Acc@1: 95.2206 (95.0400)  Acc@5: 100.0000 (99.8500)
2024-07-10 19:33:09,630 -                train: [    INFO] - *** Best metric: 95.28000012207032 (epoch 353)
2024-07-10 19:33:09,982 -                train: [    INFO] - Train: 355 [   0/97 (  0%)]  Loss:  0.858641 (0.8586)  Time: 0.348s, 1470.28/s  (0.348s, 1470.28/s)  LR: 5.340e-05  Data: 0.069 (0.069)
2024-07-10 19:33:36,853 -                train: [    INFO] - Train: 355 [  96/97 (100%)]  Loss:  0.704800 (0.7817)  Time: 0.273s, 1872.90/s  (0.281s, 1824.74/s)  LR: 5.340e-05  Data: 0.000 (0.004)
2024-07-10 19:33:36,970 -                train: [    INFO] - Test: [   0/19]  Time: 0.115 (0.115)  Loss:  0.1410 (0.1410)  Acc@1: 95.3125 (95.3125)  Acc@5: 100.0000 (100.0000)
2024-07-10 19:33:37,716 -                train: [    INFO] - Test: [  19/19]  Time: 0.034 (0.043)  Loss:  0.1224 (0.1556)  Acc@1: 95.9559 (95.2000)  Acc@5: 100.0000 (99.8500)
2024-07-10 19:33:37,919 -                train: [    INFO] - *** Best metric: 95.28000012207032 (epoch 353)
2024-07-10 19:33:38,263 -                train: [    INFO] - Train: 356 [   0/97 (  0%)]  Loss:  0.693239 (0.6932)  Time: 0.342s, 1494.90/s  (0.342s, 1494.90/s)  LR: 5.151e-05  Data: 0.072 (0.072)
2024-07-10 19:34:05,058 -                train: [    INFO] - Train: 356 [  96/97 (100%)]  Loss:  0.718196 (0.7057)  Time: 0.274s, 1870.71/s  (0.280s, 1830.22/s)  LR: 5.151e-05  Data: 0.000 (0.004)
2024-07-10 19:34:05,174 -                train: [    INFO] - Test: [   0/19]  Time: 0.114 (0.114)  Loss:  0.1537 (0.1537)  Acc@1: 94.9219 (94.9219)  Acc@5: 100.0000 (100.0000)
2024-07-10 19:34:05,933 -                train: [    INFO] - Test: [  19/19]  Time: 0.041 (0.044)  Loss:  0.1256 (0.1544)  Acc@1: 96.3235 (94.9900)  Acc@5: 100.0000 (99.8200)
2024-07-10 19:34:06,145 -                train: [    INFO] - *** Best metric: 95.28000012207032 (epoch 353)
2024-07-10 19:34:06,487 -                train: [    INFO] - Train: 357 [   0/97 (  0%)]  Loss:  0.923052 (0.9231)  Time: 0.340s, 1504.05/s  (0.340s, 1504.05/s)  LR: 4.966e-05  Data: 0.069 (0.069)
2024-07-10 19:34:33,334 -                train: [    INFO] - Train: 357 [  96/97 (100%)]  Loss:  0.990460 (0.9568)  Time: 0.272s, 1880.63/s  (0.280s, 1826.82/s)  LR: 4.966e-05  Data: 0.000 (0.004)
2024-07-10 19:34:33,447 -                train: [    INFO] - Test: [   0/19]  Time: 0.111 (0.111)  Loss:  0.1587 (0.1587)  Acc@1: 95.3125 (95.3125)  Acc@5: 100.0000 (100.0000)
2024-07-10 19:34:34,199 -                train: [    INFO] - Test: [  19/19]  Time: 0.027 (0.043)  Loss:  0.1224 (0.1582)  Acc@1: 96.3235 (95.2600)  Acc@5: 100.0000 (99.8500)
2024-07-10 19:34:34,417 - timm.utils.checkpoint_saver: [    INFO] - Current checkpoints:
 ('./output/train/20240710-164625-vitsnn-32/checkpoint-353.pth.tar', 95.28000012207032)
 ('./output/train/20240710-164625-vitsnn-32/checkpoint-357.pth.tar', 95.26000007324218)

2024-07-10 19:34:34,418 -                train: [    INFO] - *** Best metric: 95.28000012207032 (epoch 353)
2024-07-10 19:34:34,762 -                train: [    INFO] - Train: 358 [   0/97 (  0%)]  Loss:  0.832054 (0.8321)  Time: 0.343s, 1492.97/s  (0.343s, 1492.97/s)  LR: 4.785e-05  Data: 0.071 (0.071)
2024-07-10 19:35:01,860 -                train: [    INFO] - Train: 358 [  96/97 (100%)]  Loss:  0.673275 (0.7527)  Time: 0.272s, 1883.83/s  (0.283s, 1809.91/s)  LR: 4.785e-05  Data: 0.000 (0.004)
2024-07-10 19:35:01,977 -                train: [    INFO] - Test: [   0/19]  Time: 0.114 (0.114)  Loss:  0.1689 (0.1689)  Acc@1: 95.1172 (95.1172)  Acc@5: 99.8047 (99.8047)
2024-07-10 19:35:02,713 -                train: [    INFO] - Test: [  19/19]  Time: 0.028 (0.043)  Loss:  0.1267 (0.1575)  Acc@1: 96.3235 (95.1800)  Acc@5: 100.0000 (99.8200)
2024-07-10 19:35:02,889 -                train: [    INFO] - *** Best metric: 95.28000012207032 (epoch 353)
2024-07-10 19:35:03,234 -                train: [    INFO] - Train: 359 [   0/97 (  0%)]  Loss:  0.521716 (0.5217)  Time: 0.343s, 1491.07/s  (0.343s, 1491.07/s)  LR: 4.609e-05  Data: 0.063 (0.063)
2024-07-10 19:35:30,022 -                train: [    INFO] - Train: 359 [  96/97 (100%)]  Loss:  0.552265 (0.5370)  Time: 0.272s, 1884.26/s  (0.280s, 1830.56/s)  LR: 4.609e-05  Data: 0.000 (0.004)
2024-07-10 19:35:30,139 -                train: [    INFO] - Test: [   0/19]  Time: 0.115 (0.115)  Loss:  0.1541 (0.1541)  Acc@1: 94.5312 (94.5312)  Acc@5: 100.0000 (100.0000)
2024-07-10 19:35:30,893 -                train: [    INFO] - Test: [  19/19]  Time: 0.027 (0.043)  Loss:  0.1199 (0.1480)  Acc@1: 96.3235 (95.1400)  Acc@5: 100.0000 (99.8200)
2024-07-10 19:35:31,105 -                train: [    INFO] - *** Best metric: 95.28000012207032 (epoch 353)
2024-07-10 19:35:31,451 -                train: [    INFO] - Train: 360 [   0/97 (  0%)]  Loss:  0.843281 (0.8433)  Time: 0.344s, 1487.37/s  (0.344s, 1487.37/s)  LR: 4.436e-05  Data: 0.065 (0.065)
2024-07-10 19:35:58,031 -                train: [    INFO] - Train: 360 [  96/97 (100%)]  Loss:  0.524013 (0.6836)  Time: 0.272s, 1884.75/s  (0.278s, 1844.64/s)  LR: 4.436e-05  Data: 0.000 (0.004)
2024-07-10 19:35:58,141 -                train: [    INFO] - Test: [   0/19]  Time: 0.108 (0.108)  Loss:  0.1688 (0.1688)  Acc@1: 95.1172 (95.1172)  Acc@5: 99.8047 (99.8047)
2024-07-10 19:35:58,888 -                train: [    INFO] - Test: [  19/19]  Time: 0.035 (0.043)  Loss:  0.1378 (0.1529)  Acc@1: 94.8529 (95.0600)  Acc@5: 100.0000 (99.8600)
2024-07-10 19:35:59,061 -                train: [    INFO] - *** Best metric: 95.28000012207032 (epoch 353)
2024-07-10 19:35:59,403 -                train: [    INFO] - Train: 361 [   0/97 (  0%)]  Loss:  0.742975 (0.7430)  Time: 0.341s, 1499.68/s  (0.341s, 1499.68/s)  LR: 4.268e-05  Data: 0.067 (0.067)
2024-07-10 19:36:26,145 -                train: [    INFO] - Train: 361 [  96/97 (100%)]  Loss:  0.552136 (0.6476)  Time: 0.273s, 1875.72/s  (0.279s, 1833.87/s)  LR: 4.268e-05  Data: 0.000 (0.004)
2024-07-10 19:36:26,259 -                train: [    INFO] - Test: [   0/19]  Time: 0.112 (0.112)  Loss:  0.1555 (0.1555)  Acc@1: 95.3125 (95.3125)  Acc@5: 99.6094 (99.6094)
2024-07-10 19:36:26,982 -                train: [    INFO] - Test: [  19/19]  Time: 0.027 (0.042)  Loss:  0.1357 (0.1509)  Acc@1: 94.1176 (95.2400)  Acc@5: 100.0000 (99.8700)
2024-07-10 19:36:27,204 -                train: [    INFO] - *** Best metric: 95.28000012207032 (epoch 353)
2024-07-10 19:36:27,560 -                train: [    INFO] - Train: 362 [   0/97 (  0%)]  Loss:  0.701076 (0.7011)  Time: 0.354s, 1445.55/s  (0.354s, 1445.55/s)  LR: 4.104e-05  Data: 0.083 (0.083)
2024-07-10 19:36:54,263 -                train: [    INFO] - Train: 362 [  96/97 (100%)]  Loss:  0.796700 (0.7489)  Time: 0.272s, 1879.68/s  (0.279s, 1835.64/s)  LR: 4.104e-05  Data: 0.000 (0.004)
2024-07-10 19:36:54,372 -                train: [    INFO] - Test: [   0/19]  Time: 0.107 (0.107)  Loss:  0.1803 (0.1803)  Acc@1: 94.3359 (94.3359)  Acc@5: 100.0000 (100.0000)
2024-07-10 19:36:55,107 -                train: [    INFO] - Test: [  19/19]  Time: 0.035 (0.042)  Loss:  0.1116 (0.1530)  Acc@1: 96.6912 (95.1200)  Acc@5: 100.0000 (99.9000)
2024-07-10 19:36:55,327 -                train: [    INFO] - *** Best metric: 95.28000012207032 (epoch 353)
2024-07-10 19:36:55,675 -                train: [    INFO] - Train: 363 [   0/97 (  0%)]  Loss:  0.668219 (0.6682)  Time: 0.347s, 1476.97/s  (0.347s, 1476.97/s)  LR: 3.944e-05  Data: 0.076 (0.076)
2024-07-10 19:37:22,848 -                train: [    INFO] - Train: 363 [  96/97 (100%)]  Loss:  0.928728 (0.7985)  Time: 0.273s, 1876.40/s  (0.284s, 1804.78/s)  LR: 3.944e-05  Data: 0.000 (0.004)
2024-07-10 19:37:22,963 -                train: [    INFO] - Test: [   0/19]  Time: 0.113 (0.113)  Loss:  0.1443 (0.1443)  Acc@1: 95.5078 (95.5078)  Acc@5: 99.6094 (99.6094)
2024-07-10 19:37:23,680 -                train: [    INFO] - Test: [  19/19]  Time: 0.024 (0.041)  Loss:  0.1217 (0.1532)  Acc@1: 95.5882 (95.3000)  Acc@5: 100.0000 (99.8700)
2024-07-10 19:37:23,884 - timm.utils.checkpoint_saver: [    INFO] - Current checkpoints:
 ('./output/train/20240710-164625-vitsnn-32/checkpoint-363.pth.tar', 95.29999996337891)
 ('./output/train/20240710-164625-vitsnn-32/checkpoint-353.pth.tar', 95.28000012207032)

2024-07-10 19:37:23,884 -                train: [    INFO] - *** Best metric: 95.29999996337891 (epoch 363)
2024-07-10 19:37:24,240 -                train: [    INFO] - Train: 364 [   0/97 (  0%)]  Loss:  0.827930 (0.8279)  Time: 0.354s, 1446.54/s  (0.354s, 1446.54/s)  LR: 3.788e-05  Data: 0.083 (0.083)
2024-07-10 19:37:51,048 -                train: [    INFO] - Train: 364 [  96/97 (100%)]  Loss:  0.635999 (0.7320)  Time: 0.272s, 1883.76/s  (0.280s, 1828.50/s)  LR: 3.788e-05  Data: 0.000 (0.004)
2024-07-10 19:37:51,164 -                train: [    INFO] - Test: [   0/19]  Time: 0.113 (0.113)  Loss:  0.1681 (0.1681)  Acc@1: 94.5312 (94.5312)  Acc@5: 99.8047 (99.8047)
2024-07-10 19:37:51,896 -                train: [    INFO] - Test: [  19/19]  Time: 0.027 (0.042)  Loss:  0.1232 (0.1577)  Acc@1: 95.5882 (94.8900)  Acc@5: 100.0000 (99.8000)
2024-07-10 19:37:52,107 -                train: [    INFO] - *** Best metric: 95.29999996337891 (epoch 363)
2024-07-10 19:37:52,447 -                train: [    INFO] - Train: 365 [   0/97 (  0%)]  Loss:  0.639458 (0.6395)  Time: 0.339s, 1510.14/s  (0.339s, 1510.14/s)  LR: 3.636e-05  Data: 0.068 (0.068)
2024-07-10 19:38:19,183 -                train: [    INFO] - Train: 365 [  96/97 (100%)]  Loss:  0.888590 (0.7640)  Time: 0.272s, 1880.35/s  (0.279s, 1834.42/s)  LR: 3.636e-05  Data: 0.000 (0.004)
2024-07-10 19:38:19,302 -                train: [    INFO] - Test: [   0/19]  Time: 0.117 (0.117)  Loss:  0.1636 (0.1636)  Acc@1: 94.7266 (94.7266)  Acc@5: 99.8047 (99.8047)
2024-07-10 19:38:20,065 -                train: [    INFO] - Test: [  19/19]  Time: 0.028 (0.044)  Loss:  0.1155 (0.1550)  Acc@1: 96.3235 (95.0900)  Acc@5: 100.0000 (99.8700)
2024-07-10 19:38:20,276 -                train: [    INFO] - *** Best metric: 95.29999996337891 (epoch 363)
2024-07-10 19:38:20,631 -                train: [    INFO] - Train: 366 [   0/97 (  0%)]  Loss:  0.607797 (0.6078)  Time: 0.353s, 1450.67/s  (0.353s, 1450.67/s)  LR: 3.488e-05  Data: 0.075 (0.075)
2024-07-10 19:38:47,407 -                train: [    INFO] - Train: 366 [  96/97 (100%)]  Loss:  0.784390 (0.6961)  Time: 0.271s, 1886.69/s  (0.280s, 1830.76/s)  LR: 3.488e-05  Data: 0.000 (0.004)
2024-07-10 19:38:47,522 -                train: [    INFO] - Test: [   0/19]  Time: 0.113 (0.113)  Loss:  0.1541 (0.1541)  Acc@1: 95.3125 (95.3125)  Acc@5: 99.8047 (99.8047)
2024-07-10 19:38:48,252 -                train: [    INFO] - Test: [  19/19]  Time: 0.028 (0.042)  Loss:  0.1011 (0.1505)  Acc@1: 96.3235 (95.0900)  Acc@5: 100.0000 (99.8200)
2024-07-10 19:38:48,423 -                train: [    INFO] - *** Best metric: 95.29999996337891 (epoch 363)
2024-07-10 19:38:48,768 -                train: [    INFO] - Train: 367 [   0/97 (  0%)]  Loss:  0.689446 (0.6894)  Time: 0.343s, 1491.03/s  (0.343s, 1491.03/s)  LR: 3.345e-05  Data: 0.070 (0.070)
2024-07-10 19:39:15,541 -                train: [    INFO] - Train: 367 [  96/97 (100%)]  Loss:  0.553777 (0.6216)  Time: 0.272s, 1880.74/s  (0.280s, 1831.59/s)  LR: 3.345e-05  Data: 0.000 (0.004)
2024-07-10 19:39:15,657 -                train: [    INFO] - Test: [   0/19]  Time: 0.114 (0.114)  Loss:  0.1617 (0.1617)  Acc@1: 95.5078 (95.5078)  Acc@5: 99.8047 (99.8047)
2024-07-10 19:39:16,394 -                train: [    INFO] - Test: [  19/19]  Time: 0.027 (0.043)  Loss:  0.1206 (0.1562)  Acc@1: 95.5882 (95.0500)  Acc@5: 100.0000 (99.8200)
2024-07-10 19:39:16,559 -                train: [    INFO] - *** Best metric: 95.29999996337891 (epoch 363)
2024-07-10 19:39:16,901 -                train: [    INFO] - Train: 368 [   0/97 (  0%)]  Loss:  0.978139 (0.9781)  Time: 0.341s, 1502.04/s  (0.341s, 1502.04/s)  LR: 3.206e-05  Data: 0.071 (0.071)
2024-07-10 19:39:43,782 -                train: [    INFO] - Train: 368 [  96/97 (100%)]  Loss:  0.839448 (0.9088)  Time: 0.272s, 1880.03/s  (0.281s, 1824.49/s)  LR: 3.206e-05  Data: 0.000 (0.004)
2024-07-10 19:39:43,892 -                train: [    INFO] - Test: [   0/19]  Time: 0.108 (0.108)  Loss:  0.1499 (0.1499)  Acc@1: 95.3125 (95.3125)  Acc@5: 99.8047 (99.8047)
2024-07-10 19:39:44,651 -                train: [    INFO] - Test: [  19/19]  Time: 0.035 (0.043)  Loss:  0.1398 (0.1509)  Acc@1: 95.9559 (95.1700)  Acc@5: 100.0000 (99.8300)
2024-07-10 19:39:44,824 -                train: [    INFO] - *** Best metric: 95.29999996337891 (epoch 363)
2024-07-10 19:39:45,172 -                train: [    INFO] - Train: 369 [   0/97 (  0%)]  Loss:  0.635045 (0.6350)  Time: 0.347s, 1474.38/s  (0.347s, 1474.38/s)  LR: 3.071e-05  Data: 0.077 (0.077)
2024-07-10 19:40:11,949 -                train: [    INFO] - Train: 369 [  96/97 (100%)]  Loss:  0.995683 (0.8154)  Time: 0.274s, 1870.71/s  (0.280s, 1831.09/s)  LR: 3.071e-05  Data: 0.000 (0.004)
2024-07-10 19:40:12,061 -                train: [    INFO] - Test: [   0/19]  Time: 0.109 (0.109)  Loss:  0.1394 (0.1394)  Acc@1: 96.4844 (96.4844)  Acc@5: 99.8047 (99.8047)
2024-07-10 19:40:12,809 -                train: [    INFO] - Test: [  19/19]  Time: 0.027 (0.043)  Loss:  0.1265 (0.1512)  Acc@1: 96.6912 (95.4500)  Acc@5: 100.0000 (99.8300)
2024-07-10 19:40:13,057 - timm.utils.checkpoint_saver: [    INFO] - Current checkpoints:
 ('./output/train/20240710-164625-vitsnn-32/checkpoint-369.pth.tar', 95.45000002441407)
 ('./output/train/20240710-164625-vitsnn-32/checkpoint-363.pth.tar', 95.29999996337891)

2024-07-10 19:40:13,057 -                train: [    INFO] - *** Best metric: 95.45000002441407 (epoch 369)
2024-07-10 19:40:13,392 -                train: [    INFO] - Train: 370 [   0/97 (  0%)]  Loss:  0.569228 (0.5692)  Time: 0.334s, 1534.46/s  (0.334s, 1534.46/s)  LR: 2.940e-05  Data: 0.063 (0.063)
2024-07-10 19:40:40,076 -                train: [    INFO] - Train: 370 [  96/97 (100%)]  Loss:  0.876034 (0.7226)  Time: 0.272s, 1883.60/s  (0.279s, 1838.28/s)  LR: 2.940e-05  Data: 0.000 (0.004)
2024-07-10 19:40:40,193 -                train: [    INFO] - Test: [   0/19]  Time: 0.115 (0.115)  Loss:  0.1488 (0.1488)  Acc@1: 94.3359 (94.3359)  Acc@5: 99.8047 (99.8047)
2024-07-10 19:40:40,925 -                train: [    INFO] - Test: [  19/19]  Time: 0.028 (0.042)  Loss:  0.1157 (0.1485)  Acc@1: 95.2206 (95.0400)  Acc@5: 100.0000 (99.8600)
2024-07-10 19:40:41,133 -                train: [    INFO] - *** Best metric: 95.45000002441407 (epoch 369)
2024-07-10 19:40:41,479 -                train: [    INFO] - Train: 371 [   0/97 (  0%)]  Loss:  0.718294 (0.7183)  Time: 0.345s, 1486.06/s  (0.345s, 1486.06/s)  LR: 2.813e-05  Data: 0.074 (0.074)
2024-07-10 19:41:08,338 -                train: [    INFO] - Train: 371 [  96/97 (100%)]  Loss:  0.707513 (0.7129)  Time: 0.271s, 1885.90/s  (0.280s, 1825.71/s)  LR: 2.813e-05  Data: 0.000 (0.004)
2024-07-10 19:41:08,446 -                train: [    INFO] - Test: [   0/19]  Time: 0.106 (0.106)  Loss:  0.1512 (0.1512)  Acc@1: 94.9219 (94.9219)  Acc@5: 99.8047 (99.8047)
2024-07-10 19:41:09,183 -                train: [    INFO] - Test: [  19/19]  Time: 0.027 (0.042)  Loss:  0.0984 (0.1444)  Acc@1: 95.9559 (95.2600)  Acc@5: 100.0000 (99.8600)
2024-07-10 19:41:09,423 -                train: [    INFO] - *** Best metric: 95.45000002441407 (epoch 369)
2024-07-10 19:41:09,798 -                train: [    INFO] - Train: 372 [   0/97 (  0%)]  Loss:  0.693050 (0.6930)  Time: 0.374s, 1368.04/s  (0.374s, 1368.04/s)  LR: 2.691e-05  Data: 0.099 (0.099)
2024-07-10 19:41:36,582 -                train: [    INFO] - Train: 372 [  96/97 (100%)]  Loss:  0.651543 (0.6723)  Time: 0.272s, 1881.91/s  (0.280s, 1828.82/s)  LR: 2.691e-05  Data: 0.000 (0.004)
2024-07-10 19:41:36,695 -                train: [    INFO] - Test: [   0/19]  Time: 0.112 (0.112)  Loss:  0.1458 (0.1458)  Acc@1: 95.1172 (95.1172)  Acc@5: 99.8047 (99.8047)
2024-07-10 19:41:37,462 -                train: [    INFO] - Test: [  19/19]  Time: 0.030 (0.044)  Loss:  0.1385 (0.1504)  Acc@1: 96.6912 (95.4100)  Acc@5: 100.0000 (99.8700)
2024-07-10 19:41:37,676 - timm.utils.checkpoint_saver: [    INFO] - Current checkpoints:
 ('./output/train/20240710-164625-vitsnn-32/checkpoint-369.pth.tar', 95.45000002441407)
 ('./output/train/20240710-164625-vitsnn-32/checkpoint-372.pth.tar', 95.41000002441406)

2024-07-10 19:41:37,676 -                train: [    INFO] - *** Best metric: 95.45000002441407 (epoch 369)
2024-07-10 19:41:38,009 -                train: [    INFO] - Train: 373 [   0/97 (  0%)]  Loss:  0.813340 (0.8133)  Time: 0.331s, 1546.41/s  (0.331s, 1546.41/s)  LR: 2.573e-05  Data: 0.061 (0.061)
2024-07-10 19:42:04,944 -                train: [    INFO] - Train: 373 [  96/97 (100%)]  Loss:  0.638463 (0.7259)  Time: 0.272s, 1884.78/s  (0.281s, 1821.54/s)  LR: 2.573e-05  Data: 0.000 (0.004)
2024-07-10 19:42:05,055 -                train: [    INFO] - Test: [   0/19]  Time: 0.109 (0.109)  Loss:  0.1575 (0.1575)  Acc@1: 95.5078 (95.5078)  Acc@5: 99.8047 (99.8047)
2024-07-10 19:42:05,805 -                train: [    INFO] - Test: [  19/19]  Time: 0.036 (0.043)  Loss:  0.1089 (0.1506)  Acc@1: 95.9559 (95.1400)  Acc@5: 100.0000 (99.8500)
2024-07-10 19:42:05,979 -                train: [    INFO] - *** Best metric: 95.45000002441407 (epoch 369)
2024-07-10 19:42:06,358 -                train: [    INFO] - Train: 374 [   0/97 (  0%)]  Loss:  0.774576 (0.7746)  Time: 0.378s, 1353.39/s  (0.378s, 1353.39/s)  LR: 2.459e-05  Data: 0.098 (0.098)
2024-07-10 19:42:32,980 -                train: [    INFO] - Train: 374 [  96/97 (100%)]  Loss:  0.767211 (0.7709)  Time: 0.272s, 1881.14/s  (0.278s, 1839.55/s)  LR: 2.459e-05  Data: 0.000 (0.004)
2024-07-10 19:42:33,089 -                train: [    INFO] - Test: [   0/19]  Time: 0.107 (0.107)  Loss:  0.1687 (0.1687)  Acc@1: 94.5312 (94.5312)  Acc@5: 99.8047 (99.8047)
2024-07-10 19:42:33,856 -                train: [    INFO] - Test: [  19/19]  Time: 0.042 (0.044)  Loss:  0.1141 (0.1524)  Acc@1: 96.3235 (95.2300)  Acc@5: 100.0000 (99.8900)
2024-07-10 19:42:34,093 -                train: [    INFO] - *** Best metric: 95.45000002441407 (epoch 369)
2024-07-10 19:42:34,439 -                train: [    INFO] - Train: 375 [   0/97 (  0%)]  Loss:  0.463939 (0.4639)  Time: 0.345s, 1483.43/s  (0.345s, 1483.43/s)  LR: 2.349e-05  Data: 0.066 (0.066)
2024-07-10 19:43:01,138 -                train: [    INFO] - Train: 375 [  96/97 (100%)]  Loss:  0.539430 (0.5017)  Time: 0.272s, 1879.79/s  (0.279s, 1836.58/s)  LR: 2.349e-05  Data: 0.000 (0.004)
2024-07-10 19:43:01,252 -                train: [    INFO] - Test: [   0/19]  Time: 0.113 (0.113)  Loss:  0.1371 (0.1371)  Acc@1: 95.3125 (95.3125)  Acc@5: 99.8047 (99.8047)
2024-07-10 19:43:01,995 -                train: [    INFO] - Test: [  19/19]  Time: 0.027 (0.043)  Loss:  0.1166 (0.1446)  Acc@1: 95.9559 (95.2700)  Acc@5: 100.0000 (99.9000)
2024-07-10 19:43:02,166 -                train: [    INFO] - *** Best metric: 95.45000002441407 (epoch 369)
2024-07-10 19:43:02,509 -                train: [    INFO] - Train: 376 [   0/97 (  0%)]  Loss:  0.703908 (0.7039)  Time: 0.341s, 1499.93/s  (0.341s, 1499.93/s)  LR: 2.244e-05  Data: 0.070 (0.070)
2024-07-10 19:43:29,395 -                train: [    INFO] - Train: 376 [  96/97 (100%)]  Loss:  0.770523 (0.7372)  Time: 0.272s, 1881.07/s  (0.281s, 1824.15/s)  LR: 2.244e-05  Data: 0.000 (0.004)
2024-07-10 19:43:29,510 -                train: [    INFO] - Test: [   0/19]  Time: 0.113 (0.113)  Loss:  0.1583 (0.1583)  Acc@1: 95.5078 (95.5078)  Acc@5: 99.4141 (99.4141)
2024-07-10 19:43:30,239 -                train: [    INFO] - Test: [  19/19]  Time: 0.024 (0.042)  Loss:  0.1146 (0.1517)  Acc@1: 95.9559 (95.4000)  Acc@5: 100.0000 (99.7900)
2024-07-10 19:43:30,443 -                train: [    INFO] - *** Best metric: 95.45000002441407 (epoch 369)
2024-07-10 19:43:30,790 -                train: [    INFO] - Train: 377 [   0/97 (  0%)]  Loss:  0.662425 (0.6624)  Time: 0.345s, 1485.13/s  (0.345s, 1485.13/s)  LR: 2.142e-05  Data: 0.071 (0.071)
2024-07-10 19:43:57,566 -                train: [    INFO] - Train: 377 [  96/97 (100%)]  Loss:  0.730523 (0.6965)  Time: 0.274s, 1865.92/s  (0.280s, 1831.32/s)  LR: 2.142e-05  Data: 0.000 (0.004)
2024-07-10 19:43:57,677 -                train: [    INFO] - Test: [   0/19]  Time: 0.109 (0.109)  Loss:  0.1406 (0.1406)  Acc@1: 95.8984 (95.8984)  Acc@5: 99.8047 (99.8047)
2024-07-10 19:43:58,401 -                train: [    INFO] - Test: [  19/19]  Time: 0.027 (0.042)  Loss:  0.1218 (0.1469)  Acc@1: 95.9559 (95.3800)  Acc@5: 100.0000 (99.8300)
2024-07-10 19:43:58,619 -                train: [    INFO] - *** Best metric: 95.45000002441407 (epoch 369)
2024-07-10 19:43:58,972 -                train: [    INFO] - Train: 378 [   0/97 (  0%)]  Loss:  0.934965 (0.9350)  Time: 0.351s, 1456.64/s  (0.351s, 1456.64/s)  LR: 2.045e-05  Data: 0.079 (0.079)
2024-07-10 19:44:25,818 -                train: [    INFO] - Train: 378 [  96/97 (100%)]  Loss:  0.910067 (0.9225)  Time: 0.273s, 1876.43/s  (0.280s, 1826.25/s)  LR: 2.045e-05  Data: 0.000 (0.004)
2024-07-10 19:44:25,931 -                train: [    INFO] - Test: [   0/19]  Time: 0.113 (0.113)  Loss:  0.1566 (0.1566)  Acc@1: 94.5312 (94.5312)  Acc@5: 99.8047 (99.8047)
2024-07-10 19:44:26,678 -                train: [    INFO] - Test: [  19/19]  Time: 0.042 (0.043)  Loss:  0.1208 (0.1460)  Acc@1: 95.9559 (95.3600)  Acc@5: 100.0000 (99.8900)
2024-07-10 19:44:26,900 -                train: [    INFO] - *** Best metric: 95.45000002441407 (epoch 369)
2024-07-10 19:44:27,248 -                train: [    INFO] - Train: 379 [   0/97 (  0%)]  Loss:  0.872891 (0.8729)  Time: 0.346s, 1478.79/s  (0.346s, 1478.79/s)  LR: 1.953e-05  Data: 0.071 (0.071)
2024-07-10 19:44:54,056 -                train: [    INFO] - Train: 379 [  96/97 (100%)]  Loss:  0.415901 (0.6444)  Time: 0.272s, 1884.92/s  (0.280s, 1829.07/s)  LR: 1.953e-05  Data: 0.000 (0.004)
2024-07-10 19:44:54,172 -                train: [    INFO] - Test: [   0/19]  Time: 0.114 (0.114)  Loss:  0.1709 (0.1709)  Acc@1: 94.1406 (94.1406)  Acc@5: 99.6094 (99.6094)
2024-07-10 19:44:54,900 -                train: [    INFO] - Test: [  19/19]  Time: 0.024 (0.042)  Loss:  0.1044 (0.1470)  Acc@1: 96.6912 (95.2400)  Acc@5: 100.0000 (99.8600)
2024-07-10 19:44:55,121 -                train: [    INFO] - *** Best metric: 95.45000002441407 (epoch 369)
2024-07-10 19:44:55,460 -                train: [    INFO] - Train: 380 [   0/97 (  0%)]  Loss:  0.678178 (0.6782)  Time: 0.337s, 1517.86/s  (0.337s, 1517.86/s)  LR: 1.864e-05  Data: 0.068 (0.068)
2024-07-10 19:45:22,243 -                train: [    INFO] - Train: 380 [  96/97 (100%)]  Loss:  0.641302 (0.6597)  Time: 0.273s, 1878.15/s  (0.280s, 1831.44/s)  LR: 1.864e-05  Data: 0.000 (0.004)
2024-07-10 19:45:22,357 -                train: [    INFO] - Test: [   0/19]  Time: 0.113 (0.113)  Loss:  0.1519 (0.1519)  Acc@1: 95.3125 (95.3125)  Acc@5: 100.0000 (100.0000)
2024-07-10 19:45:23,124 -                train: [    INFO] - Test: [  19/19]  Time: 0.034 (0.044)  Loss:  0.1405 (0.1498)  Acc@1: 95.2206 (95.3000)  Acc@5: 100.0000 (99.8400)
2024-07-10 19:45:23,345 -                train: [    INFO] - *** Best metric: 95.45000002441407 (epoch 369)
2024-07-10 19:45:23,684 -                train: [    INFO] - Train: 381 [   0/97 (  0%)]  Loss:  0.762199 (0.7622)  Time: 0.337s, 1520.71/s  (0.337s, 1520.71/s)  LR: 1.780e-05  Data: 0.067 (0.067)
2024-07-10 19:45:50,426 -                train: [    INFO] - Train: 381 [  96/97 (100%)]  Loss:  0.709247 (0.7357)  Time: 0.273s, 1873.01/s  (0.279s, 1834.15/s)  LR: 1.780e-05  Data: 0.000 (0.004)
2024-07-10 19:45:50,543 -                train: [    INFO] - Test: [   0/19]  Time: 0.115 (0.115)  Loss:  0.1451 (0.1451)  Acc@1: 96.0938 (96.0938)  Acc@5: 100.0000 (100.0000)
2024-07-10 19:45:51,274 -                train: [    INFO] - Test: [  19/19]  Time: 0.027 (0.042)  Loss:  0.1155 (0.1499)  Acc@1: 96.3235 (95.3000)  Acc@5: 100.0000 (99.8500)
2024-07-10 19:45:51,479 -                train: [    INFO] - *** Best metric: 95.45000002441407 (epoch 369)
2024-07-10 19:45:51,818 -                train: [    INFO] - Train: 382 [   0/97 (  0%)]  Loss:  0.967853 (0.9679)  Time: 0.337s, 1517.23/s  (0.337s, 1517.23/s)  LR: 1.700e-05  Data: 0.066 (0.066)
2024-07-10 19:46:18,706 -                train: [    INFO] - Train: 382 [  96/97 (100%)]  Loss:  0.616964 (0.7924)  Time: 0.368s, 1390.86/s  (0.281s, 1824.29/s)  LR: 1.700e-05  Data: 0.000 (0.004)
2024-07-10 19:46:18,823 -                train: [    INFO] - Test: [   0/19]  Time: 0.115 (0.115)  Loss:  0.1477 (0.1477)  Acc@1: 95.5078 (95.5078)  Acc@5: 99.8047 (99.8047)
2024-07-10 19:46:19,588 -                train: [    INFO] - Test: [  19/19]  Time: 0.034 (0.044)  Loss:  0.1069 (0.1455)  Acc@1: 96.3235 (95.2600)  Acc@5: 100.0000 (99.8700)
2024-07-10 19:46:19,809 -                train: [    INFO] - *** Best metric: 95.45000002441407 (epoch 369)
2024-07-10 19:46:20,160 -                train: [    INFO] - Train: 383 [   0/97 (  0%)]  Loss:  0.638674 (0.6387)  Time: 0.350s, 1462.83/s  (0.350s, 1462.83/s)  LR: 1.625e-05  Data: 0.079 (0.079)
2024-07-10 19:46:47,133 -                train: [    INFO] - Train: 383 [  96/97 (100%)]  Loss:  0.791457 (0.7151)  Time: 0.271s, 1887.13/s  (0.282s, 1817.80/s)  LR: 1.625e-05  Data: 0.000 (0.004)
2024-07-10 19:46:47,244 -                train: [    INFO] - Test: [   0/19]  Time: 0.110 (0.110)  Loss:  0.1318 (0.1318)  Acc@1: 95.8984 (95.8984)  Acc@5: 100.0000 (100.0000)
2024-07-10 19:46:47,983 -                train: [    INFO] - Test: [  19/19]  Time: 0.027 (0.042)  Loss:  0.1098 (0.1471)  Acc@1: 96.3235 (95.1500)  Acc@5: 100.0000 (99.9000)
2024-07-10 19:46:48,219 -                train: [    INFO] - *** Best metric: 95.45000002441407 (epoch 369)
2024-07-10 19:46:48,560 -                train: [    INFO] - Train: 384 [   0/97 (  0%)]  Loss:  0.735250 (0.7352)  Time: 0.340s, 1505.32/s  (0.340s, 1505.32/s)  LR: 1.554e-05  Data: 0.070 (0.070)
2024-07-10 19:47:15,180 -                train: [    INFO] - Train: 384 [  96/97 (100%)]  Loss:  0.698412 (0.7168)  Time: 0.272s, 1882.73/s  (0.278s, 1842.25/s)  LR: 1.554e-05  Data: 0.000 (0.004)
2024-07-10 19:47:15,292 -                train: [    INFO] - Test: [   0/19]  Time: 0.110 (0.110)  Loss:  0.1534 (0.1534)  Acc@1: 94.9219 (94.9219)  Acc@5: 99.6094 (99.6094)
2024-07-10 19:47:16,045 -                train: [    INFO] - Test: [  19/19]  Time: 0.027 (0.043)  Loss:  0.1284 (0.1494)  Acc@1: 96.6912 (95.3000)  Acc@5: 100.0000 (99.8100)
2024-07-10 19:47:16,233 -                train: [    INFO] - *** Best metric: 95.45000002441407 (epoch 369)
2024-07-10 19:47:16,575 -                train: [    INFO] - Train: 385 [   0/97 (  0%)]  Loss:  0.616064 (0.6161)  Time: 0.339s, 1509.22/s  (0.339s, 1509.22/s)  LR: 1.487e-05  Data: 0.069 (0.069)
2024-07-10 19:47:43,117 -                train: [    INFO] - Train: 385 [  96/97 (100%)]  Loss:  0.543357 (0.5797)  Time: 0.271s, 1888.70/s  (0.277s, 1847.62/s)  LR: 1.487e-05  Data: 0.000 (0.004)
2024-07-10 19:47:43,222 -                train: [    INFO] - Test: [   0/19]  Time: 0.103 (0.103)  Loss:  0.1359 (0.1359)  Acc@1: 96.2891 (96.2891)  Acc@5: 99.8047 (99.8047)
2024-07-10 19:47:43,972 -                train: [    INFO] - Test: [  19/19]  Time: 0.027 (0.043)  Loss:  0.1172 (0.1442)  Acc@1: 95.5882 (95.4700)  Acc@5: 100.0000 (99.8300)
2024-07-10 19:47:44,203 - timm.utils.checkpoint_saver: [    INFO] - Current checkpoints:
 ('./output/train/20240710-164625-vitsnn-32/checkpoint-385.pth.tar', 95.46999996337891)
 ('./output/train/20240710-164625-vitsnn-32/checkpoint-369.pth.tar', 95.45000002441407)

2024-07-10 19:47:44,203 -                train: [    INFO] - *** Best metric: 95.46999996337891 (epoch 385)
2024-07-10 19:47:44,546 -                train: [    INFO] - Train: 386 [   0/97 (  0%)]  Loss:  0.737671 (0.7377)  Time: 0.342s, 1496.20/s  (0.342s, 1496.20/s)  LR: 1.424e-05  Data: 0.069 (0.069)
2024-07-10 19:48:11,355 -                train: [    INFO] - Train: 386 [  96/97 (100%)]  Loss:  0.592706 (0.6652)  Time: 0.271s, 1885.87/s  (0.280s, 1829.35/s)  LR: 1.424e-05  Data: 0.000 (0.004)
2024-07-10 19:48:11,485 -                train: [    INFO] - Test: [   0/19]  Time: 0.129 (0.129)  Loss:  0.1530 (0.1530)  Acc@1: 94.9219 (94.9219)  Acc@5: 99.8047 (99.8047)
2024-07-10 19:48:12,220 -                train: [    INFO] - Test: [  19/19]  Time: 0.027 (0.043)  Loss:  0.1376 (0.1420)  Acc@1: 94.4853 (95.4400)  Acc@5: 100.0000 (99.8800)
2024-07-10 19:48:12,432 -                train: [    INFO] - *** Best metric: 95.46999996337891 (epoch 385)
2024-07-10 19:48:12,777 -                train: [    INFO] - Train: 387 [   0/97 (  0%)]  Loss:  0.735065 (0.7351)  Time: 0.344s, 1488.55/s  (0.344s, 1488.55/s)  LR: 1.366e-05  Data: 0.074 (0.074)
2024-07-10 19:48:39,689 -                train: [    INFO] - Train: 387 [  96/97 (100%)]  Loss:  0.500363 (0.6177)  Time: 0.271s, 1887.19/s  (0.281s, 1822.28/s)  LR: 1.366e-05  Data: 0.000 (0.004)
2024-07-10 19:48:39,798 -                train: [    INFO] - Test: [   0/19]  Time: 0.108 (0.108)  Loss:  0.1542 (0.1542)  Acc@1: 95.3125 (95.3125)  Acc@5: 99.6094 (99.6094)
2024-07-10 19:48:40,527 -                train: [    INFO] - Test: [  19/19]  Time: 0.027 (0.042)  Loss:  0.1107 (0.1437)  Acc@1: 95.2206 (95.4000)  Acc@5: 100.0000 (99.8500)
2024-07-10 19:48:40,733 -                train: [    INFO] - *** Best metric: 95.46999996337891 (epoch 385)
2024-07-10 19:48:41,088 -                train: [    INFO] - Train: 388 [   0/97 (  0%)]  Loss:  0.809402 (0.8094)  Time: 0.353s, 1450.53/s  (0.353s, 1450.53/s)  LR: 1.312e-05  Data: 0.081 (0.081)
2024-07-10 19:49:08,212 -                train: [    INFO] - Train: 388 [  96/97 (100%)]  Loss:  0.806238 (0.8078)  Time: 0.272s, 1880.45/s  (0.283s, 1807.64/s)  LR: 1.312e-05  Data: 0.000 (0.004)
2024-07-10 19:49:08,325 -                train: [    INFO] - Test: [   0/19]  Time: 0.112 (0.112)  Loss:  0.1604 (0.1604)  Acc@1: 94.9219 (94.9219)  Acc@5: 99.6094 (99.6094)
2024-07-10 19:49:09,060 -                train: [    INFO] - Test: [  19/19]  Time: 0.027 (0.042)  Loss:  0.1290 (0.1432)  Acc@1: 95.5882 (95.2400)  Acc@5: 100.0000 (99.8400)
2024-07-10 19:49:09,278 -                train: [    INFO] - *** Best metric: 95.46999996337891 (epoch 385)
2024-07-10 19:49:09,613 -                train: [    INFO] - Train: 389 [   0/97 (  0%)]  Loss:  0.442931 (0.4429)  Time: 0.334s, 1535.17/s  (0.334s, 1535.17/s)  LR: 1.262e-05  Data: 0.063 (0.063)
2024-07-10 19:49:36,361 -                train: [    INFO] - Train: 389 [  96/97 (100%)]  Loss:  0.660745 (0.5518)  Time: 0.271s, 1887.16/s  (0.279s, 1833.96/s)  LR: 1.262e-05  Data: 0.000 (0.004)
2024-07-10 19:49:36,473 -                train: [    INFO] - Test: [   0/19]  Time: 0.111 (0.111)  Loss:  0.1562 (0.1562)  Acc@1: 95.7031 (95.7031)  Acc@5: 99.6094 (99.6094)
2024-07-10 19:49:37,218 -                train: [    INFO] - Test: [  19/19]  Time: 0.027 (0.043)  Loss:  0.1098 (0.1381)  Acc@1: 97.0588 (95.7300)  Acc@5: 100.0000 (99.8500)
2024-07-10 19:49:37,449 - timm.utils.checkpoint_saver: [    INFO] - Current checkpoints:
 ('./output/train/20240710-164625-vitsnn-32/checkpoint-389.pth.tar', 95.72999997558594)
 ('./output/train/20240710-164625-vitsnn-32/checkpoint-385.pth.tar', 95.46999996337891)

2024-07-10 19:49:37,450 -                train: [    INFO] - *** Best metric: 95.72999997558594 (epoch 389)
2024-07-10 19:49:37,806 -                train: [    INFO] - Train: 390 [   0/97 (  0%)]  Loss:  0.603285 (0.6033)  Time: 0.355s, 1442.61/s  (0.355s, 1442.61/s)  LR: 1.216e-05  Data: 0.067 (0.067)
2024-07-10 19:50:04,677 -                train: [    INFO] - Train: 390 [  96/97 (100%)]  Loss:  0.657502 (0.6304)  Time: 0.273s, 1872.39/s  (0.281s, 1824.26/s)  LR: 1.216e-05  Data: 0.000 (0.005)
2024-07-10 19:50:04,788 -                train: [    INFO] - Test: [   0/19]  Time: 0.110 (0.110)  Loss:  0.1509 (0.1509)  Acc@1: 95.3125 (95.3125)  Acc@5: 99.6094 (99.6094)
2024-07-10 19:50:05,535 -                train: [    INFO] - Test: [  19/19]  Time: 0.041 (0.043)  Loss:  0.1368 (0.1436)  Acc@1: 95.9559 (95.4400)  Acc@5: 100.0000 (99.8600)
2024-07-10 19:50:05,748 -                train: [    INFO] - *** Best metric: 95.72999997558594 (epoch 389)
2024-07-10 19:50:06,118 -                train: [    INFO] - Train: 391 [   0/97 (  0%)]  Loss:  0.870159 (0.8702)  Time: 0.368s, 1390.82/s  (0.368s, 1390.82/s)  LR: 1.175e-05  Data: 0.098 (0.098)
2024-07-10 19:50:32,872 -                train: [    INFO] - Train: 391 [  96/97 (100%)]  Loss:  0.821072 (0.8456)  Time: 0.271s, 1889.09/s  (0.280s, 1831.27/s)  LR: 1.175e-05  Data: 0.000 (0.004)
2024-07-10 19:50:32,986 -                train: [    INFO] - Test: [   0/19]  Time: 0.113 (0.113)  Loss:  0.1414 (0.1414)  Acc@1: 95.5078 (95.5078)  Acc@5: 100.0000 (100.0000)
2024-07-10 19:50:33,762 -                train: [    INFO] - Test: [  19/19]  Time: 0.028 (0.044)  Loss:  0.1259 (0.1445)  Acc@1: 95.5882 (95.3000)  Acc@5: 100.0000 (99.8500)
2024-07-10 19:50:33,929 -                train: [    INFO] - *** Best metric: 95.72999997558594 (epoch 389)
2024-07-10 19:50:34,268 -                train: [    INFO] - Train: 392 [   0/97 (  0%)]  Loss:  0.471050 (0.4711)  Time: 0.337s, 1519.17/s  (0.337s, 1519.17/s)  LR: 1.139e-05  Data: 0.067 (0.067)
2024-07-10 19:51:01,046 -                train: [    INFO] - Train: 392 [  96/97 (100%)]  Loss:  0.810763 (0.6409)  Time: 0.271s, 1886.82/s  (0.280s, 1831.72/s)  LR: 1.139e-05  Data: 0.000 (0.004)
2024-07-10 19:51:01,164 -                train: [    INFO] - Test: [   0/19]  Time: 0.117 (0.117)  Loss:  0.1602 (0.1602)  Acc@1: 94.7266 (94.7266)  Acc@5: 100.0000 (100.0000)
2024-07-10 19:51:01,920 -                train: [    INFO] - Test: [  19/19]  Time: 0.028 (0.044)  Loss:  0.1305 (0.1434)  Acc@1: 95.9559 (95.4200)  Acc@5: 100.0000 (99.8900)
2024-07-10 19:51:02,107 -                train: [    INFO] - *** Best metric: 95.72999997558594 (epoch 389)
2024-07-10 19:51:02,478 -                train: [    INFO] - Train: 393 [   0/97 (  0%)]  Loss:  0.840047 (0.8400)  Time: 0.369s, 1386.27/s  (0.369s, 1386.27/s)  LR: 1.106e-05  Data: 0.099 (0.099)
2024-07-10 19:51:29,316 -                train: [    INFO] - Train: 393 [  96/97 (100%)]  Loss:  0.666795 (0.7534)  Time: 0.271s, 1887.59/s  (0.280s, 1825.47/s)  LR: 1.106e-05  Data: 0.000 (0.004)
2024-07-10 19:51:29,433 -                train: [    INFO] - Test: [   0/19]  Time: 0.115 (0.115)  Loss:  0.1493 (0.1493)  Acc@1: 95.8984 (95.8984)  Acc@5: 100.0000 (100.0000)
2024-07-10 19:51:30,170 -                train: [    INFO] - Test: [  19/19]  Time: 0.028 (0.043)  Loss:  0.1367 (0.1471)  Acc@1: 94.8529 (95.3400)  Acc@5: 100.0000 (99.8600)
2024-07-10 19:51:30,375 -                train: [    INFO] - *** Best metric: 95.72999997558594 (epoch 389)
2024-07-10 19:51:30,709 -                train: [    INFO] - Train: 394 [   0/97 (  0%)]  Loss:  0.815284 (0.8153)  Time: 0.333s, 1536.69/s  (0.333s, 1536.69/s)  LR: 1.078e-05  Data: 0.063 (0.063)
2024-07-10 19:51:57,335 -                train: [    INFO] - Train: 394 [  96/97 (100%)]  Loss:  0.702897 (0.7591)  Time: 0.272s, 1879.74/s  (0.278s, 1842.37/s)  LR: 1.078e-05  Data: 0.000 (0.004)
2024-07-10 19:51:57,447 -                train: [    INFO] - Test: [   0/19]  Time: 0.111 (0.111)  Loss:  0.1611 (0.1611)  Acc@1: 94.9219 (94.9219)  Acc@5: 99.6094 (99.6094)
2024-07-10 19:51:58,193 -                train: [    INFO] - Test: [  19/19]  Time: 0.027 (0.043)  Loss:  0.1176 (0.1509)  Acc@1: 96.3235 (95.1400)  Acc@5: 100.0000 (99.8300)
2024-07-10 19:51:58,366 -                train: [    INFO] - *** Best metric: 95.72999997558594 (epoch 389)
2024-07-10 19:51:58,724 -                train: [    INFO] - Train: 395 [   0/97 (  0%)]  Loss:  0.753957 (0.7540)  Time: 0.357s, 1435.15/s  (0.357s, 1435.15/s)  LR: 1.054e-05  Data: 0.085 (0.085)
2024-07-10 19:52:25,314 -                train: [    INFO] - Train: 395 [  96/97 (100%)]  Loss:  0.560170 (0.6571)  Time: 0.272s, 1882.63/s  (0.278s, 1843.14/s)  LR: 1.054e-05  Data: 0.000 (0.004)
2024-07-10 19:52:25,428 -                train: [    INFO] - Test: [   0/19]  Time: 0.112 (0.112)  Loss:  0.1614 (0.1614)  Acc@1: 93.7500 (93.7500)  Acc@5: 99.8047 (99.8047)
2024-07-10 19:52:26,176 -                train: [    INFO] - Test: [  19/19]  Time: 0.027 (0.043)  Loss:  0.1213 (0.1435)  Acc@1: 94.8529 (95.2900)  Acc@5: 100.0000 (99.8800)
2024-07-10 19:52:26,399 -                train: [    INFO] - *** Best metric: 95.72999997558594 (epoch 389)
2024-07-10 19:52:26,756 -                train: [    INFO] - Train: 396 [   0/97 (  0%)]  Loss:  0.644138 (0.6441)  Time: 0.356s, 1440.10/s  (0.356s, 1440.10/s)  LR: 1.035e-05  Data: 0.085 (0.085)
2024-07-10 19:52:53,539 -                train: [    INFO] - Train: 396 [  96/97 (100%)]  Loss:  0.445142 (0.5446)  Time: 0.272s, 1884.81/s  (0.280s, 1830.17/s)  LR: 1.035e-05  Data: 0.000 (0.004)
2024-07-10 19:52:53,647 -                train: [    INFO] - Test: [   0/19]  Time: 0.107 (0.107)  Loss:  0.1465 (0.1465)  Acc@1: 95.8984 (95.8984)  Acc@5: 99.8047 (99.8047)
2024-07-10 19:52:54,399 -                train: [    INFO] - Test: [  19/19]  Time: 0.034 (0.043)  Loss:  0.0963 (0.1431)  Acc@1: 97.0588 (95.4700)  Acc@5: 100.0000 (99.8500)
2024-07-10 19:52:54,632 - timm.utils.checkpoint_saver: [    INFO] - Current checkpoints:
 ('./output/train/20240710-164625-vitsnn-32/checkpoint-389.pth.tar', 95.72999997558594)
 ('./output/train/20240710-164625-vitsnn-32/checkpoint-396.pth.tar', 95.46999997558594)

2024-07-10 19:52:54,632 -                train: [    INFO] - *** Best metric: 95.72999997558594 (epoch 389)
2024-07-10 19:52:54,972 -                train: [    INFO] - Train: 397 [   0/97 (  0%)]  Loss:  0.720927 (0.7209)  Time: 0.338s, 1513.54/s  (0.338s, 1513.54/s)  LR: 1.019e-05  Data: 0.067 (0.067)
2024-07-10 19:53:21,706 -                train: [    INFO] - Train: 397 [  96/97 (100%)]  Loss:  0.863716 (0.7923)  Time: 0.274s, 1865.68/s  (0.279s, 1834.55/s)  LR: 1.019e-05  Data: 0.000 (0.004)
2024-07-10 19:53:21,819 -                train: [    INFO] - Test: [   0/19]  Time: 0.110 (0.110)  Loss:  0.1578 (0.1578)  Acc@1: 94.9219 (94.9219)  Acc@5: 99.8047 (99.8047)
2024-07-10 19:53:22,575 -                train: [    INFO] - Test: [  19/19]  Time: 0.042 (0.043)  Loss:  0.1255 (0.1482)  Acc@1: 95.9559 (95.4500)  Acc@5: 100.0000 (99.8800)
2024-07-10 19:53:22,749 -                train: [    INFO] - *** Best metric: 95.72999997558594 (epoch 389)
2024-07-10 19:53:23,089 -                train: [    INFO] - Train: 398 [   0/97 (  0%)]  Loss:  0.602019 (0.6020)  Time: 0.339s, 1511.23/s  (0.339s, 1511.23/s)  LR: 1.009e-05  Data: 0.069 (0.069)
2024-07-10 19:53:49,850 -                train: [    INFO] - Train: 398 [  96/97 (100%)]  Loss:  0.420382 (0.5112)  Time: 0.273s, 1873.92/s  (0.279s, 1832.77/s)  LR: 1.009e-05  Data: 0.000 (0.004)
2024-07-10 19:53:49,978 -                train: [    INFO] - Test: [   0/19]  Time: 0.126 (0.126)  Loss:  0.1353 (0.1353)  Acc@1: 95.1172 (95.1172)  Acc@5: 99.6094 (99.6094)
2024-07-10 19:53:50,725 -                train: [    INFO] - Test: [  19/19]  Time: 0.027 (0.044)  Loss:  0.1061 (0.1390)  Acc@1: 96.6912 (95.4400)  Acc@5: 100.0000 (99.8500)
2024-07-10 19:53:50,949 -                train: [    INFO] - *** Best metric: 95.72999997558594 (epoch 389)
2024-07-10 19:53:51,292 -                train: [    INFO] - Train: 399 [   0/97 (  0%)]  Loss:  0.668097 (0.6681)  Time: 0.342s, 1496.96/s  (0.342s, 1496.96/s)  LR: 1.002e-05  Data: 0.072 (0.072)
2024-07-10 19:54:18,024 -                train: [    INFO] - Train: 399 [  96/97 (100%)]  Loss:  0.788710 (0.7284)  Time: 0.272s, 1881.54/s  (0.279s, 1834.50/s)  LR: 1.002e-05  Data: 0.000 (0.004)
2024-07-10 19:54:18,135 -                train: [    INFO] - Test: [   0/19]  Time: 0.108 (0.108)  Loss:  0.1530 (0.1530)  Acc@1: 94.9219 (94.9219)  Acc@5: 99.8047 (99.8047)
2024-07-10 19:54:18,871 -                train: [    INFO] - Test: [  19/19]  Time: 0.027 (0.042)  Loss:  0.1100 (0.1498)  Acc@1: 97.0588 (95.4000)  Acc@5: 100.0000 (99.8300)
2024-07-10 19:54:19,091 -                train: [    INFO] - *** Best metric: 95.72999997558594 (epoch 389)
2024-07-10 19:54:19,438 -                train: [    INFO] - Train: 400 [   0/97 (  0%)]  Loss:  0.656932 (0.6569)  Time: 0.345s, 1482.00/s  (0.345s, 1482.00/s)  LR: 1.000e-05  Data: 0.067 (0.067)
2024-07-10 19:54:46,186 -                train: [    INFO] - Train: 400 [  96/97 (100%)]  Loss:  0.691060 (0.6740)  Time: 0.272s, 1879.52/s  (0.279s, 1833.21/s)  LR: 1.000e-05  Data: 0.000 (0.004)
2024-07-10 19:54:46,299 -                train: [    INFO] - Test: [   0/19]  Time: 0.111 (0.111)  Loss:  0.1506 (0.1506)  Acc@1: 95.3125 (95.3125)  Acc@5: 99.6094 (99.6094)
2024-07-10 19:54:47,050 -                train: [    INFO] - Test: [  19/19]  Time: 0.034 (0.043)  Loss:  0.1129 (0.1387)  Acc@1: 95.5882 (95.5200)  Acc@5: 100.0000 (99.8500)
2024-07-10 19:54:47,286 - timm.utils.checkpoint_saver: [    INFO] - Current checkpoints:
 ('./output/train/20240710-164625-vitsnn-32/checkpoint-389.pth.tar', 95.72999997558594)
 ('./output/train/20240710-164625-vitsnn-32/checkpoint-400.pth.tar', 95.52000017089844)

2024-07-10 19:54:47,286 -                train: [    INFO] - *** Best metric: 95.72999997558594 (epoch 389)
2024-07-10 19:54:47,642 -                train: [    INFO] - Train: 401 [   0/97 (  0%)]  Loss:  0.727080 (0.7271)  Time: 0.354s, 1447.81/s  (0.354s, 1447.81/s)  LR: 1.000e-05  Data: 0.083 (0.083)
2024-07-10 19:55:14,418 -                train: [    INFO] - Train: 401 [  96/97 (100%)]  Loss:  0.526381 (0.6267)  Time: 0.271s, 1885.95/s  (0.280s, 1830.70/s)  LR: 1.000e-05  Data: 0.000 (0.004)
2024-07-10 19:55:14,527 -                train: [    INFO] - Test: [   0/19]  Time: 0.107 (0.107)  Loss:  0.1268 (0.1268)  Acc@1: 95.8984 (95.8984)  Acc@5: 99.6094 (99.6094)
2024-07-10 19:55:15,272 -                train: [    INFO] - Test: [  19/19]  Time: 0.027 (0.043)  Loss:  0.1093 (0.1403)  Acc@1: 96.6912 (95.5700)  Acc@5: 100.0000 (99.9000)
2024-07-10 19:55:15,495 - timm.utils.checkpoint_saver: [    INFO] - Current checkpoints:
 ('./output/train/20240710-164625-vitsnn-32/checkpoint-389.pth.tar', 95.72999997558594)
 ('./output/train/20240710-164625-vitsnn-32/checkpoint-401.pth.tar', 95.57000002441406)

2024-07-10 19:55:15,495 -                train: [    INFO] - *** Best metric: 95.72999997558594 (epoch 389)
2024-07-10 19:55:15,830 -                train: [    INFO] - Train: 402 [   0/97 (  0%)]  Loss:  0.595444 (0.5954)  Time: 0.333s, 1535.90/s  (0.333s, 1535.90/s)  LR: 1.000e-05  Data: 0.063 (0.063)
2024-07-10 19:55:42,736 -                train: [    INFO] - Train: 402 [  96/97 (100%)]  Loss:  0.844962 (0.7202)  Time: 0.271s, 1886.48/s  (0.281s, 1823.29/s)  LR: 1.000e-05  Data: 0.000 (0.004)
2024-07-10 19:55:42,855 -                train: [    INFO] - Test: [   0/19]  Time: 0.117 (0.117)  Loss:  0.1542 (0.1542)  Acc@1: 94.9219 (94.9219)  Acc@5: 99.8047 (99.8047)
2024-07-10 19:55:43,596 -                train: [    INFO] - Test: [  19/19]  Time: 0.028 (0.043)  Loss:  0.1158 (0.1507)  Acc@1: 95.9559 (95.1900)  Acc@5: 100.0000 (99.8800)
2024-07-10 19:55:43,808 -                train: [    INFO] - *** Best metric: 95.72999997558594 (epoch 389)
2024-07-10 19:55:44,150 -                train: [    INFO] - Train: 403 [   0/97 (  0%)]  Loss:  0.786316 (0.7863)  Time: 0.341s, 1503.30/s  (0.341s, 1503.30/s)  LR: 1.000e-05  Data: 0.069 (0.069)
2024-07-10 19:56:10,913 -                train: [    INFO] - Train: 403 [  96/97 (100%)]  Loss:  0.716579 (0.7514)  Time: 0.272s, 1880.46/s  (0.279s, 1832.46/s)  LR: 1.000e-05  Data: 0.000 (0.004)
2024-07-10 19:56:11,027 -                train: [    INFO] - Test: [   0/19]  Time: 0.112 (0.112)  Loss:  0.1469 (0.1469)  Acc@1: 94.7266 (94.7266)  Acc@5: 99.6094 (99.6094)
2024-07-10 19:56:11,774 -                train: [    INFO] - Test: [  19/19]  Time: 0.039 (0.043)  Loss:  0.1096 (0.1437)  Acc@1: 95.9559 (95.2700)  Acc@5: 100.0000 (99.8600)
2024-07-10 19:56:11,960 -                train: [    INFO] - *** Best metric: 95.72999997558594 (epoch 389)
2024-07-10 19:56:12,306 -                train: [    INFO] - Train: 404 [   0/97 (  0%)]  Loss:  1.061658 (1.0617)  Time: 0.344s, 1487.90/s  (0.344s, 1487.90/s)  LR: 1.000e-05  Data: 0.074 (0.074)
2024-07-10 19:56:39,091 -                train: [    INFO] - Train: 404 [  96/97 (100%)]  Loss:  0.746885 (0.9043)  Time: 0.272s, 1882.39/s  (0.280s, 1830.74/s)  LR: 1.000e-05  Data: 0.000 (0.004)
2024-07-10 19:56:39,199 -                train: [    INFO] - Test: [   0/19]  Time: 0.106 (0.106)  Loss:  0.1389 (0.1389)  Acc@1: 95.5078 (95.5078)  Acc@5: 99.6094 (99.6094)
2024-07-10 19:56:39,936 -                train: [    INFO] - Test: [  19/19]  Time: 0.027 (0.042)  Loss:  0.0999 (0.1427)  Acc@1: 96.3235 (95.3300)  Acc@5: 100.0000 (99.8300)
2024-07-10 19:56:40,176 -                train: [    INFO] - *** Best metric: 95.72999997558594 (epoch 389)
2024-07-10 19:56:40,516 -                train: [    INFO] - Train: 405 [   0/97 (  0%)]  Loss:  0.549710 (0.5497)  Time: 0.339s, 1510.24/s  (0.339s, 1510.24/s)  LR: 1.000e-05  Data: 0.068 (0.068)
2024-07-10 19:57:07,197 -                train: [    INFO] - Train: 405 [  96/97 (100%)]  Loss:  0.571113 (0.5604)  Time: 0.272s, 1884.11/s  (0.279s, 1838.15/s)  LR: 1.000e-05  Data: 0.000 (0.004)
2024-07-10 19:57:07,307 -                train: [    INFO] - Test: [   0/19]  Time: 0.108 (0.108)  Loss:  0.1432 (0.1432)  Acc@1: 95.1172 (95.1172)  Acc@5: 99.8047 (99.8047)
2024-07-10 19:57:08,079 -                train: [    INFO] - Test: [  19/19]  Time: 0.042 (0.044)  Loss:  0.1222 (0.1408)  Acc@1: 96.6912 (95.4200)  Acc@5: 100.0000 (99.9100)
2024-07-10 19:57:08,308 -                train: [    INFO] - *** Best metric: 95.72999997558594 (epoch 389)
2024-07-10 19:57:08,655 -                train: [    INFO] - Train: 406 [   0/97 (  0%)]  Loss:  0.745657 (0.7457)  Time: 0.346s, 1478.96/s  (0.346s, 1478.96/s)  LR: 1.000e-05  Data: 0.075 (0.075)
2024-07-10 19:57:35,423 -                train: [    INFO] - Train: 406 [  96/97 (100%)]  Loss:  0.503405 (0.6245)  Time: 0.271s, 1886.80/s  (0.280s, 1831.78/s)  LR: 1.000e-05  Data: 0.000 (0.004)
2024-07-10 19:57:35,536 -                train: [    INFO] - Test: [   0/19]  Time: 0.111 (0.111)  Loss:  0.1473 (0.1473)  Acc@1: 95.1172 (95.1172)  Acc@5: 99.6094 (99.6094)
2024-07-10 19:57:36,294 -                train: [    INFO] - Test: [  19/19]  Time: 0.034 (0.043)  Loss:  0.1094 (0.1456)  Acc@1: 96.3235 (95.2400)  Acc@5: 100.0000 (99.8500)
2024-07-10 19:57:36,464 -                train: [    INFO] - *** Best metric: 95.72999997558594 (epoch 389)
2024-07-10 19:57:36,829 -                train: [    INFO] - Train: 407 [   0/97 (  0%)]  Loss:  0.852971 (0.8530)  Time: 0.363s, 1409.36/s  (0.363s, 1409.36/s)  LR: 1.000e-05  Data: 0.092 (0.092)
2024-07-10 19:58:03,765 -                train: [    INFO] - Train: 407 [  96/97 (100%)]  Loss:  0.574138 (0.7136)  Time: 0.272s, 1885.06/s  (0.281s, 1819.37/s)  LR: 1.000e-05  Data: 0.000 (0.004)
2024-07-10 19:58:03,872 -                train: [    INFO] - Test: [   0/19]  Time: 0.106 (0.106)  Loss:  0.1362 (0.1362)  Acc@1: 95.7031 (95.7031)  Acc@5: 99.6094 (99.6094)
2024-07-10 19:58:04,591 -                train: [    INFO] - Test: [  19/19]  Time: 0.024 (0.041)  Loss:  0.1155 (0.1411)  Acc@1: 95.9559 (95.4100)  Acc@5: 100.0000 (99.8500)
2024-07-10 19:58:04,761 -                train: [    INFO] - *** Best metric: 95.72999997558594 (epoch 389)
2024-07-10 19:58:05,135 -                train: [    INFO] - Train: 408 [   0/97 (  0%)]  Loss:  0.755582 (0.7556)  Time: 0.372s, 1376.27/s  (0.372s, 1376.27/s)  LR: 1.000e-05  Data: 0.101 (0.101)
2024-07-10 19:58:31,691 -                train: [    INFO] - Train: 408 [  96/97 (100%)]  Loss:  0.615364 (0.6855)  Time: 0.272s, 1883.31/s  (0.278s, 1844.42/s)  LR: 1.000e-05  Data: 0.000 (0.004)
2024-07-10 19:58:31,802 -                train: [    INFO] - Test: [   0/19]  Time: 0.108 (0.108)  Loss:  0.1520 (0.1520)  Acc@1: 95.1172 (95.1172)  Acc@5: 99.6094 (99.6094)
2024-07-10 19:58:32,557 -                train: [    INFO] - Test: [  19/19]  Time: 0.027 (0.043)  Loss:  0.1250 (0.1412)  Acc@1: 95.5882 (95.3200)  Acc@5: 100.0000 (99.8900)
2024-07-10 19:58:32,781 -                train: [    INFO] - *** Best metric: 95.72999997558594 (epoch 389)
2024-07-10 19:58:33,133 -                train: [    INFO] - Train: 409 [   0/97 (  0%)]  Loss:  0.571342 (0.5713)  Time: 0.350s, 1461.94/s  (0.350s, 1461.94/s)  LR: 1.000e-05  Data: 0.080 (0.080)
2024-07-10 19:58:59,853 -                train: [    INFO] - Train: 409 [  96/97 (100%)]  Loss:  0.611015 (0.5912)  Time: 0.271s, 1886.49/s  (0.279s, 1834.71/s)  LR: 1.000e-05  Data: 0.000 (0.005)
2024-07-10 19:58:59,962 -                train: [    INFO] - Test: [   0/19]  Time: 0.107 (0.107)  Loss:  0.1547 (0.1547)  Acc@1: 95.5078 (95.5078)  Acc@5: 99.6094 (99.6094)
2024-07-10 19:59:00,699 -                train: [    INFO] - Test: [  19/19]  Time: 0.027 (0.042)  Loss:  0.1052 (0.1514)  Acc@1: 96.6912 (95.3100)  Acc@5: 100.0000 (99.8500)
2024-07-10 19:59:00,901 -                train: [    INFO] - *** Best metric: 95.72999997558594 (epoch 389)
2024-07-10 19:59:00,901 -                train: [    INFO] - *** Best metric: 95.72999997558594 (epoch 389)
