2024-07-10 13:19:44,962 -                train: [    INFO] - Training in distributed mode with multiple processes, 1 GPU per process. Process 1, total 4.
2024-07-10 13:19:44,962 -                train: [    INFO] - Training in distributed mode with multiple processes, 1 GPU per process. Process 2, total 4.
2024-07-10 13:19:44,967 -                train: [    INFO] - Training in distributed mode with multiple processes, 1 GPU per process. Process 3, total 4.
2024-07-10 13:19:44,970 -                train: [    INFO] - Training in distributed mode with multiple processes, 1 GPU per process. Process 0, total 4.
2024-07-10 13:19:45,045 -                train: [    INFO] - Model vitsnn created, param count:9384184
2024-07-10 13:19:45,045 -     timm.data.config: [    INFO] - Data processing configuration for current model + dataset:
2024-07-10 13:19:45,046 -     timm.data.config: [    INFO] - 	input_size: (3, 32, 32)
2024-07-10 13:19:45,046 -     timm.data.config: [    INFO] - 	interpolation: bicubic
2024-07-10 13:19:45,046 -     timm.data.config: [    INFO] - 	mean: (0.4914, 0.4822, 0.4465)
2024-07-10 13:19:45,046 -     timm.data.config: [    INFO] - 	std: (0.247, 0.2435, 0.2616)
2024-07-10 13:19:45,046 -     timm.data.config: [    INFO] - 	crop_pct: 1.0
2024-07-10 13:19:45,345 -                train: [    INFO] - Using native Torch AMP. Training in mixed precision.
2024-07-10 13:19:45,345 -                train: [    INFO] - Using native Torch DistributedDataParallel.
2024-07-10 13:19:45,686 -                train: [    INFO] - Scheduled epochs: 410
2024-07-10 13:19:50,982 -                train: [    INFO] - Train: 0 [   0/97 (  0%)]  Loss:  4.632973 (4.6330)  Time: 1.412s,  362.72/s  (1.412s,  362.72/s)  LR: 1.000e-05  Data: 0.418 (0.418)
2024-07-10 13:20:17,654 -                train: [    INFO] - Train: 0 [  96/97 (100%)]  Loss:  4.534689 (4.5838)  Time: 0.273s, 1875.32/s  (0.289s, 1768.64/s)  LR: 1.000e-05  Data: 0.000 (0.008)
2024-07-10 13:20:18,297 -                train: [    INFO] - Test: [   0/19]  Time: 0.641 (0.641)  Loss:  4.4531 (4.4531)  Acc@1:  3.7109 ( 3.7109)  Acc@5: 12.8906 (12.8906)
2024-07-10 13:20:19,064 -                train: [    INFO] - Test: [  19/19]  Time: 0.065 (0.070)  Loss:  4.4102 (4.4412)  Acc@1:  2.9412 ( 4.3000)  Acc@5: 13.6029 (16.1100)
2024-07-10 13:20:19,297 - timm.utils.checkpoint_saver: [    INFO] - Current checkpoints:
 ('./output/train/20240710-131949-vitsnn-32/checkpoint-0.pth.tar', 4.299999998474121)

2024-07-10 13:20:19,298 -                train: [    INFO] - *** Best metric: 4.299999998474121 (epoch 0)
2024-07-10 13:20:19,658 -                train: [    INFO] - Train: 1 [   0/97 (  0%)]  Loss:  4.552618 (4.5526)  Time: 0.358s, 1428.42/s  (0.358s, 1428.42/s)  LR: 8.021e-05  Data: 0.089 (0.089)
2024-07-10 13:20:46,306 -                train: [    INFO] - Train: 1 [  96/97 (100%)]  Loss:  4.271290 (4.4120)  Time: 0.272s, 1879.31/s  (0.278s, 1839.10/s)  LR: 8.021e-05  Data: 0.000 (0.004)
2024-07-10 13:20:46,445 -                train: [    INFO] - Test: [   0/19]  Time: 0.137 (0.137)  Loss:  4.0742 (4.0742)  Acc@1:  7.6172 ( 7.6172)  Acc@5: 29.1016 (29.1016)
2024-07-10 13:20:47,199 -                train: [    INFO] - Test: [  19/19]  Time: 0.028 (0.045)  Loss:  4.0039 (4.0454)  Acc@1: 10.6618 ( 9.9500)  Acc@5: 27.9412 (27.7100)
2024-07-10 13:20:47,362 - timm.utils.checkpoint_saver: [    INFO] - Current checkpoints:
 ('./output/train/20240710-131949-vitsnn-32/checkpoint-1.pth.tar', 9.949999984741211)
 ('./output/train/20240710-131949-vitsnn-32/checkpoint-0.pth.tar', 4.299999998474121)

2024-07-10 13:20:47,362 -                train: [    INFO] - *** Best metric: 9.949999984741211 (epoch 1)
2024-07-10 13:20:47,717 -                train: [    INFO] - Train: 2 [   0/97 (  0%)]  Loss:  4.339362 (4.3394)  Time: 0.354s, 1446.10/s  (0.354s, 1446.10/s)  LR: 1.504e-04  Data: 0.084 (0.084)
2024-07-10 13:21:14,217 -                train: [    INFO] - Train: 2 [  96/97 (100%)]  Loss:  4.154031 (4.2467)  Time: 0.272s, 1883.27/s  (0.277s, 1849.55/s)  LR: 1.504e-04  Data: 0.000 (0.004)
2024-07-10 13:21:14,338 -                train: [    INFO] - Test: [   0/19]  Time: 0.119 (0.119)  Loss:  3.8203 (3.8203)  Acc@1: 12.5000 (12.5000)  Acc@5: 34.3750 (34.3750)
2024-07-10 13:21:15,049 -                train: [    INFO] - Test: [  19/19]  Time: 0.025 (0.042)  Loss:  3.7930 (3.7930)  Acc@1: 11.7647 (12.8500)  Acc@5: 37.5000 (35.6500)
2024-07-10 13:21:15,234 - timm.utils.checkpoint_saver: [    INFO] - Current checkpoints:
 ('./output/train/20240710-131949-vitsnn-32/checkpoint-2.pth.tar', 12.849999993896484)
 ('./output/train/20240710-131949-vitsnn-32/checkpoint-1.pth.tar', 9.949999984741211)

2024-07-10 13:21:15,234 -                train: [    INFO] - *** Best metric: 12.849999993896484 (epoch 2)
2024-07-10 13:21:15,588 -                train: [    INFO] - Train: 3 [   0/97 (  0%)]  Loss:  4.133493 (4.1335)  Time: 0.353s, 1450.99/s  (0.353s, 1450.99/s)  LR: 2.206e-04  Data: 0.071 (0.071)
2024-07-10 13:21:42,406 -                train: [    INFO] - Train: 3 [  96/97 (100%)]  Loss:  4.055017 (4.0943)  Time: 0.271s, 1887.92/s  (0.280s, 1827.99/s)  LR: 2.206e-04  Data: 0.000 (0.004)
2024-07-10 13:21:42,523 -                train: [    INFO] - Test: [   0/19]  Time: 0.115 (0.115)  Loss:  3.5176 (3.5176)  Acc@1: 16.0156 (16.0156)  Acc@5: 43.7500 (43.7500)
2024-07-10 13:21:43,259 -                train: [    INFO] - Test: [  19/19]  Time: 0.028 (0.043)  Loss:  3.4668 (3.4604)  Acc@1: 21.3235 (17.8900)  Acc@5: 47.0588 (44.4400)
2024-07-10 13:21:43,447 - timm.utils.checkpoint_saver: [    INFO] - Current checkpoints:
 ('./output/train/20240710-131949-vitsnn-32/checkpoint-3.pth.tar', 17.88999996948242)
 ('./output/train/20240710-131949-vitsnn-32/checkpoint-2.pth.tar', 12.849999993896484)

2024-07-10 13:21:43,447 -                train: [    INFO] - *** Best metric: 17.88999996948242 (epoch 3)
2024-07-10 13:21:43,802 -                train: [    INFO] - Train: 4 [   0/97 (  0%)]  Loss:  3.919403 (3.9194)  Time: 0.352s, 1454.34/s  (0.352s, 1454.34/s)  LR: 2.908e-04  Data: 0.082 (0.082)
2024-07-10 13:22:10,476 -                train: [    INFO] - Train: 4 [  96/97 (100%)]  Loss:  3.717419 (3.8184)  Time: 0.271s, 1888.61/s  (0.279s, 1837.74/s)  LR: 2.908e-04  Data: 0.000 (0.004)
2024-07-10 13:22:10,591 -                train: [    INFO] - Test: [   0/19]  Time: 0.113 (0.113)  Loss:  3.3105 (3.3105)  Acc@1: 20.7031 (20.7031)  Acc@5: 49.0234 (49.0234)
2024-07-10 13:22:11,333 -                train: [    INFO] - Test: [  19/19]  Time: 0.032 (0.043)  Loss:  3.1992 (3.2461)  Acc@1: 24.6324 (21.6400)  Acc@5: 52.2059 (50.1800)
2024-07-10 13:22:11,553 - timm.utils.checkpoint_saver: [    INFO] - Current checkpoints:
 ('./output/train/20240710-131949-vitsnn-32/checkpoint-4.pth.tar', 21.63999999694824)
 ('./output/train/20240710-131949-vitsnn-32/checkpoint-3.pth.tar', 17.88999996948242)

2024-07-10 13:22:11,553 -                train: [    INFO] - *** Best metric: 21.63999999694824 (epoch 4)
2024-07-10 13:22:11,900 -                train: [    INFO] - Train: 5 [   0/97 (  0%)]  Loss:  3.891252 (3.8913)  Time: 0.346s, 1480.96/s  (0.346s, 1480.96/s)  LR: 3.611e-04  Data: 0.076 (0.076)
2024-07-10 13:22:38,582 -                train: [    INFO] - Train: 5 [  96/97 (100%)]  Loss:  3.693960 (3.7926)  Time: 0.271s, 1888.35/s  (0.279s, 1837.71/s)  LR: 3.611e-04  Data: 0.000 (0.004)
2024-07-10 13:22:38,695 -                train: [    INFO] - Test: [   0/19]  Time: 0.113 (0.113)  Loss:  3.0488 (3.0488)  Acc@1: 26.1719 (26.1719)  Acc@5: 54.8828 (54.8828)
2024-07-10 13:22:39,416 -                train: [    INFO] - Test: [  19/19]  Time: 0.029 (0.042)  Loss:  2.9590 (2.9957)  Acc@1: 26.8382 (25.9900)  Acc@5: 58.4559 (57.6200)
2024-07-10 13:22:39,587 - timm.utils.checkpoint_saver: [    INFO] - Current checkpoints:
 ('./output/train/20240710-131949-vitsnn-32/checkpoint-5.pth.tar', 25.989999963378907)
 ('./output/train/20240710-131949-vitsnn-32/checkpoint-4.pth.tar', 21.63999999694824)

2024-07-10 13:22:39,588 -                train: [    INFO] - *** Best metric: 25.989999963378907 (epoch 5)
2024-07-10 13:22:39,923 -                train: [    INFO] - Train: 6 [   0/97 (  0%)]  Loss:  3.811092 (3.8111)  Time: 0.335s, 1530.36/s  (0.335s, 1530.36/s)  LR: 4.313e-04  Data: 0.065 (0.065)
2024-07-10 13:23:06,666 -                train: [    INFO] - Train: 6 [  96/97 (100%)]  Loss:  3.644528 (3.7278)  Time: 0.274s, 1871.22/s  (0.279s, 1834.30/s)  LR: 4.313e-04  Data: 0.000 (0.005)
2024-07-10 13:23:06,777 -                train: [    INFO] - Test: [   0/19]  Time: 0.108 (0.108)  Loss:  2.7734 (2.7734)  Acc@1: 33.7891 (33.7891)  Acc@5: 61.1328 (61.1328)
2024-07-10 13:23:07,502 -                train: [    INFO] - Test: [  19/19]  Time: 0.024 (0.042)  Loss:  2.8262 (2.7721)  Acc@1: 31.2500 (30.6200)  Acc@5: 61.7647 (62.6700)
2024-07-10 13:23:07,666 - timm.utils.checkpoint_saver: [    INFO] - Current checkpoints:
 ('./output/train/20240710-131949-vitsnn-32/checkpoint-6.pth.tar', 30.62)
 ('./output/train/20240710-131949-vitsnn-32/checkpoint-5.pth.tar', 25.989999963378907)

2024-07-10 13:23:07,667 -                train: [    INFO] - *** Best metric: 30.62 (epoch 6)
2024-07-10 13:23:08,006 -                train: [    INFO] - Train: 7 [   0/97 (  0%)]  Loss:  3.503412 (3.5034)  Time: 0.339s, 1512.43/s  (0.339s, 1512.43/s)  LR: 5.015e-04  Data: 0.068 (0.068)
2024-07-10 13:23:34,578 -                train: [    INFO] - Train: 7 [  96/97 (100%)]  Loss:  3.695738 (3.5996)  Time: 0.272s, 1885.02/s  (0.277s, 1845.66/s)  LR: 5.015e-04  Data: 0.000 (0.004)
2024-07-10 13:23:34,689 -                train: [    INFO] - Test: [   0/19]  Time: 0.108 (0.108)  Loss:  2.6973 (2.6973)  Acc@1: 34.9609 (34.9609)  Acc@5: 65.4297 (65.4297)
2024-07-10 13:23:35,417 -                train: [    INFO] - Test: [  19/19]  Time: 0.034 (0.042)  Loss:  2.7305 (2.6400)  Acc@1: 33.0882 (34.0000)  Acc@5: 59.9265 (65.5100)
2024-07-10 13:23:35,585 - timm.utils.checkpoint_saver: [    INFO] - Current checkpoints:
 ('./output/train/20240710-131949-vitsnn-32/checkpoint-7.pth.tar', 33.999999963378905)
 ('./output/train/20240710-131949-vitsnn-32/checkpoint-6.pth.tar', 30.62)

2024-07-10 13:23:35,585 -                train: [    INFO] - *** Best metric: 33.999999963378905 (epoch 7)
2024-07-10 13:23:35,939 -                train: [    INFO] - Train: 8 [   0/97 (  0%)]  Loss:  3.368274 (3.3683)  Time: 0.352s, 1454.16/s  (0.352s, 1454.16/s)  LR: 5.717e-04  Data: 0.077 (0.077)
2024-07-10 13:24:02,645 -                train: [    INFO] - Train: 8 [  96/97 (100%)]  Loss:  3.141180 (3.2547)  Time: 0.271s, 1887.09/s  (0.279s, 1835.59/s)  LR: 5.717e-04  Data: 0.000 (0.004)
2024-07-10 13:24:02,759 -                train: [    INFO] - Test: [   0/19]  Time: 0.112 (0.112)  Loss:  2.4844 (2.4844)  Acc@1: 38.0859 (38.0859)  Acc@5: 71.0938 (71.0938)
2024-07-10 13:24:03,487 -                train: [    INFO] - Test: [  19/19]  Time: 0.034 (0.042)  Loss:  2.4590 (2.4804)  Acc@1: 40.4412 (37.1400)  Acc@5: 66.9118 (68.7700)
2024-07-10 13:24:03,653 - timm.utils.checkpoint_saver: [    INFO] - Current checkpoints:
 ('./output/train/20240710-131949-vitsnn-32/checkpoint-8.pth.tar', 37.140000024414064)
 ('./output/train/20240710-131949-vitsnn-32/checkpoint-7.pth.tar', 33.999999963378905)

2024-07-10 13:24:03,653 -                train: [    INFO] - *** Best metric: 37.140000024414064 (epoch 8)
2024-07-10 13:24:03,994 -                train: [    INFO] - Train: 9 [   0/97 (  0%)]  Loss:  3.352660 (3.3527)  Time: 0.339s, 1508.42/s  (0.339s, 1508.42/s)  LR: 6.419e-04  Data: 0.069 (0.069)
2024-07-10 13:24:30,517 -                train: [    INFO] - Train: 9 [  96/97 (100%)]  Loss:  2.999694 (3.1762)  Time: 0.272s, 1883.07/s  (0.277s, 1849.02/s)  LR: 6.419e-04  Data: 0.000 (0.004)
2024-07-10 13:24:30,638 -                train: [    INFO] - Test: [   0/19]  Time: 0.119 (0.119)  Loss:  2.4004 (2.4004)  Acc@1: 40.0391 (40.0391)  Acc@5: 69.3359 (69.3359)
2024-07-10 13:24:31,354 -                train: [    INFO] - Test: [  19/19]  Time: 0.023 (0.042)  Loss:  2.4316 (2.3809)  Acc@1: 35.6618 (38.7000)  Acc@5: 64.7059 (70.6000)
2024-07-10 13:24:31,573 - timm.utils.checkpoint_saver: [    INFO] - Current checkpoints:
 ('./output/train/20240710-131949-vitsnn-32/checkpoint-9.pth.tar', 38.70000003662109)
 ('./output/train/20240710-131949-vitsnn-32/checkpoint-8.pth.tar', 37.140000024414064)

2024-07-10 13:24:31,574 -                train: [    INFO] - *** Best metric: 38.70000003662109 (epoch 9)
2024-07-10 13:24:31,918 -                train: [    INFO] - Train: 10 [   0/97 (  0%)]  Loss:  3.461626 (3.4616)  Time: 0.343s, 1492.42/s  (0.343s, 1492.42/s)  LR: 7.121e-04  Data: 0.073 (0.073)
2024-07-10 13:24:58,605 -                train: [    INFO] - Train: 10 [  96/97 (100%)]  Loss:  3.328947 (3.3953)  Time: 0.272s, 1885.58/s  (0.279s, 1837.47/s)  LR: 7.121e-04  Data: 0.000 (0.004)
2024-07-10 13:24:58,720 -                train: [    INFO] - Test: [   0/19]  Time: 0.113 (0.113)  Loss:  2.3047 (2.3047)  Acc@1: 41.2109 (41.2109)  Acc@5: 73.4375 (73.4375)
2024-07-10 13:24:59,439 -                train: [    INFO] - Test: [  19/19]  Time: 0.024 (0.042)  Loss:  2.3086 (2.2465)  Acc@1: 41.5441 (41.9900)  Acc@5: 69.1176 (73.5500)
2024-07-10 13:24:59,608 - timm.utils.checkpoint_saver: [    INFO] - Current checkpoints:
 ('./output/train/20240710-131949-vitsnn-32/checkpoint-10.pth.tar', 41.99000008544922)
 ('./output/train/20240710-131949-vitsnn-32/checkpoint-9.pth.tar', 38.70000003662109)

2024-07-10 13:24:59,608 -                train: [    INFO] - *** Best metric: 41.99000008544922 (epoch 10)
2024-07-10 13:24:59,952 -                train: [    INFO] - Train: 11 [   0/97 (  0%)]  Loss:  3.073426 (3.0734)  Time: 0.342s, 1495.49/s  (0.342s, 1495.49/s)  LR: 7.823e-04  Data: 0.072 (0.072)
2024-07-10 13:25:26,526 -                train: [    INFO] - Train: 11 [  96/97 (100%)]  Loss:  3.040936 (3.0572)  Time: 0.272s, 1881.34/s  (0.277s, 1845.20/s)  LR: 7.823e-04  Data: 0.000 (0.004)
2024-07-10 13:25:26,642 -                train: [    INFO] - Test: [   0/19]  Time: 0.113 (0.113)  Loss:  2.1680 (2.1680)  Acc@1: 47.0703 (47.0703)  Acc@5: 75.5859 (75.5859)
2024-07-10 13:25:27,360 -                train: [    INFO] - Test: [  19/19]  Time: 0.024 (0.042)  Loss:  2.1562 (2.1286)  Acc@1: 44.1176 (44.9100)  Acc@5: 72.7941 (76.5400)
2024-07-10 13:25:27,611 - timm.utils.checkpoint_saver: [    INFO] - Current checkpoints:
 ('./output/train/20240710-131949-vitsnn-32/checkpoint-11.pth.tar', 44.91000005493164)
 ('./output/train/20240710-131949-vitsnn-32/checkpoint-10.pth.tar', 41.99000008544922)

2024-07-10 13:25:27,611 -                train: [    INFO] - *** Best metric: 44.91000005493164 (epoch 11)
2024-07-10 13:25:27,956 -                train: [    INFO] - Train: 12 [   0/97 (  0%)]  Loss:  2.907986 (2.9080)  Time: 0.343s, 1494.58/s  (0.343s, 1494.58/s)  LR: 8.525e-04  Data: 0.073 (0.073)
2024-07-10 13:25:54,705 -                train: [    INFO] - Train: 12 [  96/97 (100%)]  Loss:  3.078932 (2.9935)  Time: 0.274s, 1871.76/s  (0.279s, 1833.29/s)  LR: 8.525e-04  Data: 0.000 (0.004)
2024-07-10 13:25:54,825 -                train: [    INFO] - Test: [   0/19]  Time: 0.118 (0.118)  Loss:  2.1055 (2.1055)  Acc@1: 45.7031 (45.7031)  Acc@5: 76.7578 (76.7578)
2024-07-10 13:25:55,548 -                train: [    INFO] - Test: [  19/19]  Time: 0.024 (0.042)  Loss:  2.1289 (2.1219)  Acc@1: 45.5882 (44.8500)  Acc@5: 75.3676 (76.1100)
2024-07-10 13:25:55,801 - timm.utils.checkpoint_saver: [    INFO] - Current checkpoints:
 ('./output/train/20240710-131949-vitsnn-32/checkpoint-11.pth.tar', 44.91000005493164)
 ('./output/train/20240710-131949-vitsnn-32/checkpoint-12.pth.tar', 44.85000006713867)

2024-07-10 13:25:55,802 -                train: [    INFO] - *** Best metric: 44.91000005493164 (epoch 11)
2024-07-10 13:25:56,147 -                train: [    INFO] - Train: 13 [   0/97 (  0%)]  Loss:  2.933926 (2.9339)  Time: 0.343s, 1492.96/s  (0.343s, 1492.96/s)  LR: 9.227e-04  Data: 0.070 (0.070)
2024-07-10 13:26:22,914 -                train: [    INFO] - Train: 13 [  96/97 (100%)]  Loss:  3.139853 (3.0369)  Time: 0.272s, 1885.46/s  (0.279s, 1832.12/s)  LR: 9.227e-04  Data: 0.000 (0.004)
2024-07-10 13:26:23,030 -                train: [    INFO] - Test: [   0/19]  Time: 0.115 (0.115)  Loss:  1.9219 (1.9219)  Acc@1: 52.3438 (52.3438)  Acc@5: 78.5156 (78.5156)
2024-07-10 13:26:23,794 -                train: [    INFO] - Test: [  19/19]  Time: 0.031 (0.044)  Loss:  2.0879 (1.9302)  Acc@1: 48.5294 (49.0700)  Acc@5: 76.4706 (79.6500)
2024-07-10 13:26:24,016 - timm.utils.checkpoint_saver: [    INFO] - Current checkpoints:
 ('./output/train/20240710-131949-vitsnn-32/checkpoint-13.pth.tar', 49.06999998779297)
 ('./output/train/20240710-131949-vitsnn-32/checkpoint-11.pth.tar', 44.91000005493164)

2024-07-10 13:26:24,016 -                train: [    INFO] - *** Best metric: 49.06999998779297 (epoch 13)
2024-07-10 13:26:24,356 -                train: [    INFO] - Train: 14 [   0/97 (  0%)]  Loss:  2.702387 (2.7024)  Time: 0.333s, 1537.36/s  (0.333s, 1537.36/s)  LR: 9.929e-04  Data: 0.063 (0.063)
2024-07-10 13:26:50,918 -                train: [    INFO] - Train: 14 [  96/97 (100%)]  Loss:  2.944660 (2.8235)  Time: 0.271s, 1886.28/s  (0.277s, 1846.72/s)  LR: 9.929e-04  Data: 0.000 (0.004)
2024-07-10 13:26:51,034 -                train: [    INFO] - Test: [   0/19]  Time: 0.115 (0.115)  Loss:  1.9561 (1.9561)  Acc@1: 48.8281 (48.8281)  Acc@5: 79.8828 (79.8828)
2024-07-10 13:26:51,791 -                train: [    INFO] - Test: [  19/19]  Time: 0.041 (0.044)  Loss:  1.9971 (1.9046)  Acc@1: 50.3676 (50.2800)  Acc@5: 76.8382 (79.8800)
2024-07-10 13:26:51,984 - timm.utils.checkpoint_saver: [    INFO] - Current checkpoints:
 ('./output/train/20240710-131949-vitsnn-32/checkpoint-14.pth.tar', 50.279999951171874)
 ('./output/train/20240710-131949-vitsnn-32/checkpoint-13.pth.tar', 49.06999998779297)

2024-07-10 13:26:51,984 -                train: [    INFO] - *** Best metric: 50.279999951171874 (epoch 14)
2024-07-10 13:26:52,339 -                train: [    INFO] - Train: 15 [   0/97 (  0%)]  Loss:  2.767729 (2.7677)  Time: 0.353s, 1451.01/s  (0.353s, 1451.01/s)  LR: 1.063e-03  Data: 0.082 (0.082)
2024-07-10 13:27:19,120 -                train: [    INFO] - Train: 15 [  96/97 (100%)]  Loss:  2.913708 (2.8407)  Time: 0.274s, 1871.33/s  (0.280s, 1830.43/s)  LR: 1.063e-03  Data: 0.000 (0.004)
2024-07-10 13:27:19,235 -                train: [    INFO] - Test: [   0/19]  Time: 0.113 (0.113)  Loss:  1.9238 (1.9238)  Acc@1: 50.7812 (50.7812)  Acc@5: 80.0781 (80.0781)
2024-07-10 13:27:19,980 -                train: [    INFO] - Test: [  19/19]  Time: 0.034 (0.043)  Loss:  1.9463 (1.9006)  Acc@1: 47.0588 (49.5400)  Acc@5: 77.9412 (79.3000)
2024-07-10 13:27:20,156 - timm.utils.checkpoint_saver: [    INFO] - Current checkpoints:
 ('./output/train/20240710-131949-vitsnn-32/checkpoint-14.pth.tar', 50.279999951171874)
 ('./output/train/20240710-131949-vitsnn-32/checkpoint-15.pth.tar', 49.539999975585935)

2024-07-10 13:27:20,156 -                train: [    INFO] - *** Best metric: 50.279999951171874 (epoch 14)
2024-07-10 13:27:20,500 -                train: [    INFO] - Train: 16 [   0/97 (  0%)]  Loss:  2.648138 (2.6481)  Time: 0.343s, 1494.34/s  (0.343s, 1494.34/s)  LR: 1.133e-03  Data: 0.069 (0.069)
2024-07-10 13:27:47,116 -                train: [    INFO] - Train: 16 [  96/97 (100%)]  Loss:  3.076836 (2.8625)  Time: 0.272s, 1885.65/s  (0.278s, 1842.36/s)  LR: 1.133e-03  Data: 0.000 (0.004)
2024-07-10 13:27:47,227 -                train: [    INFO] - Test: [   0/19]  Time: 0.110 (0.110)  Loss:  1.8711 (1.8711)  Acc@1: 50.9766 (50.9766)  Acc@5: 79.8828 (79.8828)
2024-07-10 13:27:47,966 -                train: [    INFO] - Test: [  19/19]  Time: 0.027 (0.042)  Loss:  1.9277 (1.8528)  Acc@1: 52.2059 (51.3600)  Acc@5: 77.2059 (80.9100)
2024-07-10 13:27:48,148 - timm.utils.checkpoint_saver: [    INFO] - Current checkpoints:
 ('./output/train/20240710-131949-vitsnn-32/checkpoint-16.pth.tar', 51.359999914550784)
 ('./output/train/20240710-131949-vitsnn-32/checkpoint-14.pth.tar', 50.279999951171874)

2024-07-10 13:27:48,149 -                train: [    INFO] - *** Best metric: 51.359999914550784 (epoch 16)
2024-07-10 13:27:48,495 -                train: [    INFO] - Train: 17 [   0/97 (  0%)]  Loss:  2.804902 (2.8049)  Time: 0.345s, 1484.24/s  (0.345s, 1484.24/s)  LR: 1.204e-03  Data: 0.071 (0.071)
2024-07-10 13:28:15,064 -                train: [    INFO] - Train: 17 [  96/97 (100%)]  Loss:  2.829808 (2.8174)  Time: 0.271s, 1888.03/s  (0.277s, 1845.40/s)  LR: 1.204e-03  Data: 0.000 (0.004)
2024-07-10 13:28:15,179 -                train: [    INFO] - Test: [   0/19]  Time: 0.114 (0.114)  Loss:  1.9199 (1.9199)  Acc@1: 51.7578 (51.7578)  Acc@5: 77.3438 (77.3438)
2024-07-10 13:28:15,914 -                train: [    INFO] - Test: [  19/19]  Time: 0.027 (0.042)  Loss:  1.8633 (1.8527)  Acc@1: 52.9412 (51.8900)  Acc@5: 77.9412 (80.5400)
2024-07-10 13:28:16,135 - timm.utils.checkpoint_saver: [    INFO] - Current checkpoints:
 ('./output/train/20240710-131949-vitsnn-32/checkpoint-17.pth.tar', 51.890000024414064)
 ('./output/train/20240710-131949-vitsnn-32/checkpoint-16.pth.tar', 51.359999914550784)

2024-07-10 13:28:16,135 -                train: [    INFO] - *** Best metric: 51.890000024414064 (epoch 17)
2024-07-10 13:28:16,474 -                train: [    INFO] - Train: 18 [   0/97 (  0%)]  Loss:  2.820230 (2.8202)  Time: 0.338s, 1515.72/s  (0.338s, 1515.72/s)  LR: 1.274e-03  Data: 0.067 (0.067)
2024-07-10 13:28:43,264 -                train: [    INFO] - Train: 18 [  96/97 (100%)]  Loss:  2.848833 (2.8345)  Time: 0.271s, 1886.29/s  (0.280s, 1830.93/s)  LR: 1.274e-03  Data: 0.000 (0.004)
2024-07-10 13:28:43,373 -                train: [    INFO] - Test: [   0/19]  Time: 0.108 (0.108)  Loss:  1.7041 (1.7041)  Acc@1: 56.0547 (56.0547)  Acc@5: 83.0078 (83.0078)
2024-07-10 13:28:44,121 -                train: [    INFO] - Test: [  19/19]  Time: 0.034 (0.043)  Loss:  1.7363 (1.7191)  Acc@1: 56.2500 (54.2100)  Acc@5: 82.7206 (82.8600)
2024-07-10 13:28:44,310 - timm.utils.checkpoint_saver: [    INFO] - Current checkpoints:
 ('./output/train/20240710-131949-vitsnn-32/checkpoint-18.pth.tar', 54.21)
 ('./output/train/20240710-131949-vitsnn-32/checkpoint-17.pth.tar', 51.890000024414064)

2024-07-10 13:28:44,310 -                train: [    INFO] - *** Best metric: 54.21 (epoch 18)
2024-07-10 13:28:44,661 -                train: [    INFO] - Train: 19 [   0/97 (  0%)]  Loss:  2.683506 (2.6835)  Time: 0.350s, 1464.56/s  (0.350s, 1464.56/s)  LR: 1.344e-03  Data: 0.079 (0.079)
2024-07-10 13:29:11,146 -                train: [    INFO] - Train: 19 [  96/97 (100%)]  Loss:  2.383199 (2.5334)  Time: 0.272s, 1885.59/s  (0.277s, 1850.89/s)  LR: 1.344e-03  Data: 0.000 (0.004)
2024-07-10 13:29:11,252 -                train: [    INFO] - Test: [   0/19]  Time: 0.104 (0.104)  Loss:  1.6855 (1.6855)  Acc@1: 57.2266 (57.2266)  Acc@5: 83.0078 (83.0078)
2024-07-10 13:29:12,002 -                train: [    INFO] - Test: [  19/19]  Time: 0.035 (0.043)  Loss:  1.6250 (1.6700)  Acc@1: 58.4559 (54.8900)  Acc@5: 83.0882 (83.5200)
2024-07-10 13:29:12,239 - timm.utils.checkpoint_saver: [    INFO] - Current checkpoints:
 ('./output/train/20240710-131949-vitsnn-32/checkpoint-19.pth.tar', 54.89000012207031)
 ('./output/train/20240710-131949-vitsnn-32/checkpoint-18.pth.tar', 54.21)

2024-07-10 13:29:12,239 -                train: [    INFO] - *** Best metric: 54.89000012207031 (epoch 19)
2024-07-10 13:29:12,609 -                train: [    INFO] - Train: 20 [   0/97 (  0%)]  Loss:  2.926778 (2.9268)  Time: 0.368s, 1390.20/s  (0.368s, 1390.20/s)  LR: 1.406e-03  Data: 0.098 (0.098)
2024-07-10 13:29:39,146 -                train: [    INFO] - Train: 20 [  96/97 (100%)]  Loss:  3.234600 (3.0807)  Time: 0.271s, 1889.59/s  (0.277s, 1846.03/s)  LR: 1.406e-03  Data: 0.000 (0.004)
2024-07-10 13:29:39,258 -                train: [    INFO] - Test: [   0/19]  Time: 0.111 (0.111)  Loss:  1.7100 (1.7100)  Acc@1: 53.7109 (53.7109)  Acc@5: 81.8359 (81.8359)
2024-07-10 13:29:40,004 -                train: [    INFO] - Test: [  19/19]  Time: 0.028 (0.043)  Loss:  1.6631 (1.6571)  Acc@1: 57.7206 (55.2200)  Acc@5: 83.4559 (83.9900)
2024-07-10 13:29:40,225 - timm.utils.checkpoint_saver: [    INFO] - Current checkpoints:
 ('./output/train/20240710-131949-vitsnn-32/checkpoint-20.pth.tar', 55.22000001220703)
 ('./output/train/20240710-131949-vitsnn-32/checkpoint-19.pth.tar', 54.89000012207031)

2024-07-10 13:29:40,225 -                train: [    INFO] - *** Best metric: 55.22000001220703 (epoch 20)
2024-07-10 13:29:40,571 -                train: [    INFO] - Train: 21 [   0/97 (  0%)]  Loss:  2.729342 (2.7293)  Time: 0.345s, 1485.87/s  (0.345s, 1485.87/s)  LR: 1.405e-03  Data: 0.068 (0.068)
2024-07-10 13:30:07,338 -                train: [    INFO] - Train: 21 [  96/97 (100%)]  Loss:  2.706591 (2.7180)  Time: 0.271s, 1890.44/s  (0.279s, 1831.99/s)  LR: 1.405e-03  Data: 0.000 (0.004)
2024-07-10 13:30:07,450 -                train: [    INFO] - Test: [   0/19]  Time: 0.111 (0.111)  Loss:  1.6445 (1.6445)  Acc@1: 57.2266 (57.2266)  Acc@5: 83.0078 (83.0078)
2024-07-10 13:30:08,189 -                train: [    INFO] - Test: [  19/19]  Time: 0.028 (0.042)  Loss:  1.6113 (1.6474)  Acc@1: 59.9265 (55.9300)  Acc@5: 81.6177 (83.9900)
2024-07-10 13:30:08,358 - timm.utils.checkpoint_saver: [    INFO] - Current checkpoints:
 ('./output/train/20240710-131949-vitsnn-32/checkpoint-21.pth.tar', 55.930000030517576)
 ('./output/train/20240710-131949-vitsnn-32/checkpoint-20.pth.tar', 55.22000001220703)

2024-07-10 13:30:08,358 -                train: [    INFO] - *** Best metric: 55.930000030517576 (epoch 21)
2024-07-10 13:30:08,718 -                train: [    INFO] - Train: 22 [   0/97 (  0%)]  Loss:  2.889663 (2.8897)  Time: 0.359s, 1427.75/s  (0.359s, 1427.75/s)  LR: 1.404e-03  Data: 0.088 (0.088)
2024-07-10 13:30:35,700 -                train: [    INFO] - Train: 22 [  96/97 (100%)]  Loss:  2.575265 (2.7325)  Time: 0.271s, 1886.85/s  (0.282s, 1816.63/s)  LR: 1.404e-03  Data: 0.000 (0.005)
2024-07-10 13:30:35,808 -                train: [    INFO] - Test: [   0/19]  Time: 0.107 (0.107)  Loss:  1.5684 (1.5684)  Acc@1: 56.6406 (56.6406)  Acc@5: 84.7656 (84.7656)
2024-07-10 13:30:36,554 -                train: [    INFO] - Test: [  19/19]  Time: 0.027 (0.043)  Loss:  1.5566 (1.5429)  Acc@1: 57.7206 (57.7700)  Acc@5: 87.5000 (85.3000)
2024-07-10 13:30:36,760 - timm.utils.checkpoint_saver: [    INFO] - Current checkpoints:
 ('./output/train/20240710-131949-vitsnn-32/checkpoint-22.pth.tar', 57.77000001220703)
 ('./output/train/20240710-131949-vitsnn-32/checkpoint-21.pth.tar', 55.930000030517576)

2024-07-10 13:30:36,761 -                train: [    INFO] - *** Best metric: 57.77000001220703 (epoch 22)
2024-07-10 13:30:37,102 -                train: [    INFO] - Train: 23 [   0/97 (  0%)]  Loss:  2.459723 (2.4597)  Time: 0.340s, 1504.33/s  (0.340s, 1504.33/s)  LR: 1.403e-03  Data: 0.071 (0.071)
2024-07-10 13:31:03,936 -                train: [    INFO] - Train: 23 [  96/97 (100%)]  Loss:  2.436552 (2.4481)  Time: 0.271s, 1886.46/s  (0.280s, 1827.75/s)  LR: 1.403e-03  Data: 0.000 (0.004)
2024-07-10 13:31:04,053 -                train: [    INFO] - Test: [   0/19]  Time: 0.115 (0.115)  Loss:  1.5391 (1.5391)  Acc@1: 61.1328 (61.1328)  Acc@5: 86.9141 (86.9141)
2024-07-10 13:31:04,804 -                train: [    INFO] - Test: [  19/19]  Time: 0.027 (0.043)  Loss:  1.5879 (1.5289)  Acc@1: 57.3529 (58.7000)  Acc@5: 84.5588 (85.9400)
2024-07-10 13:31:05,010 - timm.utils.checkpoint_saver: [    INFO] - Current checkpoints:
 ('./output/train/20240710-131949-vitsnn-32/checkpoint-23.pth.tar', 58.69999985351563)
 ('./output/train/20240710-131949-vitsnn-32/checkpoint-22.pth.tar', 57.77000001220703)

2024-07-10 13:31:05,010 -                train: [    INFO] - *** Best metric: 58.69999985351563 (epoch 23)
2024-07-10 13:31:05,345 -                train: [    INFO] - Train: 24 [   0/97 (  0%)]  Loss:  2.495659 (2.4957)  Time: 0.334s, 1531.25/s  (0.334s, 1531.25/s)  LR: 1.402e-03  Data: 0.064 (0.064)
2024-07-10 13:31:32,001 -                train: [    INFO] - Train: 24 [  96/97 (100%)]  Loss:  2.316982 (2.4063)  Time: 0.274s, 1871.81/s  (0.278s, 1840.20/s)  LR: 1.402e-03  Data: 0.000 (0.004)
2024-07-10 13:31:32,119 -                train: [    INFO] - Test: [   0/19]  Time: 0.116 (0.116)  Loss:  1.5625 (1.5625)  Acc@1: 59.1797 (59.1797)  Acc@5: 83.7891 (83.7891)
2024-07-10 13:31:32,861 -                train: [    INFO] - Test: [  19/19]  Time: 0.029 (0.043)  Loss:  1.6445 (1.5646)  Acc@1: 57.7206 (58.3700)  Acc@5: 85.2941 (85.4800)
2024-07-10 13:31:33,082 - timm.utils.checkpoint_saver: [    INFO] - Current checkpoints:
 ('./output/train/20240710-131949-vitsnn-32/checkpoint-23.pth.tar', 58.69999985351563)
 ('./output/train/20240710-131949-vitsnn-32/checkpoint-24.pth.tar', 58.37000001220703)

2024-07-10 13:31:33,082 -                train: [    INFO] - *** Best metric: 58.69999985351563 (epoch 23)
2024-07-10 13:31:33,426 -                train: [    INFO] - Train: 25 [   0/97 (  0%)]  Loss:  2.523352 (2.5234)  Time: 0.342s, 1495.38/s  (0.342s, 1495.38/s)  LR: 1.401e-03  Data: 0.072 (0.072)
2024-07-10 13:31:59,893 -                train: [    INFO] - Train: 25 [  96/97 (100%)]  Loss:  1.953267 (2.2383)  Time: 0.271s, 1890.24/s  (0.276s, 1852.61/s)  LR: 1.401e-03  Data: 0.000 (0.004)
2024-07-10 13:32:00,010 -                train: [    INFO] - Test: [   0/19]  Time: 0.115 (0.115)  Loss:  1.5352 (1.5352)  Acc@1: 58.7891 (58.7891)  Acc@5: 84.3750 (84.3750)
2024-07-10 13:32:00,754 -                train: [    INFO] - Test: [  19/19]  Time: 0.028 (0.043)  Loss:  1.4668 (1.5087)  Acc@1: 63.9706 (59.0300)  Acc@5: 86.0294 (86.1600)
2024-07-10 13:32:00,939 - timm.utils.checkpoint_saver: [    INFO] - Current checkpoints:
 ('./output/train/20240710-131949-vitsnn-32/checkpoint-25.pth.tar', 59.03000001220703)
 ('./output/train/20240710-131949-vitsnn-32/checkpoint-23.pth.tar', 58.69999985351563)

2024-07-10 13:32:00,939 -                train: [    INFO] - *** Best metric: 59.03000001220703 (epoch 25)
2024-07-10 13:32:01,290 -                train: [    INFO] - Train: 26 [   0/97 (  0%)]  Loss:  2.109071 (2.1091)  Time: 0.349s, 1465.45/s  (0.349s, 1465.45/s)  LR: 1.400e-03  Data: 0.079 (0.079)
2024-07-10 13:32:27,699 -                train: [    INFO] - Train: 26 [  96/97 (100%)]  Loss:  2.947980 (2.5285)  Time: 0.271s, 1887.80/s  (0.276s, 1856.09/s)  LR: 1.400e-03  Data: 0.000 (0.004)
2024-07-10 13:32:27,810 -                train: [    INFO] - Test: [   0/19]  Time: 0.109 (0.109)  Loss:  1.4014 (1.4014)  Acc@1: 59.9609 (59.9609)  Acc@5: 88.4766 (88.4766)
2024-07-10 13:32:28,543 -                train: [    INFO] - Test: [  19/19]  Time: 0.027 (0.042)  Loss:  1.4805 (1.4379)  Acc@1: 60.6618 (60.4600)  Acc@5: 86.3971 (87.0600)
2024-07-10 13:32:28,711 - timm.utils.checkpoint_saver: [    INFO] - Current checkpoints:
 ('./output/train/20240710-131949-vitsnn-32/checkpoint-26.pth.tar', 60.460000036621096)
 ('./output/train/20240710-131949-vitsnn-32/checkpoint-25.pth.tar', 59.03000001220703)

2024-07-10 13:32:28,712 -                train: [    INFO] - *** Best metric: 60.460000036621096 (epoch 26)
2024-07-10 13:32:29,065 -                train: [    INFO] - Train: 27 [   0/97 (  0%)]  Loss:  2.201225 (2.2012)  Time: 0.352s, 1454.60/s  (0.352s, 1454.60/s)  LR: 1.398e-03  Data: 0.077 (0.077)
2024-07-10 13:32:55,682 -                train: [    INFO] - Train: 27 [  96/97 (100%)]  Loss:  2.744356 (2.4728)  Time: 0.271s, 1892.23/s  (0.278s, 1841.61/s)  LR: 1.398e-03  Data: 0.000 (0.004)
2024-07-10 13:32:55,792 -                train: [    INFO] - Test: [   0/19]  Time: 0.109 (0.109)  Loss:  1.4639 (1.4639)  Acc@1: 58.9844 (58.9844)  Acc@5: 86.1328 (86.1328)
2024-07-10 13:32:56,529 -                train: [    INFO] - Test: [  19/19]  Time: 0.027 (0.042)  Loss:  1.5059 (1.4443)  Acc@1: 60.2941 (61.1300)  Acc@5: 84.9265 (87.0300)
2024-07-10 13:32:56,702 - timm.utils.checkpoint_saver: [    INFO] - Current checkpoints:
 ('./output/train/20240710-131949-vitsnn-32/checkpoint-27.pth.tar', 61.12999998168945)
 ('./output/train/20240710-131949-vitsnn-32/checkpoint-26.pth.tar', 60.460000036621096)

2024-07-10 13:32:56,703 -                train: [    INFO] - *** Best metric: 61.12999998168945 (epoch 27)
2024-07-10 13:32:57,069 -                train: [    INFO] - Train: 28 [   0/97 (  0%)]  Loss:  2.561953 (2.5620)  Time: 0.365s, 1403.09/s  (0.365s, 1403.09/s)  LR: 1.397e-03  Data: 0.072 (0.072)
2024-07-10 13:33:23,817 -                train: [    INFO] - Train: 28 [  96/97 (100%)]  Loss:  2.330423 (2.4462)  Time: 0.272s, 1880.13/s  (0.279s, 1831.92/s)  LR: 1.397e-03  Data: 0.000 (0.004)
2024-07-10 13:33:23,925 -                train: [    INFO] - Test: [   0/19]  Time: 0.107 (0.107)  Loss:  1.3848 (1.3848)  Acc@1: 63.2812 (63.2812)  Acc@5: 87.3047 (87.3047)
2024-07-10 13:33:24,676 -                train: [    INFO] - Test: [  19/19]  Time: 0.027 (0.043)  Loss:  1.3652 (1.3941)  Acc@1: 62.1324 (62.5700)  Acc@5: 86.0294 (87.8600)
2024-07-10 13:33:24,863 - timm.utils.checkpoint_saver: [    INFO] - Current checkpoints:
 ('./output/train/20240710-131949-vitsnn-32/checkpoint-28.pth.tar', 62.56999994506836)
 ('./output/train/20240710-131949-vitsnn-32/checkpoint-27.pth.tar', 61.12999998168945)

2024-07-10 13:33:24,864 -                train: [    INFO] - *** Best metric: 62.56999994506836 (epoch 28)
2024-07-10 13:33:25,214 -                train: [    INFO] - Train: 29 [   0/97 (  0%)]  Loss:  2.825313 (2.8253)  Time: 0.349s, 1467.26/s  (0.349s, 1467.26/s)  LR: 1.396e-03  Data: 0.077 (0.077)
2024-07-10 13:33:51,758 -                train: [    INFO] - Train: 29 [  96/97 (100%)]  Loss:  1.937280 (2.3813)  Time: 0.272s, 1885.49/s  (0.277s, 1846.83/s)  LR: 1.396e-03  Data: 0.000 (0.004)
2024-07-10 13:33:51,875 -                train: [    INFO] - Test: [   0/19]  Time: 0.115 (0.115)  Loss:  1.3906 (1.3906)  Acc@1: 62.6953 (62.6953)  Acc@5: 88.2812 (88.2812)
2024-07-10 13:33:52,620 -                train: [    INFO] - Test: [  19/19]  Time: 0.041 (0.043)  Loss:  1.4600 (1.3664)  Acc@1: 60.6618 (62.3800)  Acc@5: 84.5588 (88.0600)
2024-07-10 13:33:52,839 - timm.utils.checkpoint_saver: [    INFO] - Current checkpoints:
 ('./output/train/20240710-131949-vitsnn-32/checkpoint-28.pth.tar', 62.56999994506836)
 ('./output/train/20240710-131949-vitsnn-32/checkpoint-29.pth.tar', 62.38000003662109)

2024-07-10 13:33:52,839 -                train: [    INFO] - *** Best metric: 62.56999994506836 (epoch 28)
2024-07-10 13:33:53,180 -                train: [    INFO] - Train: 30 [   0/97 (  0%)]  Loss:  2.402027 (2.4020)  Time: 0.339s, 1510.70/s  (0.339s, 1510.70/s)  LR: 1.395e-03  Data: 0.067 (0.067)
2024-07-10 13:34:19,896 -                train: [    INFO] - Train: 30 [  96/97 (100%)]  Loss:  2.525356 (2.4637)  Time: 0.272s, 1878.93/s  (0.279s, 1835.84/s)  LR: 1.395e-03  Data: 0.000 (0.004)
2024-07-10 13:34:20,005 -                train: [    INFO] - Test: [   0/19]  Time: 0.107 (0.107)  Loss:  1.4219 (1.4219)  Acc@1: 61.5234 (61.5234)  Acc@5: 86.5234 (86.5234)
2024-07-10 13:34:20,720 -                train: [    INFO] - Test: [  19/19]  Time: 0.024 (0.041)  Loss:  1.4385 (1.4149)  Acc@1: 60.2941 (61.9600)  Acc@5: 87.5000 (87.3200)
2024-07-10 13:34:20,929 -                train: [    INFO] - *** Best metric: 62.56999994506836 (epoch 28)
2024-07-10 13:34:21,283 -                train: [    INFO] - Train: 31 [   0/97 (  0%)]  Loss:  2.047121 (2.0471)  Time: 0.347s, 1477.37/s  (0.347s, 1477.37/s)  LR: 1.394e-03  Data: 0.073 (0.073)
2024-07-10 13:34:47,970 -                train: [    INFO] - Train: 31 [  96/97 (100%)]  Loss:  2.298651 (2.1729)  Time: 0.271s, 1889.77/s  (0.279s, 1837.25/s)  LR: 1.394e-03  Data: 0.000 (0.004)
2024-07-10 13:34:48,077 -                train: [    INFO] - Test: [   0/19]  Time: 0.106 (0.106)  Loss:  1.3623 (1.3623)  Acc@1: 62.1094 (62.1094)  Acc@5: 88.4766 (88.4766)
2024-07-10 13:34:48,791 -                train: [    INFO] - Test: [  19/19]  Time: 0.023 (0.041)  Loss:  1.3906 (1.3675)  Acc@1: 61.7647 (62.3000)  Acc@5: 86.0294 (88.4900)
2024-07-10 13:34:49,030 -                train: [    INFO] - *** Best metric: 62.56999994506836 (epoch 28)
2024-07-10 13:34:49,370 -                train: [    INFO] - Train: 32 [   0/97 (  0%)]  Loss:  1.972488 (1.9725)  Time: 0.339s, 1511.41/s  (0.339s, 1511.41/s)  LR: 1.392e-03  Data: 0.068 (0.068)
2024-07-10 13:35:16,015 -                train: [    INFO] - Train: 32 [  96/97 (100%)]  Loss:  2.312872 (2.1427)  Time: 0.271s, 1886.80/s  (0.278s, 1840.62/s)  LR: 1.392e-03  Data: 0.000 (0.004)
2024-07-10 13:35:16,132 -                train: [    INFO] - Test: [   0/19]  Time: 0.116 (0.116)  Loss:  1.2832 (1.2832)  Acc@1: 65.4297 (65.4297)  Acc@5: 89.0625 (89.0625)
2024-07-10 13:35:16,886 -                train: [    INFO] - Test: [  19/19]  Time: 0.027 (0.043)  Loss:  1.2803 (1.2888)  Acc@1: 68.0147 (64.0100)  Acc@5: 87.8676 (89.1100)
2024-07-10 13:35:17,116 - timm.utils.checkpoint_saver: [    INFO] - Current checkpoints:
 ('./output/train/20240710-131949-vitsnn-32/checkpoint-32.pth.tar', 64.00999989013673)
 ('./output/train/20240710-131949-vitsnn-32/checkpoint-28.pth.tar', 62.56999994506836)

2024-07-10 13:35:17,117 -                train: [    INFO] - *** Best metric: 64.00999989013673 (epoch 32)
2024-07-10 13:35:17,464 -                train: [    INFO] - Train: 33 [   0/97 (  0%)]  Loss:  2.187186 (2.1872)  Time: 0.347s, 1477.13/s  (0.347s, 1477.13/s)  LR: 1.391e-03  Data: 0.067 (0.067)
2024-07-10 13:35:44,485 -                train: [    INFO] - Train: 33 [  96/97 (100%)]  Loss:  2.328120 (2.2577)  Time: 0.274s, 1866.84/s  (0.282s, 1814.85/s)  LR: 1.391e-03  Data: 0.000 (0.005)
2024-07-10 13:35:44,594 -                train: [    INFO] - Test: [   0/19]  Time: 0.107 (0.107)  Loss:  1.3594 (1.3594)  Acc@1: 63.8672 (63.8672)  Acc@5: 88.0859 (88.0859)
2024-07-10 13:35:45,349 -                train: [    INFO] - Test: [  19/19]  Time: 0.035 (0.043)  Loss:  1.3418 (1.3506)  Acc@1: 63.6029 (63.1000)  Acc@5: 89.3382 (88.4900)
2024-07-10 13:35:45,528 - timm.utils.checkpoint_saver: [    INFO] - Current checkpoints:
 ('./output/train/20240710-131949-vitsnn-32/checkpoint-32.pth.tar', 64.00999989013673)
 ('./output/train/20240710-131949-vitsnn-32/checkpoint-33.pth.tar', 63.099999957275394)

2024-07-10 13:35:45,528 -                train: [    INFO] - *** Best metric: 64.00999989013673 (epoch 32)
2024-07-10 13:35:45,899 -                train: [    INFO] - Train: 34 [   0/97 (  0%)]  Loss:  2.782764 (2.7828)  Time: 0.369s, 1386.85/s  (0.369s, 1386.85/s)  LR: 1.389e-03  Data: 0.080 (0.080)
2024-07-10 13:36:12,705 -                train: [    INFO] - Train: 34 [  96/97 (100%)]  Loss:  2.170688 (2.4767)  Time: 0.272s, 1879.49/s  (0.280s, 1827.71/s)  LR: 1.389e-03  Data: 0.000 (0.004)
2024-07-10 13:36:12,820 -                train: [    INFO] - Test: [   0/19]  Time: 0.113 (0.113)  Loss:  1.2930 (1.2930)  Acc@1: 64.0625 (64.0625)  Acc@5: 88.0859 (88.0859)
2024-07-10 13:36:13,567 -                train: [    INFO] - Test: [  19/19]  Time: 0.032 (0.043)  Loss:  1.2520 (1.3243)  Acc@1: 68.0147 (63.4600)  Acc@5: 88.9706 (88.5500)
2024-07-10 13:36:13,752 - timm.utils.checkpoint_saver: [    INFO] - Current checkpoints:
 ('./output/train/20240710-131949-vitsnn-32/checkpoint-32.pth.tar', 64.00999989013673)
 ('./output/train/20240710-131949-vitsnn-32/checkpoint-34.pth.tar', 63.45999989013672)

2024-07-10 13:36:13,752 -                train: [    INFO] - *** Best metric: 64.00999989013673 (epoch 32)
2024-07-10 13:36:14,126 -                train: [    INFO] - Train: 35 [   0/97 (  0%)]  Loss:  2.281033 (2.2810)  Time: 0.372s, 1375.59/s  (0.372s, 1375.59/s)  LR: 1.388e-03  Data: 0.101 (0.101)
2024-07-10 13:36:40,817 -                train: [    INFO] - Train: 35 [  96/97 (100%)]  Loss:  2.329017 (2.3050)  Time: 0.271s, 1890.27/s  (0.279s, 1835.21/s)  LR: 1.388e-03  Data: 0.000 (0.004)
2024-07-10 13:36:40,930 -                train: [    INFO] - Test: [   0/19]  Time: 0.112 (0.112)  Loss:  1.3008 (1.3008)  Acc@1: 64.4531 (64.4531)  Acc@5: 88.8672 (88.8672)
2024-07-10 13:36:41,670 -                train: [    INFO] - Test: [  19/19]  Time: 0.027 (0.043)  Loss:  1.3281 (1.3006)  Acc@1: 66.5441 (64.5600)  Acc@5: 86.3971 (88.5100)
2024-07-10 13:36:41,892 - timm.utils.checkpoint_saver: [    INFO] - Current checkpoints:
 ('./output/train/20240710-131949-vitsnn-32/checkpoint-35.pth.tar', 64.55999987792968)
 ('./output/train/20240710-131949-vitsnn-32/checkpoint-32.pth.tar', 64.00999989013673)

2024-07-10 13:36:41,892 -                train: [    INFO] - *** Best metric: 64.55999987792968 (epoch 35)
2024-07-10 13:36:42,226 -                train: [    INFO] - Train: 36 [   0/97 (  0%)]  Loss:  2.215847 (2.2158)  Time: 0.332s, 1542.76/s  (0.332s, 1542.76/s)  LR: 1.386e-03  Data: 0.061 (0.061)
2024-07-10 13:37:08,944 -                train: [    INFO] - Train: 36 [  96/97 (100%)]  Loss:  2.020212 (2.1180)  Time: 0.271s, 1887.20/s  (0.279s, 1836.12/s)  LR: 1.386e-03  Data: 0.000 (0.004)
2024-07-10 13:37:09,050 -                train: [    INFO] - Test: [   0/19]  Time: 0.105 (0.105)  Loss:  1.2266 (1.2266)  Acc@1: 65.4297 (65.4297)  Acc@5: 88.2812 (88.2812)
2024-07-10 13:37:09,784 -                train: [    INFO] - Test: [  19/19]  Time: 0.027 (0.042)  Loss:  1.3281 (1.2919)  Acc@1: 63.2353 (64.0000)  Acc@5: 87.1324 (88.8600)
2024-07-10 13:37:09,976 -                train: [    INFO] - *** Best metric: 64.55999987792968 (epoch 35)
2024-07-10 13:37:10,321 -                train: [    INFO] - Train: 37 [   0/97 (  0%)]  Loss:  2.673327 (2.6733)  Time: 0.343s, 1494.65/s  (0.343s, 1494.65/s)  LR: 1.385e-03  Data: 0.065 (0.065)
2024-07-10 13:37:36,870 -                train: [    INFO] - Train: 37 [  96/97 (100%)]  Loss:  2.435423 (2.5544)  Time: 0.271s, 1886.02/s  (0.277s, 1846.95/s)  LR: 1.385e-03  Data: 0.000 (0.004)
2024-07-10 13:37:36,977 -                train: [    INFO] - Test: [   0/19]  Time: 0.106 (0.106)  Loss:  1.3105 (1.3105)  Acc@1: 66.9922 (66.9922)  Acc@5: 88.8672 (88.8672)
2024-07-10 13:37:37,726 -                train: [    INFO] - Test: [  19/19]  Time: 0.028 (0.043)  Loss:  1.3027 (1.3126)  Acc@1: 66.5441 (64.2300)  Acc@5: 88.9706 (88.7500)
2024-07-10 13:37:37,962 - timm.utils.checkpoint_saver: [    INFO] - Current checkpoints:
 ('./output/train/20240710-131949-vitsnn-32/checkpoint-35.pth.tar', 64.55999987792968)
 ('./output/train/20240710-131949-vitsnn-32/checkpoint-37.pth.tar', 64.22999987792969)

2024-07-10 13:37:37,962 -                train: [    INFO] - *** Best metric: 64.55999987792968 (epoch 35)
2024-07-10 13:37:38,315 -                train: [    INFO] - Train: 38 [   0/97 (  0%)]  Loss:  2.286070 (2.2861)  Time: 0.352s, 1456.29/s  (0.352s, 1456.29/s)  LR: 1.383e-03  Data: 0.081 (0.081)
2024-07-10 13:38:05,057 -                train: [    INFO] - Train: 38 [  96/97 (100%)]  Loss:  2.354935 (2.3205)  Time: 0.273s, 1878.52/s  (0.279s, 1833.17/s)  LR: 1.383e-03  Data: 0.000 (0.004)
2024-07-10 13:38:05,166 -                train: [    INFO] - Test: [   0/19]  Time: 0.108 (0.108)  Loss:  1.2695 (1.2695)  Acc@1: 64.2578 (64.2578)  Acc@5: 88.2812 (88.2812)
2024-07-10 13:38:05,915 -                train: [    INFO] - Test: [  19/19]  Time: 0.033 (0.043)  Loss:  1.3389 (1.2734)  Acc@1: 62.1324 (64.5100)  Acc@5: 87.1324 (89.1600)
2024-07-10 13:38:06,119 - timm.utils.checkpoint_saver: [    INFO] - Current checkpoints:
 ('./output/train/20240710-131949-vitsnn-32/checkpoint-35.pth.tar', 64.55999987792968)
 ('./output/train/20240710-131949-vitsnn-32/checkpoint-38.pth.tar', 64.50999994506836)

2024-07-10 13:38:06,120 -                train: [    INFO] - *** Best metric: 64.55999987792968 (epoch 35)
2024-07-10 13:38:06,465 -                train: [    INFO] - Train: 39 [   0/97 (  0%)]  Loss:  1.875022 (1.8750)  Time: 0.344s, 1487.00/s  (0.344s, 1487.00/s)  LR: 1.382e-03  Data: 0.073 (0.073)
2024-07-10 13:38:32,981 -                train: [    INFO] - Train: 39 [  96/97 (100%)]  Loss:  1.879177 (1.8771)  Time: 0.272s, 1884.54/s  (0.277s, 1849.11/s)  LR: 1.382e-03  Data: 0.000 (0.004)
2024-07-10 13:38:33,086 -                train: [    INFO] - Test: [   0/19]  Time: 0.104 (0.104)  Loss:  1.3496 (1.3496)  Acc@1: 63.0859 (63.0859)  Acc@5: 88.0859 (88.0859)
2024-07-10 13:38:33,805 -                train: [    INFO] - Test: [  19/19]  Time: 0.025 (0.041)  Loss:  1.3066 (1.3167)  Acc@1: 67.2794 (64.2500)  Acc@5: 88.6029 (88.7600)
2024-07-10 13:38:33,997 -                train: [    INFO] - *** Best metric: 64.55999987792968 (epoch 35)
2024-07-10 13:38:34,331 -                train: [    INFO] - Train: 40 [   0/97 (  0%)]  Loss:  2.519441 (2.5194)  Time: 0.332s, 1540.05/s  (0.332s, 1540.05/s)  LR: 1.380e-03  Data: 0.063 (0.063)
2024-07-10 13:39:00,918 -                train: [    INFO] - Train: 40 [  96/97 (100%)]  Loss:  2.011562 (2.2655)  Time: 0.273s, 1877.28/s  (0.277s, 1845.10/s)  LR: 1.380e-03  Data: 0.000 (0.004)
2024-07-10 13:39:01,025 -                train: [    INFO] - Test: [   0/19]  Time: 0.106 (0.106)  Loss:  1.2354 (1.2354)  Acc@1: 67.9688 (67.9688)  Acc@5: 89.2578 (89.2578)
2024-07-10 13:39:01,753 -                train: [    INFO] - Test: [  19/19]  Time: 0.027 (0.042)  Loss:  1.2451 (1.2503)  Acc@1: 66.1765 (65.8700)  Acc@5: 89.3382 (89.8000)
2024-07-10 13:39:01,979 - timm.utils.checkpoint_saver: [    INFO] - Current checkpoints:
 ('./output/train/20240710-131949-vitsnn-32/checkpoint-40.pth.tar', 65.86999992675781)
 ('./output/train/20240710-131949-vitsnn-32/checkpoint-35.pth.tar', 64.55999987792968)

2024-07-10 13:39:01,979 -                train: [    INFO] - *** Best metric: 65.86999992675781 (epoch 40)
2024-07-10 13:39:02,320 -                train: [    INFO] - Train: 41 [   0/97 (  0%)]  Loss:  2.289846 (2.2898)  Time: 0.339s, 1508.66/s  (0.339s, 1508.66/s)  LR: 1.378e-03  Data: 0.069 (0.069)
2024-07-10 13:39:29,100 -                train: [    INFO] - Train: 41 [  96/97 (100%)]  Loss:  1.976186 (2.1330)  Time: 0.271s, 1890.57/s  (0.280s, 1831.48/s)  LR: 1.378e-03  Data: 0.000 (0.004)
2024-07-10 13:39:29,212 -                train: [    INFO] - Test: [   0/19]  Time: 0.111 (0.111)  Loss:  1.2920 (1.2920)  Acc@1: 66.2109 (66.2109)  Acc@5: 88.8672 (88.8672)
2024-07-10 13:39:29,949 -                train: [    INFO] - Test: [  19/19]  Time: 0.027 (0.042)  Loss:  1.3623 (1.2871)  Acc@1: 62.1324 (64.7600)  Acc@5: 89.7059 (89.3000)
2024-07-10 13:39:30,121 - timm.utils.checkpoint_saver: [    INFO] - Current checkpoints:
 ('./output/train/20240710-131949-vitsnn-32/checkpoint-40.pth.tar', 65.86999992675781)
 ('./output/train/20240710-131949-vitsnn-32/checkpoint-41.pth.tar', 64.75999994506836)

2024-07-10 13:39:30,122 -                train: [    INFO] - *** Best metric: 65.86999992675781 (epoch 40)
2024-07-10 13:39:30,474 -                train: [    INFO] - Train: 42 [   0/97 (  0%)]  Loss:  2.187994 (2.1880)  Time: 0.351s, 1457.52/s  (0.351s, 1457.52/s)  LR: 1.376e-03  Data: 0.076 (0.076)
2024-07-10 13:39:57,147 -                train: [    INFO] - Train: 42 [  96/97 (100%)]  Loss:  1.803064 (1.9955)  Time: 0.271s, 1889.33/s  (0.279s, 1837.92/s)  LR: 1.376e-03  Data: 0.000 (0.004)
2024-07-10 13:39:57,260 -                train: [    INFO] - Test: [   0/19]  Time: 0.112 (0.112)  Loss:  1.2188 (1.2188)  Acc@1: 67.9688 (67.9688)  Acc@5: 88.8672 (88.8672)
2024-07-10 13:39:58,004 -                train: [    INFO] - Test: [  19/19]  Time: 0.028 (0.043)  Loss:  1.3086 (1.2185)  Acc@1: 62.8676 (66.4400)  Acc@5: 84.5588 (89.7000)
2024-07-10 13:39:58,225 - timm.utils.checkpoint_saver: [    INFO] - Current checkpoints:
 ('./output/train/20240710-131949-vitsnn-32/checkpoint-42.pth.tar', 66.43999995117187)
 ('./output/train/20240710-131949-vitsnn-32/checkpoint-40.pth.tar', 65.86999992675781)

2024-07-10 13:39:58,226 -                train: [    INFO] - *** Best metric: 66.43999995117187 (epoch 42)
2024-07-10 13:39:58,570 -                train: [    INFO] - Train: 43 [   0/97 (  0%)]  Loss:  2.165883 (2.1659)  Time: 0.343s, 1494.44/s  (0.343s, 1494.44/s)  LR: 1.375e-03  Data: 0.071 (0.071)
2024-07-10 13:40:25,110 -                train: [    INFO] - Train: 43 [  96/97 (100%)]  Loss:  2.087172 (2.1265)  Time: 0.271s, 1891.54/s  (0.277s, 1847.52/s)  LR: 1.375e-03  Data: 0.000 (0.004)
2024-07-10 13:40:25,220 -                train: [    INFO] - Test: [   0/19]  Time: 0.109 (0.109)  Loss:  1.2725 (1.2725)  Acc@1: 63.8672 (63.8672)  Acc@5: 88.2812 (88.2812)
2024-07-10 13:40:25,959 -                train: [    INFO] - Test: [  19/19]  Time: 0.028 (0.042)  Loss:  1.3320 (1.2341)  Acc@1: 62.5000 (65.5000)  Acc@5: 88.2353 (90.0500)
2024-07-10 13:40:26,171 -                train: [    INFO] - *** Best metric: 66.43999995117187 (epoch 42)
2024-07-10 13:40:26,500 -                train: [    INFO] - Train: 44 [   0/97 (  0%)]  Loss:  2.546942 (2.5469)  Time: 0.327s, 1565.51/s  (0.327s, 1565.51/s)  LR: 1.373e-03  Data: 0.056 (0.056)
2024-07-10 13:40:53,039 -                train: [    INFO] - Train: 44 [  96/97 (100%)]  Loss:  2.468147 (2.5075)  Time: 0.271s, 1888.87/s  (0.277s, 1848.76/s)  LR: 1.373e-03  Data: 0.000 (0.004)
2024-07-10 13:40:53,164 -                train: [    INFO] - Test: [   0/19]  Time: 0.124 (0.124)  Loss:  1.2119 (1.2119)  Acc@1: 68.3594 (68.3594)  Acc@5: 89.4531 (89.4531)
2024-07-10 13:40:53,899 -                train: [    INFO] - Test: [  19/19]  Time: 0.028 (0.043)  Loss:  1.2637 (1.2285)  Acc@1: 65.0735 (65.7000)  Acc@5: 88.2353 (89.8800)
2024-07-10 13:40:54,117 -                train: [    INFO] - *** Best metric: 66.43999995117187 (epoch 42)
2024-07-10 13:40:54,468 -                train: [    INFO] - Train: 45 [   0/97 (  0%)]  Loss:  2.842690 (2.8427)  Time: 0.350s, 1464.13/s  (0.350s, 1464.13/s)  LR: 1.371e-03  Data: 0.076 (0.076)
2024-07-10 13:41:21,118 -                train: [    INFO] - Train: 45 [  96/97 (100%)]  Loss:  2.262990 (2.5528)  Time: 0.272s, 1885.03/s  (0.278s, 1839.52/s)  LR: 1.371e-03  Data: 0.000 (0.004)
2024-07-10 13:41:21,237 -                train: [    INFO] - Test: [   0/19]  Time: 0.117 (0.117)  Loss:  1.2461 (1.2461)  Acc@1: 66.4062 (66.4062)  Acc@5: 89.6484 (89.6484)
2024-07-10 13:41:21,957 -                train: [    INFO] - Test: [  19/19]  Time: 0.024 (0.042)  Loss:  1.2959 (1.2301)  Acc@1: 65.0735 (66.5700)  Acc@5: 87.8677 (90.2400)
2024-07-10 13:41:22,130 - timm.utils.checkpoint_saver: [    INFO] - Current checkpoints:
 ('./output/train/20240710-131949-vitsnn-32/checkpoint-45.pth.tar', 66.56999986572265)
 ('./output/train/20240710-131949-vitsnn-32/checkpoint-42.pth.tar', 66.43999995117187)

2024-07-10 13:41:22,131 -                train: [    INFO] - *** Best metric: 66.56999986572265 (epoch 45)
2024-07-10 13:41:22,481 -                train: [    INFO] - Train: 46 [   0/97 (  0%)]  Loss:  2.390533 (2.3905)  Time: 0.350s, 1464.54/s  (0.350s, 1464.54/s)  LR: 1.369e-03  Data: 0.074 (0.074)
2024-07-10 13:41:49,432 -                train: [    INFO] - Train: 46 [  96/97 (100%)]  Loss:  2.250049 (2.3203)  Time: 0.272s, 1883.79/s  (0.281s, 1819.31/s)  LR: 1.369e-03  Data: 0.000 (0.005)
2024-07-10 13:41:49,550 -                train: [    INFO] - Test: [   0/19]  Time: 0.116 (0.116)  Loss:  1.2061 (1.2061)  Acc@1: 67.5781 (67.5781)  Acc@5: 90.4297 (90.4297)
2024-07-10 13:41:50,288 -                train: [    INFO] - Test: [  19/19]  Time: 0.028 (0.043)  Loss:  1.2207 (1.2178)  Acc@1: 66.5441 (66.4800)  Acc@5: 90.8088 (90.3000)
2024-07-10 13:41:50,466 - timm.utils.checkpoint_saver: [    INFO] - Current checkpoints:
 ('./output/train/20240710-131949-vitsnn-32/checkpoint-45.pth.tar', 66.56999986572265)
 ('./output/train/20240710-131949-vitsnn-32/checkpoint-46.pth.tar', 66.47999987792969)

2024-07-10 13:41:50,467 -                train: [    INFO] - *** Best metric: 66.56999986572265 (epoch 45)
2024-07-10 13:41:50,832 -                train: [    INFO] - Train: 47 [   0/97 (  0%)]  Loss:  2.030987 (2.0310)  Time: 0.364s, 1408.33/s  (0.364s, 1408.33/s)  LR: 1.367e-03  Data: 0.084 (0.084)
2024-07-10 13:42:17,635 -                train: [    INFO] - Train: 47 [  96/97 (100%)]  Loss:  2.473367 (2.2522)  Time: 0.271s, 1889.36/s  (0.280s, 1828.25/s)  LR: 1.367e-03  Data: 0.000 (0.004)
2024-07-10 13:42:17,753 -                train: [    INFO] - Test: [   0/19]  Time: 0.117 (0.117)  Loss:  1.2021 (1.2021)  Acc@1: 67.3828 (67.3828)  Acc@5: 89.8438 (89.8438)
2024-07-10 13:42:18,463 -                train: [    INFO] - Test: [  19/19]  Time: 0.023 (0.041)  Loss:  1.1777 (1.1451)  Acc@1: 68.0147 (68.0600)  Acc@5: 90.8088 (91.0500)
2024-07-10 13:42:18,631 - timm.utils.checkpoint_saver: [    INFO] - Current checkpoints:
 ('./output/train/20240710-131949-vitsnn-32/checkpoint-47.pth.tar', 68.06000009765626)
 ('./output/train/20240710-131949-vitsnn-32/checkpoint-45.pth.tar', 66.56999986572265)

2024-07-10 13:42:18,632 -                train: [    INFO] - *** Best metric: 68.06000009765626 (epoch 47)
2024-07-10 13:42:18,962 -                train: [    INFO] - Train: 48 [   0/97 (  0%)]  Loss:  1.753411 (1.7534)  Time: 0.329s, 1554.76/s  (0.329s, 1554.76/s)  LR: 1.365e-03  Data: 0.059 (0.059)
2024-07-10 13:42:45,633 -                train: [    INFO] - Train: 48 [  96/97 (100%)]  Loss:  1.866321 (1.8099)  Time: 0.272s, 1884.43/s  (0.278s, 1839.55/s)  LR: 1.365e-03  Data: 0.000 (0.004)
2024-07-10 13:42:45,744 -                train: [    INFO] - Test: [   0/19]  Time: 0.110 (0.110)  Loss:  1.1865 (1.1865)  Acc@1: 68.9453 (68.9453)  Acc@5: 91.9922 (91.9922)
2024-07-10 13:42:46,508 -                train: [    INFO] - Test: [  19/19]  Time: 0.034 (0.044)  Loss:  1.2617 (1.1792)  Acc@1: 65.4412 (67.5100)  Acc@5: 87.5000 (90.7100)
2024-07-10 13:42:46,728 - timm.utils.checkpoint_saver: [    INFO] - Current checkpoints:
 ('./output/train/20240710-131949-vitsnn-32/checkpoint-47.pth.tar', 68.06000009765626)
 ('./output/train/20240710-131949-vitsnn-32/checkpoint-48.pth.tar', 67.51000002441407)

2024-07-10 13:42:46,728 -                train: [    INFO] - *** Best metric: 68.06000009765626 (epoch 47)
2024-07-10 13:42:47,098 -                train: [    INFO] - Train: 49 [   0/97 (  0%)]  Loss:  1.947473 (1.9475)  Time: 0.369s, 1387.21/s  (0.369s, 1387.21/s)  LR: 1.363e-03  Data: 0.099 (0.099)
2024-07-10 13:43:13,706 -                train: [    INFO] - Train: 49 [  96/97 (100%)]  Loss:  2.286178 (2.1168)  Time: 0.272s, 1881.35/s  (0.278s, 1841.07/s)  LR: 1.363e-03  Data: 0.000 (0.004)
2024-07-10 13:43:13,822 -                train: [    INFO] - Test: [   0/19]  Time: 0.114 (0.114)  Loss:  1.1914 (1.1914)  Acc@1: 67.1875 (67.1875)  Acc@5: 90.0391 (90.0391)
2024-07-10 13:43:14,569 -                train: [    INFO] - Test: [  19/19]  Time: 0.040 (0.043)  Loss:  1.1631 (1.1881)  Acc@1: 65.4412 (66.8400)  Acc@5: 91.1765 (90.3000)
2024-07-10 13:43:14,780 -                train: [    INFO] - *** Best metric: 68.06000009765626 (epoch 47)
2024-07-10 13:43:15,142 -                train: [    INFO] - Train: 50 [   0/97 (  0%)]  Loss:  1.924203 (1.9242)  Time: 0.360s, 1420.76/s  (0.360s, 1420.76/s)  LR: 1.361e-03  Data: 0.085 (0.085)
2024-07-10 13:43:41,776 -                train: [    INFO] - Train: 50 [  96/97 (100%)]  Loss:  2.548067 (2.2361)  Time: 0.272s, 1885.73/s  (0.278s, 1839.86/s)  LR: 1.361e-03  Data: 0.000 (0.004)
2024-07-10 13:43:41,895 -                train: [    INFO] - Test: [   0/19]  Time: 0.117 (0.117)  Loss:  1.2051 (1.2051)  Acc@1: 68.7500 (68.7500)  Acc@5: 91.0156 (91.0156)
2024-07-10 13:43:42,626 -                train: [    INFO] - Test: [  19/19]  Time: 0.028 (0.042)  Loss:  1.2793 (1.2275)  Acc@1: 64.7059 (66.8200)  Acc@5: 88.2353 (90.1400)
2024-07-10 13:43:42,846 -                train: [    INFO] - *** Best metric: 68.06000009765626 (epoch 47)
2024-07-10 13:43:43,184 -                train: [    INFO] - Train: 51 [   0/97 (  0%)]  Loss:  2.071044 (2.0710)  Time: 0.336s, 1524.43/s  (0.336s, 1524.43/s)  LR: 1.359e-03  Data: 0.065 (0.065)
2024-07-10 13:44:09,879 -                train: [    INFO] - Train: 51 [  96/97 (100%)]  Loss:  2.149763 (2.1104)  Time: 0.271s, 1886.23/s  (0.279s, 1837.47/s)  LR: 1.359e-03  Data: 0.000 (0.004)
2024-07-10 13:44:09,988 -                train: [    INFO] - Test: [   0/19]  Time: 0.108 (0.108)  Loss:  1.1719 (1.1719)  Acc@1: 69.5312 (69.5312)  Acc@5: 89.4531 (89.4531)
2024-07-10 13:44:10,752 -                train: [    INFO] - Test: [  19/19]  Time: 0.037 (0.044)  Loss:  1.1758 (1.1776)  Acc@1: 69.1177 (67.3500)  Acc@5: 91.1765 (90.5000)
2024-07-10 13:44:10,918 -                train: [    INFO] - *** Best metric: 68.06000009765626 (epoch 47)
2024-07-10 13:44:11,272 -                train: [    INFO] - Train: 52 [   0/97 (  0%)]  Loss:  2.215006 (2.2150)  Time: 0.352s, 1455.38/s  (0.352s, 1455.38/s)  LR: 1.356e-03  Data: 0.081 (0.081)
2024-07-10 13:44:38,100 -                train: [    INFO] - Train: 52 [  96/97 (100%)]  Loss:  2.175127 (2.1951)  Time: 0.274s, 1866.20/s  (0.280s, 1827.29/s)  LR: 1.356e-03  Data: 0.000 (0.004)
2024-07-10 13:44:38,222 -                train: [    INFO] - Test: [   0/19]  Time: 0.119 (0.119)  Loss:  1.1836 (1.1836)  Acc@1: 68.3594 (68.3594)  Acc@5: 89.4531 (89.4531)
2024-07-10 13:44:38,966 -                train: [    INFO] - Test: [  19/19]  Time: 0.035 (0.043)  Loss:  1.2012 (1.1563)  Acc@1: 69.1176 (68.3500)  Acc@5: 90.8088 (90.7100)
2024-07-10 13:44:39,175 - timm.utils.checkpoint_saver: [    INFO] - Current checkpoints:
 ('./output/train/20240710-131949-vitsnn-32/checkpoint-52.pth.tar', 68.34999995117188)
 ('./output/train/20240710-131949-vitsnn-32/checkpoint-47.pth.tar', 68.06000009765626)

2024-07-10 13:44:39,175 -                train: [    INFO] - *** Best metric: 68.34999995117188 (epoch 52)
2024-07-10 13:44:39,503 -                train: [    INFO] - Train: 53 [   0/97 (  0%)]  Loss:  1.869149 (1.8691)  Time: 0.327s, 1564.61/s  (0.327s, 1564.61/s)  LR: 1.354e-03  Data: 0.057 (0.057)
2024-07-10 13:45:06,040 -                train: [    INFO] - Train: 53 [  96/97 (100%)]  Loss:  1.822189 (1.8457)  Time: 0.272s, 1885.56/s  (0.277s, 1848.84/s)  LR: 1.354e-03  Data: 0.000 (0.004)
2024-07-10 13:45:06,154 -                train: [    INFO] - Test: [   0/19]  Time: 0.112 (0.112)  Loss:  1.1680 (1.1680)  Acc@1: 69.3359 (69.3359)  Acc@5: 90.4297 (90.4297)
2024-07-10 13:45:06,925 -                train: [    INFO] - Test: [  19/19]  Time: 0.028 (0.044)  Loss:  1.1338 (1.1780)  Acc@1: 70.5882 (67.3100)  Acc@5: 88.6029 (90.5300)
2024-07-10 13:45:07,133 -                train: [    INFO] - *** Best metric: 68.34999995117188 (epoch 52)
2024-07-10 13:45:07,473 -                train: [    INFO] - Train: 54 [   0/97 (  0%)]  Loss:  2.401567 (2.4016)  Time: 0.339s, 1510.13/s  (0.339s, 1510.13/s)  LR: 1.352e-03  Data: 0.067 (0.067)
2024-07-10 13:45:34,113 -                train: [    INFO] - Train: 54 [  96/97 (100%)]  Loss:  2.108354 (2.2550)  Time: 0.272s, 1881.81/s  (0.278s, 1840.99/s)  LR: 1.352e-03  Data: 0.000 (0.004)
2024-07-10 13:45:34,224 -                train: [    INFO] - Test: [   0/19]  Time: 0.109 (0.109)  Loss:  1.1445 (1.1445)  Acc@1: 69.9219 (69.9219)  Acc@5: 90.2344 (90.2344)
2024-07-10 13:45:34,945 -                train: [    INFO] - Test: [  19/19]  Time: 0.024 (0.041)  Loss:  1.2344 (1.1550)  Acc@1: 67.6471 (68.0300)  Acc@5: 87.5000 (91.1600)
2024-07-10 13:45:35,170 -                train: [    INFO] - *** Best metric: 68.34999995117188 (epoch 52)
2024-07-10 13:45:35,508 -                train: [    INFO] - Train: 55 [   0/97 (  0%)]  Loss:  2.238389 (2.2384)  Time: 0.336s, 1523.10/s  (0.336s, 1523.10/s)  LR: 1.350e-03  Data: 0.063 (0.063)
2024-07-10 13:46:02,111 -                train: [    INFO] - Train: 55 [  96/97 (100%)]  Loss:  2.275396 (2.2569)  Time: 0.272s, 1884.85/s  (0.278s, 1843.73/s)  LR: 1.350e-03  Data: 0.000 (0.004)
2024-07-10 13:46:02,222 -                train: [    INFO] - Test: [   0/19]  Time: 0.110 (0.110)  Loss:  1.1748 (1.1748)  Acc@1: 67.1875 (67.1875)  Acc@5: 90.6250 (90.6250)
2024-07-10 13:46:02,961 -                train: [    INFO] - Test: [  19/19]  Time: 0.028 (0.042)  Loss:  1.1943 (1.1580)  Acc@1: 64.3382 (67.2500)  Acc@5: 90.4412 (90.8800)
2024-07-10 13:46:03,197 -                train: [    INFO] - *** Best metric: 68.34999995117188 (epoch 52)
2024-07-10 13:46:03,544 -                train: [    INFO] - Train: 56 [   0/97 (  0%)]  Loss:  2.514474 (2.5145)  Time: 0.346s, 1477.82/s  (0.346s, 1477.82/s)  LR: 1.347e-03  Data: 0.070 (0.070)
2024-07-10 13:46:30,199 -                train: [    INFO] - Train: 56 [  96/97 (100%)]  Loss:  2.016435 (2.2655)  Time: 0.272s, 1882.74/s  (0.278s, 1839.43/s)  LR: 1.347e-03  Data: 0.000 (0.004)
2024-07-10 13:46:30,313 -                train: [    INFO] - Test: [   0/19]  Time: 0.111 (0.111)  Loss:  1.1445 (1.1445)  Acc@1: 69.3359 (69.3359)  Acc@5: 91.2109 (91.2109)
2024-07-10 13:46:31,061 -                train: [    INFO] - Test: [  19/19]  Time: 0.027 (0.043)  Loss:  1.2432 (1.1572)  Acc@1: 65.8088 (67.9400)  Acc@5: 89.7059 (90.5300)
2024-07-10 13:46:31,232 -                train: [    INFO] - *** Best metric: 68.34999995117188 (epoch 52)
2024-07-10 13:46:31,585 -                train: [    INFO] - Train: 57 [   0/97 (  0%)]  Loss:  2.083239 (2.0832)  Time: 0.351s, 1458.58/s  (0.351s, 1458.58/s)  LR: 1.345e-03  Data: 0.079 (0.079)
2024-07-10 13:46:58,215 -                train: [    INFO] - Train: 57 [  96/97 (100%)]  Loss:  2.212061 (2.1477)  Time: 0.272s, 1882.06/s  (0.278s, 1840.80/s)  LR: 1.345e-03  Data: 0.000 (0.004)
2024-07-10 13:46:58,327 -                train: [    INFO] - Test: [   0/19]  Time: 0.110 (0.110)  Loss:  1.2070 (1.2070)  Acc@1: 67.1875 (67.1875)  Acc@5: 88.4766 (88.4766)
2024-07-10 13:46:59,081 -                train: [    INFO] - Test: [  19/19]  Time: 0.035 (0.043)  Loss:  1.2236 (1.1862)  Acc@1: 67.6471 (67.0200)  Acc@5: 88.6029 (90.0800)
2024-07-10 13:46:59,318 -                train: [    INFO] - *** Best metric: 68.34999995117188 (epoch 52)
2024-07-10 13:46:59,665 -                train: [    INFO] - Train: 58 [   0/97 (  0%)]  Loss:  2.484878 (2.4849)  Time: 0.345s, 1483.31/s  (0.345s, 1483.31/s)  LR: 1.343e-03  Data: 0.072 (0.072)
2024-07-10 13:47:26,295 -                train: [    INFO] - Train: 58 [  96/97 (100%)]  Loss:  1.803121 (2.1440)  Time: 0.272s, 1884.81/s  (0.278s, 1841.25/s)  LR: 1.343e-03  Data: 0.000 (0.004)
2024-07-10 13:47:26,404 -                train: [    INFO] - Test: [   0/19]  Time: 0.107 (0.107)  Loss:  1.1045 (1.1045)  Acc@1: 71.2891 (71.2891)  Acc@5: 90.8203 (90.8203)
2024-07-10 13:47:27,128 -                train: [    INFO] - Test: [  19/19]  Time: 0.024 (0.042)  Loss:  1.1826 (1.1374)  Acc@1: 67.6471 (68.2400)  Acc@5: 88.9706 (91.2800)
2024-07-10 13:47:27,391 - timm.utils.checkpoint_saver: [    INFO] - Current checkpoints:
 ('./output/train/20240710-131949-vitsnn-32/checkpoint-52.pth.tar', 68.34999995117188)
 ('./output/train/20240710-131949-vitsnn-32/checkpoint-58.pth.tar', 68.23999993896484)

2024-07-10 13:47:27,392 -                train: [    INFO] - *** Best metric: 68.34999995117188 (epoch 52)
2024-07-10 13:47:27,751 -                train: [    INFO] - Train: 59 [   0/97 (  0%)]  Loss:  1.778504 (1.7785)  Time: 0.356s, 1437.55/s  (0.356s, 1437.55/s)  LR: 1.340e-03  Data: 0.085 (0.085)
2024-07-10 13:47:54,299 -                train: [    INFO] - Train: 59 [  96/97 (100%)]  Loss:  2.411387 (2.0949)  Time: 0.272s, 1880.64/s  (0.277s, 1846.02/s)  LR: 1.340e-03  Data: 0.000 (0.004)
2024-07-10 13:47:54,409 -                train: [    INFO] - Test: [   0/19]  Time: 0.107 (0.107)  Loss:  1.1436 (1.1436)  Acc@1: 67.5781 (67.5781)  Acc@5: 89.8438 (89.8438)
2024-07-10 13:47:55,145 -                train: [    INFO] - Test: [  19/19]  Time: 0.028 (0.042)  Loss:  1.1094 (1.1156)  Acc@1: 70.9559 (68.9700)  Acc@5: 91.5441 (91.4900)
2024-07-10 13:47:55,319 - timm.utils.checkpoint_saver: [    INFO] - Current checkpoints:
 ('./output/train/20240710-131949-vitsnn-32/checkpoint-59.pth.tar', 68.97000012207032)
 ('./output/train/20240710-131949-vitsnn-32/checkpoint-52.pth.tar', 68.34999995117188)

2024-07-10 13:47:55,319 -                train: [    INFO] - *** Best metric: 68.97000012207032 (epoch 59)
2024-07-10 13:47:55,683 -                train: [    INFO] - Train: 60 [   0/97 (  0%)]  Loss:  2.502914 (2.5029)  Time: 0.362s, 1414.10/s  (0.362s, 1414.10/s)  LR: 1.338e-03  Data: 0.079 (0.079)
2024-07-10 13:48:22,399 -                train: [    INFO] - Train: 60 [  96/97 (100%)]  Loss:  2.286464 (2.3947)  Time: 0.272s, 1879.63/s  (0.279s, 1834.23/s)  LR: 1.338e-03  Data: 0.000 (0.004)
2024-07-10 13:48:22,516 -                train: [    INFO] - Test: [   0/19]  Time: 0.115 (0.115)  Loss:  1.1426 (1.1426)  Acc@1: 70.3125 (70.3125)  Acc@5: 91.2109 (91.2109)
2024-07-10 13:48:23,233 -                train: [    INFO] - Test: [  19/19]  Time: 0.024 (0.042)  Loss:  1.1387 (1.1162)  Acc@1: 70.5882 (69.0100)  Acc@5: 89.7059 (91.1800)
2024-07-10 13:48:23,459 - timm.utils.checkpoint_saver: [    INFO] - Current checkpoints:
 ('./output/train/20240710-131949-vitsnn-32/checkpoint-60.pth.tar', 69.0099999633789)
 ('./output/train/20240710-131949-vitsnn-32/checkpoint-59.pth.tar', 68.97000012207032)

2024-07-10 13:48:23,459 -                train: [    INFO] - *** Best metric: 69.0099999633789 (epoch 60)
2024-07-10 13:48:23,795 -                train: [    INFO] - Train: 61 [   0/97 (  0%)]  Loss:  1.633446 (1.6334)  Time: 0.333s, 1535.98/s  (0.333s, 1535.98/s)  LR: 1.335e-03  Data: 0.063 (0.063)
2024-07-10 13:48:50,346 -                train: [    INFO] - Train: 61 [  96/97 (100%)]  Loss:  2.209689 (1.9216)  Time: 0.271s, 1887.40/s  (0.277s, 1847.42/s)  LR: 1.335e-03  Data: 0.000 (0.004)
2024-07-10 13:48:50,461 -                train: [    INFO] - Test: [   0/19]  Time: 0.113 (0.113)  Loss:  1.1445 (1.1445)  Acc@1: 67.3828 (67.3828)  Acc@5: 90.2344 (90.2344)
2024-07-10 13:48:51,177 -                train: [    INFO] - Test: [  19/19]  Time: 0.024 (0.041)  Loss:  1.1846 (1.1276)  Acc@1: 67.2794 (68.8100)  Acc@5: 90.4412 (91.0100)
2024-07-10 13:48:51,387 -                train: [    INFO] - *** Best metric: 69.0099999633789 (epoch 60)
2024-07-10 13:48:51,730 -                train: [    INFO] - Train: 62 [   0/97 (  0%)]  Loss:  2.548523 (2.5485)  Time: 0.342s, 1494.95/s  (0.342s, 1494.95/s)  LR: 1.333e-03  Data: 0.072 (0.072)
2024-07-10 13:49:18,504 -                train: [    INFO] - Train: 62 [  96/97 (100%)]  Loss:  2.366632 (2.4576)  Time: 0.272s, 1881.58/s  (0.280s, 1831.67/s)  LR: 1.333e-03  Data: 0.000 (0.004)
2024-07-10 13:49:18,614 -                train: [    INFO] - Test: [   0/19]  Time: 0.108 (0.108)  Loss:  1.1533 (1.1533)  Acc@1: 69.7266 (69.7266)  Acc@5: 90.4297 (90.4297)
2024-07-10 13:49:19,360 -                train: [    INFO] - Test: [  19/19]  Time: 0.028 (0.043)  Loss:  1.2441 (1.1603)  Acc@1: 67.2794 (68.1400)  Acc@5: 87.8676 (90.7600)
2024-07-10 13:49:19,581 -                train: [    INFO] - *** Best metric: 69.0099999633789 (epoch 60)
2024-07-10 13:49:19,928 -                train: [    INFO] - Train: 63 [   0/97 (  0%)]  Loss:  1.657693 (1.6577)  Time: 0.346s, 1479.80/s  (0.346s, 1479.80/s)  LR: 1.330e-03  Data: 0.072 (0.072)
2024-07-10 13:49:46,682 -                train: [    INFO] - Train: 63 [  96/97 (100%)]  Loss:  2.687337 (2.1725)  Time: 0.273s, 1876.78/s  (0.279s, 1832.78/s)  LR: 1.330e-03  Data: 0.000 (0.004)
2024-07-10 13:49:46,793 -                train: [    INFO] - Test: [   0/19]  Time: 0.108 (0.108)  Loss:  1.1562 (1.1562)  Acc@1: 69.7266 (69.7266)  Acc@5: 91.0156 (91.0156)
2024-07-10 13:49:47,535 -                train: [    INFO] - Test: [  19/19]  Time: 0.034 (0.043)  Loss:  1.1777 (1.1639)  Acc@1: 70.2206 (67.9700)  Acc@5: 90.0735 (90.6400)
2024-07-10 13:49:47,757 -                train: [    INFO] - *** Best metric: 69.0099999633789 (epoch 60)
2024-07-10 13:49:48,101 -                train: [    INFO] - Train: 64 [   0/97 (  0%)]  Loss:  1.875004 (1.8750)  Time: 0.343s, 1493.07/s  (0.343s, 1493.07/s)  LR: 1.327e-03  Data: 0.065 (0.065)
2024-07-10 13:50:14,834 -                train: [    INFO] - Train: 64 [  96/97 (100%)]  Loss:  1.630827 (1.7529)  Time: 0.272s, 1880.50/s  (0.279s, 1834.36/s)  LR: 1.327e-03  Data: 0.000 (0.004)
2024-07-10 13:50:14,944 -                train: [    INFO] - Test: [   0/19]  Time: 0.107 (0.107)  Loss:  1.1279 (1.1279)  Acc@1: 71.6797 (71.6797)  Acc@5: 90.4297 (90.4297)
2024-07-10 13:50:15,681 -                train: [    INFO] - Test: [  19/19]  Time: 0.028 (0.042)  Loss:  1.1367 (1.1357)  Acc@1: 70.9559 (68.8700)  Acc@5: 90.8088 (91.0200)
2024-07-10 13:50:15,847 -                train: [    INFO] - *** Best metric: 69.0099999633789 (epoch 60)
2024-07-10 13:50:16,187 -                train: [    INFO] - Train: 65 [   0/97 (  0%)]  Loss:  1.912861 (1.9129)  Time: 0.338s, 1516.46/s  (0.338s, 1516.46/s)  LR: 1.325e-03  Data: 0.067 (0.067)
2024-07-10 13:50:42,959 -                train: [    INFO] - Train: 65 [  96/97 (100%)]  Loss:  2.412774 (2.1628)  Time: 0.272s, 1884.74/s  (0.279s, 1832.09/s)  LR: 1.325e-03  Data: 0.000 (0.004)
2024-07-10 13:50:43,070 -                train: [    INFO] - Test: [   0/19]  Time: 0.109 (0.109)  Loss:  1.1572 (1.1572)  Acc@1: 70.7031 (70.7031)  Acc@5: 90.2344 (90.2344)
2024-07-10 13:50:43,832 -                train: [    INFO] - Test: [  19/19]  Time: 0.028 (0.044)  Loss:  1.1328 (1.1529)  Acc@1: 69.8529 (68.7300)  Acc@5: 89.3382 (90.8500)
2024-07-10 13:50:44,017 -                train: [    INFO] - *** Best metric: 69.0099999633789 (epoch 60)
2024-07-10 13:50:44,361 -                train: [    INFO] - Train: 66 [   0/97 (  0%)]  Loss:  2.014041 (2.0140)  Time: 0.343s, 1493.80/s  (0.343s, 1493.80/s)  LR: 1.322e-03  Data: 0.063 (0.063)
2024-07-10 13:51:10,893 -                train: [    INFO] - Train: 66 [  96/97 (100%)]  Loss:  2.061845 (2.0379)  Time: 0.272s, 1884.97/s  (0.277s, 1848.12/s)  LR: 1.322e-03  Data: 0.000 (0.004)
2024-07-10 13:51:11,001 -                train: [    INFO] - Test: [   0/19]  Time: 0.107 (0.107)  Loss:  1.1074 (1.1074)  Acc@1: 70.7031 (70.7031)  Acc@5: 92.1875 (92.1875)
2024-07-10 13:51:11,732 -                train: [    INFO] - Test: [  19/19]  Time: 0.028 (0.042)  Loss:  1.0996 (1.1168)  Acc@1: 70.5882 (69.4300)  Acc@5: 90.8088 (91.3600)
2024-07-10 13:51:11,966 - timm.utils.checkpoint_saver: [    INFO] - Current checkpoints:
 ('./output/train/20240710-131949-vitsnn-32/checkpoint-66.pth.tar', 69.4299999633789)
 ('./output/train/20240710-131949-vitsnn-32/checkpoint-60.pth.tar', 69.0099999633789)

2024-07-10 13:51:11,966 -                train: [    INFO] - *** Best metric: 69.4299999633789 (epoch 66)
2024-07-10 13:51:12,306 -                train: [    INFO] - Train: 67 [   0/97 (  0%)]  Loss:  2.134385 (2.1344)  Time: 0.338s, 1513.92/s  (0.338s, 1513.92/s)  LR: 1.319e-03  Data: 0.060 (0.060)
2024-07-10 13:51:39,165 -                train: [    INFO] - Train: 67 [  96/97 (100%)]  Loss:  2.334784 (2.2346)  Time: 0.271s, 1887.14/s  (0.280s, 1826.22/s)  LR: 1.319e-03  Data: 0.000 (0.004)
2024-07-10 13:51:39,296 -                train: [    INFO] - Test: [   0/19]  Time: 0.130 (0.130)  Loss:  1.1318 (1.1318)  Acc@1: 70.3125 (70.3125)  Acc@5: 90.6250 (90.6250)
2024-07-10 13:51:40,037 -                train: [    INFO] - Test: [  19/19]  Time: 0.027 (0.044)  Loss:  1.1006 (1.1001)  Acc@1: 69.4853 (69.8900)  Acc@5: 89.3382 (91.1600)
2024-07-10 13:51:40,261 - timm.utils.checkpoint_saver: [    INFO] - Current checkpoints:
 ('./output/train/20240710-131949-vitsnn-32/checkpoint-67.pth.tar', 69.88999990234375)
 ('./output/train/20240710-131949-vitsnn-32/checkpoint-66.pth.tar', 69.4299999633789)

2024-07-10 13:51:40,261 -                train: [    INFO] - *** Best metric: 69.88999990234375 (epoch 67)
2024-07-10 13:51:40,614 -                train: [    INFO] - Train: 68 [   0/97 (  0%)]  Loss:  2.118616 (2.1186)  Time: 0.352s, 1454.44/s  (0.352s, 1454.44/s)  LR: 1.316e-03  Data: 0.077 (0.077)
2024-07-10 13:52:07,254 -                train: [    INFO] - Train: 68 [  96/97 (100%)]  Loss:  2.367069 (2.2428)  Time: 0.273s, 1874.10/s  (0.278s, 1840.03/s)  LR: 1.316e-03  Data: 0.000 (0.004)
2024-07-10 13:52:07,365 -                train: [    INFO] - Test: [   0/19]  Time: 0.109 (0.109)  Loss:  1.1592 (1.1592)  Acc@1: 69.3359 (69.3359)  Acc@5: 90.0391 (90.0391)
2024-07-10 13:52:08,109 -                train: [    INFO] - Test: [  19/19]  Time: 0.027 (0.043)  Loss:  1.1494 (1.1956)  Acc@1: 68.3824 (67.4000)  Acc@5: 88.9706 (90.0500)
2024-07-10 13:52:08,273 -                train: [    INFO] - *** Best metric: 69.88999990234375 (epoch 67)
2024-07-10 13:52:08,616 -                train: [    INFO] - Train: 69 [   0/97 (  0%)]  Loss:  2.294414 (2.2944)  Time: 0.342s, 1497.89/s  (0.342s, 1497.89/s)  LR: 1.314e-03  Data: 0.071 (0.071)
2024-07-10 13:52:35,185 -                train: [    INFO] - Train: 69 [  96/97 (100%)]  Loss:  1.931136 (2.1128)  Time: 0.271s, 1889.75/s  (0.277s, 1845.63/s)  LR: 1.314e-03  Data: 0.000 (0.004)
2024-07-10 13:52:35,295 -                train: [    INFO] - Test: [   0/19]  Time: 0.109 (0.109)  Loss:  1.0898 (1.0898)  Acc@1: 70.8984 (70.8984)  Acc@5: 90.8203 (90.8203)
2024-07-10 13:52:36,047 -                train: [    INFO] - Test: [  19/19]  Time: 0.035 (0.043)  Loss:  1.1748 (1.1159)  Acc@1: 68.7500 (69.7400)  Acc@5: 89.3382 (91.0600)
2024-07-10 13:52:36,264 - timm.utils.checkpoint_saver: [    INFO] - Current checkpoints:
 ('./output/train/20240710-131949-vitsnn-32/checkpoint-67.pth.tar', 69.88999990234375)
 ('./output/train/20240710-131949-vitsnn-32/checkpoint-69.pth.tar', 69.74)

2024-07-10 13:52:36,265 -                train: [    INFO] - *** Best metric: 69.88999990234375 (epoch 67)
2024-07-10 13:52:36,614 -                train: [    INFO] - Train: 70 [   0/97 (  0%)]  Loss:  1.873122 (1.8731)  Time: 0.348s, 1471.97/s  (0.348s, 1471.97/s)  LR: 1.311e-03  Data: 0.070 (0.070)
2024-07-10 13:53:03,419 -                train: [    INFO] - Train: 70 [  96/97 (100%)]  Loss:  2.207660 (2.0404)  Time: 0.271s, 1886.10/s  (0.280s, 1829.14/s)  LR: 1.311e-03  Data: 0.000 (0.004)
2024-07-10 13:53:03,530 -                train: [    INFO] - Test: [   0/19]  Time: 0.109 (0.109)  Loss:  1.0928 (1.0928)  Acc@1: 67.1875 (67.1875)  Acc@5: 92.3828 (92.3828)
2024-07-10 13:53:04,274 -                train: [    INFO] - Test: [  19/19]  Time: 0.031 (0.043)  Loss:  1.1943 (1.1327)  Acc@1: 68.0147 (68.6600)  Acc@5: 90.8088 (91.3700)
2024-07-10 13:53:04,464 -                train: [    INFO] - *** Best metric: 69.88999990234375 (epoch 67)
2024-07-10 13:53:04,807 -                train: [    INFO] - Train: 71 [   0/97 (  0%)]  Loss:  1.696095 (1.6961)  Time: 0.343s, 1494.85/s  (0.343s, 1494.85/s)  LR: 1.308e-03  Data: 0.062 (0.062)
2024-07-10 13:53:31,465 -                train: [    INFO] - Train: 71 [  96/97 (100%)]  Loss:  1.908456 (1.8023)  Time: 0.271s, 1887.92/s  (0.278s, 1839.57/s)  LR: 1.308e-03  Data: 0.000 (0.004)
2024-07-10 13:53:31,576 -                train: [    INFO] - Test: [   0/19]  Time: 0.110 (0.110)  Loss:  1.1250 (1.1250)  Acc@1: 69.3359 (69.3359)  Acc@5: 89.8438 (89.8438)
2024-07-10 13:53:32,329 -                train: [    INFO] - Test: [  19/19]  Time: 0.035 (0.043)  Loss:  1.0713 (1.1037)  Acc@1: 71.3235 (69.6100)  Acc@5: 91.1765 (91.4500)
2024-07-10 13:53:32,550 -                train: [    INFO] - *** Best metric: 69.88999990234375 (epoch 67)
2024-07-10 13:53:32,927 -                train: [    INFO] - Train: 72 [   0/97 (  0%)]  Loss:  2.190082 (2.1901)  Time: 0.374s, 1367.42/s  (0.374s, 1367.42/s)  LR: 1.305e-03  Data: 0.104 (0.104)
2024-07-10 13:53:59,570 -                train: [    INFO] - Train: 72 [  96/97 (100%)]  Loss:  2.666495 (2.4283)  Time: 0.272s, 1884.87/s  (0.279s, 1838.32/s)  LR: 1.305e-03  Data: 0.000 (0.004)
2024-07-10 13:53:59,676 -                train: [    INFO] - Test: [   0/19]  Time: 0.104 (0.104)  Loss:  1.1025 (1.1025)  Acc@1: 71.2891 (71.2891)  Acc@5: 91.2109 (91.2109)
2024-07-10 13:54:00,395 -                train: [    INFO] - Test: [  19/19]  Time: 0.024 (0.041)  Loss:  1.1260 (1.1144)  Acc@1: 68.0147 (69.2300)  Acc@5: 91.5441 (91.3700)
2024-07-10 13:54:00,616 -                train: [    INFO] - *** Best metric: 69.88999990234375 (epoch 67)
2024-07-10 13:54:00,975 -                train: [    INFO] - Train: 73 [   0/97 (  0%)]  Loss:  1.479247 (1.4792)  Time: 0.357s, 1433.61/s  (0.357s, 1433.61/s)  LR: 1.302e-03  Data: 0.087 (0.087)
2024-07-10 13:54:27,653 -                train: [    INFO] - Train: 73 [  96/97 (100%)]  Loss:  2.236461 (1.8579)  Time: 0.271s, 1889.91/s  (0.279s, 1837.14/s)  LR: 1.302e-03  Data: 0.000 (0.004)
2024-07-10 13:54:27,767 -                train: [    INFO] - Test: [   0/19]  Time: 0.113 (0.113)  Loss:  1.0625 (1.0625)  Acc@1: 70.3125 (70.3125)  Acc@5: 93.1641 (93.1641)
2024-07-10 13:54:28,510 -                train: [    INFO] - Test: [  19/19]  Time: 0.028 (0.043)  Loss:  1.0869 (1.0654)  Acc@1: 68.7500 (70.3200)  Acc@5: 88.2353 (91.6700)
2024-07-10 13:54:28,743 - timm.utils.checkpoint_saver: [    INFO] - Current checkpoints:
 ('./output/train/20240710-131949-vitsnn-32/checkpoint-73.pth.tar', 70.32)
 ('./output/train/20240710-131949-vitsnn-32/checkpoint-67.pth.tar', 69.88999990234375)

2024-07-10 13:54:28,743 -                train: [    INFO] - *** Best metric: 70.32 (epoch 73)
2024-07-10 13:54:29,093 -                train: [    INFO] - Train: 74 [   0/97 (  0%)]  Loss:  1.997926 (1.9979)  Time: 0.348s, 1470.05/s  (0.348s, 1470.05/s)  LR: 1.299e-03  Data: 0.077 (0.077)
2024-07-10 13:54:55,636 -                train: [    INFO] - Train: 74 [  96/97 (100%)]  Loss:  2.365941 (2.1819)  Time: 0.272s, 1882.94/s  (0.277s, 1846.98/s)  LR: 1.299e-03  Data: 0.000 (0.004)
2024-07-10 13:54:55,746 -                train: [    INFO] - Test: [   0/19]  Time: 0.109 (0.109)  Loss:  1.0801 (1.0801)  Acc@1: 70.5078 (70.5078)  Acc@5: 92.3828 (92.3828)
2024-07-10 13:54:56,490 -                train: [    INFO] - Test: [  19/19]  Time: 0.027 (0.043)  Loss:  1.1338 (1.0798)  Acc@1: 70.2206 (70.1200)  Acc@5: 90.0735 (91.7600)
2024-07-10 13:54:56,714 - timm.utils.checkpoint_saver: [    INFO] - Current checkpoints:
 ('./output/train/20240710-131949-vitsnn-32/checkpoint-73.pth.tar', 70.32)
 ('./output/train/20240710-131949-vitsnn-32/checkpoint-74.pth.tar', 70.12000001220703)

2024-07-10 13:54:56,714 -                train: [    INFO] - *** Best metric: 70.32 (epoch 73)
2024-07-10 13:54:57,055 -                train: [    INFO] - Train: 75 [   0/97 (  0%)]  Loss:  2.614378 (2.6144)  Time: 0.339s, 1508.66/s  (0.339s, 1508.66/s)  LR: 1.296e-03  Data: 0.069 (0.069)
2024-07-10 13:55:23,712 -                train: [    INFO] - Train: 75 [  96/97 (100%)]  Loss:  2.054181 (2.3343)  Time: 0.271s, 1888.46/s  (0.278s, 1839.83/s)  LR: 1.296e-03  Data: 0.000 (0.004)
2024-07-10 13:55:23,827 -                train: [    INFO] - Test: [   0/19]  Time: 0.114 (0.114)  Loss:  1.0879 (1.0879)  Acc@1: 68.9453 (68.9453)  Acc@5: 91.0156 (91.0156)
2024-07-10 13:55:24,593 -                train: [    INFO] - Test: [  19/19]  Time: 0.034 (0.044)  Loss:  1.0156 (1.0454)  Acc@1: 73.5294 (70.3200)  Acc@5: 91.9118 (92.0800)
2024-07-10 13:55:24,769 - timm.utils.checkpoint_saver: [    INFO] - Current checkpoints:
 ('./output/train/20240710-131949-vitsnn-32/checkpoint-73.pth.tar', 70.32)
 ('./output/train/20240710-131949-vitsnn-32/checkpoint-75.pth.tar', 70.31999998779297)

2024-07-10 13:55:24,769 -                train: [    INFO] - *** Best metric: 70.32 (epoch 73)
2024-07-10 13:55:25,116 -                train: [    INFO] - Train: 76 [   0/97 (  0%)]  Loss:  2.373775 (2.3738)  Time: 0.346s, 1481.70/s  (0.346s, 1481.70/s)  LR: 1.293e-03  Data: 0.063 (0.063)
2024-07-10 13:55:51,942 -                train: [    INFO] - Train: 76 [  96/97 (100%)]  Loss:  2.123078 (2.2484)  Time: 0.272s, 1881.00/s  (0.280s, 1827.96/s)  LR: 1.293e-03  Data: 0.000 (0.004)
2024-07-10 13:55:52,054 -                train: [    INFO] - Test: [   0/19]  Time: 0.110 (0.110)  Loss:  1.0908 (1.0908)  Acc@1: 70.7031 (70.7031)  Acc@5: 91.4062 (91.4062)
2024-07-10 13:55:52,804 -                train: [    INFO] - Test: [  19/19]  Time: 0.028 (0.043)  Loss:  1.0850 (1.0923)  Acc@1: 67.2794 (69.6300)  Acc@5: 92.6471 (91.4100)
2024-07-10 13:55:53,017 -                train: [    INFO] - *** Best metric: 70.32 (epoch 73)
2024-07-10 13:55:53,355 -                train: [    INFO] - Train: 77 [   0/97 (  0%)]  Loss:  1.925011 (1.9250)  Time: 0.336s, 1523.35/s  (0.336s, 1523.35/s)  LR: 1.290e-03  Data: 0.066 (0.066)
2024-07-10 13:56:20,056 -                train: [    INFO] - Train: 77 [  96/97 (100%)]  Loss:  2.152693 (2.0389)  Time: 0.272s, 1880.19/s  (0.279s, 1837.01/s)  LR: 1.290e-03  Data: 0.000 (0.004)
2024-07-10 13:56:20,169 -                train: [    INFO] - Test: [   0/19]  Time: 0.111 (0.111)  Loss:  1.0898 (1.0898)  Acc@1: 71.0938 (71.0938)  Acc@5: 91.9922 (91.9922)
2024-07-10 13:56:20,917 -                train: [    INFO] - Test: [  19/19]  Time: 0.029 (0.043)  Loss:  1.1172 (1.0717)  Acc@1: 69.1176 (70.3500)  Acc@5: 91.1765 (91.8500)
2024-07-10 13:56:21,118 - timm.utils.checkpoint_saver: [    INFO] - Current checkpoints:
 ('./output/train/20240710-131949-vitsnn-32/checkpoint-77.pth.tar', 70.34999995117188)
 ('./output/train/20240710-131949-vitsnn-32/checkpoint-73.pth.tar', 70.32)

2024-07-10 13:56:21,119 -                train: [    INFO] - *** Best metric: 70.34999995117188 (epoch 77)
2024-07-10 13:56:21,466 -                train: [    INFO] - Train: 78 [   0/97 (  0%)]  Loss:  1.878024 (1.8780)  Time: 0.345s, 1483.13/s  (0.345s, 1483.13/s)  LR: 1.287e-03  Data: 0.074 (0.074)
2024-07-10 13:56:48,207 -                train: [    INFO] - Train: 78 [  96/97 (100%)]  Loss:  2.068970 (1.9735)  Time: 0.272s, 1881.09/s  (0.279s, 1833.63/s)  LR: 1.287e-03  Data: 0.000 (0.004)
2024-07-10 13:56:48,316 -                train: [    INFO] - Test: [   0/19]  Time: 0.107 (0.107)  Loss:  1.1084 (1.1084)  Acc@1: 70.3125 (70.3125)  Acc@5: 91.6016 (91.6016)
2024-07-10 13:56:49,046 -                train: [    INFO] - Test: [  19/19]  Time: 0.027 (0.042)  Loss:  1.0996 (1.1208)  Acc@1: 73.8971 (69.4600)  Acc@5: 90.4412 (91.4200)
2024-07-10 13:56:49,238 -                train: [    INFO] - *** Best metric: 70.34999995117188 (epoch 77)
2024-07-10 13:56:49,575 -                train: [    INFO] - Train: 79 [   0/97 (  0%)]  Loss:  2.003357 (2.0034)  Time: 0.334s, 1532.01/s  (0.334s, 1532.01/s)  LR: 1.283e-03  Data: 0.064 (0.064)
2024-07-10 13:57:16,323 -                train: [    INFO] - Train: 79 [  96/97 (100%)]  Loss:  2.169646 (2.0865)  Time: 0.272s, 1882.38/s  (0.279s, 1833.91/s)  LR: 1.283e-03  Data: 0.000 (0.004)
2024-07-10 13:57:16,439 -                train: [    INFO] - Test: [   0/19]  Time: 0.114 (0.114)  Loss:  1.0596 (1.0596)  Acc@1: 70.7031 (70.7031)  Acc@5: 92.5781 (92.5781)
2024-07-10 13:57:17,189 -                train: [    INFO] - Test: [  19/19]  Time: 0.029 (0.043)  Loss:  1.1729 (1.1055)  Acc@1: 66.9118 (69.4500)  Acc@5: 90.0735 (91.4100)
2024-07-10 13:57:17,361 -                train: [    INFO] - *** Best metric: 70.34999995117188 (epoch 77)
2024-07-10 13:57:17,726 -                train: [    INFO] - Train: 80 [   0/97 (  0%)]  Loss:  2.146686 (2.1467)  Time: 0.363s, 1410.93/s  (0.363s, 1410.93/s)  LR: 1.280e-03  Data: 0.088 (0.088)
2024-07-10 13:57:44,289 -                train: [    INFO] - Train: 80 [  96/97 (100%)]  Loss:  2.579506 (2.3631)  Time: 0.272s, 1884.24/s  (0.278s, 1844.59/s)  LR: 1.280e-03  Data: 0.000 (0.004)
2024-07-10 13:57:44,399 -                train: [    INFO] - Test: [   0/19]  Time: 0.107 (0.107)  Loss:  1.0986 (1.0986)  Acc@1: 68.7500 (68.7500)  Acc@5: 92.1875 (92.1875)
2024-07-10 13:57:45,143 -                train: [    INFO] - Test: [  19/19]  Time: 0.028 (0.043)  Loss:  1.0811 (1.0807)  Acc@1: 69.8529 (69.9300)  Acc@5: 91.9118 (91.8100)
2024-07-10 13:57:45,369 -                train: [    INFO] - *** Best metric: 70.34999995117188 (epoch 77)
2024-07-10 13:57:45,712 -                train: [    INFO] - Train: 81 [   0/97 (  0%)]  Loss:  1.981102 (1.9811)  Time: 0.342s, 1497.04/s  (0.342s, 1497.04/s)  LR: 1.277e-03  Data: 0.072 (0.072)
2024-07-10 13:58:12,371 -                train: [    INFO] - Train: 81 [  96/97 (100%)]  Loss:  1.887791 (1.9344)  Time: 0.271s, 1887.33/s  (0.278s, 1839.52/s)  LR: 1.277e-03  Data: 0.000 (0.004)
2024-07-10 13:58:12,485 -                train: [    INFO] - Test: [   0/19]  Time: 0.113 (0.113)  Loss:  1.0469 (1.0469)  Acc@1: 72.2656 (72.2656)  Acc@5: 91.9922 (91.9922)
2024-07-10 13:58:13,222 -                train: [    INFO] - Test: [  19/19]  Time: 0.028 (0.042)  Loss:  1.1279 (1.0608)  Acc@1: 69.4853 (70.2400)  Acc@5: 90.4412 (91.9300)
2024-07-10 13:58:13,441 -                train: [    INFO] - *** Best metric: 70.34999995117188 (epoch 77)
2024-07-10 13:58:13,806 -                train: [    INFO] - Train: 82 [   0/97 (  0%)]  Loss:  2.007199 (2.0072)  Time: 0.364s, 1407.78/s  (0.364s, 1407.78/s)  LR: 1.274e-03  Data: 0.093 (0.093)
2024-07-10 13:58:40,388 -                train: [    INFO] - Train: 82 [  96/97 (100%)]  Loss:  2.169898 (2.0885)  Time: 0.271s, 1889.82/s  (0.278s, 1843.23/s)  LR: 1.274e-03  Data: 0.000 (0.004)
2024-07-10 13:58:40,511 -                train: [    INFO] - Test: [   0/19]  Time: 0.121 (0.121)  Loss:  1.1152 (1.1152)  Acc@1: 69.5312 (69.5312)  Acc@5: 90.2344 (90.2344)
2024-07-10 13:58:41,229 -                train: [    INFO] - Test: [  19/19]  Time: 0.024 (0.042)  Loss:  1.1992 (1.1037)  Acc@1: 68.3824 (69.4200)  Acc@5: 88.2353 (91.2900)
2024-07-10 13:58:41,454 -                train: [    INFO] - *** Best metric: 70.34999995117188 (epoch 77)
2024-07-10 13:58:41,798 -                train: [    INFO] - Train: 83 [   0/97 (  0%)]  Loss:  2.104056 (2.1041)  Time: 0.343s, 1493.77/s  (0.343s, 1493.77/s)  LR: 1.270e-03  Data: 0.072 (0.072)
2024-07-10 13:59:08,313 -                train: [    INFO] - Train: 83 [  96/97 (100%)]  Loss:  2.111631 (2.1078)  Time: 0.271s, 1886.32/s  (0.277s, 1849.30/s)  LR: 1.270e-03  Data: 0.000 (0.004)
2024-07-10 13:59:08,430 -                train: [    INFO] - Test: [   0/19]  Time: 0.116 (0.116)  Loss:  1.0654 (1.0654)  Acc@1: 71.4844 (71.4844)  Acc@5: 92.7734 (92.7734)
2024-07-10 13:59:09,177 -                train: [    INFO] - Test: [  19/19]  Time: 0.028 (0.043)  Loss:  1.1348 (1.0749)  Acc@1: 68.7500 (70.5100)  Acc@5: 89.3382 (92.0800)
2024-07-10 13:59:09,410 - timm.utils.checkpoint_saver: [    INFO] - Current checkpoints:
 ('./output/train/20240710-131949-vitsnn-32/checkpoint-83.pth.tar', 70.51)
 ('./output/train/20240710-131949-vitsnn-32/checkpoint-77.pth.tar', 70.34999995117188)

2024-07-10 13:59:09,410 -                train: [    INFO] - *** Best metric: 70.51 (epoch 83)
2024-07-10 13:59:09,756 -                train: [    INFO] - Train: 84 [   0/97 (  0%)]  Loss:  1.991568 (1.9916)  Time: 0.344s, 1487.82/s  (0.344s, 1487.82/s)  LR: 1.267e-03  Data: 0.066 (0.066)
2024-07-10 13:59:36,425 -                train: [    INFO] - Train: 84 [  96/97 (100%)]  Loss:  2.254825 (2.1232)  Time: 0.271s, 1887.51/s  (0.278s, 1838.63/s)  LR: 1.267e-03  Data: 0.000 (0.004)
2024-07-10 13:59:36,539 -                train: [    INFO] - Test: [   0/19]  Time: 0.112 (0.112)  Loss:  1.1270 (1.1270)  Acc@1: 70.3125 (70.3125)  Acc@5: 91.6016 (91.6016)
2024-07-10 13:59:37,254 -                train: [    INFO] - Test: [  19/19]  Time: 0.024 (0.041)  Loss:  1.1592 (1.0868)  Acc@1: 70.5882 (69.7000)  Acc@5: 88.6029 (91.8300)
2024-07-10 13:59:37,435 -                train: [    INFO] - *** Best metric: 70.51 (epoch 83)
2024-07-10 13:59:37,776 -                train: [    INFO] - Train: 85 [   0/97 (  0%)]  Loss:  1.878008 (1.8780)  Time: 0.339s, 1508.77/s  (0.339s, 1508.77/s)  LR: 1.263e-03  Data: 0.069 (0.069)
2024-07-10 14:00:04,262 -                train: [    INFO] - Train: 85 [  96/97 (100%)]  Loss:  1.902876 (1.8904)  Time: 0.271s, 1890.05/s  (0.277s, 1851.53/s)  LR: 1.263e-03  Data: 0.000 (0.004)
2024-07-10 14:00:04,371 -                train: [    INFO] - Test: [   0/19]  Time: 0.108 (0.108)  Loss:  1.0889 (1.0889)  Acc@1: 71.0938 (71.0938)  Acc@5: 90.8203 (90.8203)
2024-07-10 14:00:05,108 -                train: [    INFO] - Test: [  19/19]  Time: 0.028 (0.042)  Loss:  1.1201 (1.0763)  Acc@1: 66.9118 (70.2300)  Acc@5: 91.1765 (91.6900)
2024-07-10 14:00:05,342 -                train: [    INFO] - *** Best metric: 70.51 (epoch 83)
2024-07-10 14:00:05,673 -                train: [    INFO] - Train: 86 [   0/97 (  0%)]  Loss:  2.031600 (2.0316)  Time: 0.330s, 1551.33/s  (0.330s, 1551.33/s)  LR: 1.260e-03  Data: 0.060 (0.060)
2024-07-10 14:00:32,173 -                train: [    INFO] - Train: 86 [  96/97 (100%)]  Loss:  1.745178 (1.8884)  Time: 0.271s, 1886.45/s  (0.277s, 1851.18/s)  LR: 1.260e-03  Data: 0.000 (0.004)
2024-07-10 14:00:32,292 -                train: [    INFO] - Test: [   0/19]  Time: 0.117 (0.117)  Loss:  1.1416 (1.1416)  Acc@1: 67.9688 (67.9688)  Acc@5: 91.7969 (91.7969)
2024-07-10 14:00:33,038 -                train: [    INFO] - Test: [  19/19]  Time: 0.038 (0.043)  Loss:  1.2148 (1.1056)  Acc@1: 67.6471 (69.6000)  Acc@5: 86.7647 (91.2800)
2024-07-10 14:00:33,269 -                train: [    INFO] - *** Best metric: 70.51 (epoch 83)
2024-07-10 14:00:33,611 -                train: [    INFO] - Train: 87 [   0/97 (  0%)]  Loss:  1.779941 (1.7799)  Time: 0.341s, 1499.34/s  (0.341s, 1499.34/s)  LR: 1.257e-03  Data: 0.070 (0.070)
2024-07-10 14:01:00,515 -                train: [    INFO] - Train: 87 [  96/97 (100%)]  Loss:  1.522308 (1.6511)  Time: 0.271s, 1890.63/s  (0.281s, 1822.99/s)  LR: 1.257e-03  Data: 0.000 (0.004)
2024-07-10 14:01:00,628 -                train: [    INFO] - Test: [   0/19]  Time: 0.111 (0.111)  Loss:  1.0488 (1.0488)  Acc@1: 71.4844 (71.4844)  Acc@5: 91.4062 (91.4062)
2024-07-10 14:01:01,373 -                train: [    INFO] - Test: [  19/19]  Time: 0.028 (0.043)  Loss:  1.1680 (1.0760)  Acc@1: 68.3824 (70.4800)  Acc@5: 91.9118 (91.5500)
2024-07-10 14:01:01,552 - timm.utils.checkpoint_saver: [    INFO] - Current checkpoints:
 ('./output/train/20240710-131949-vitsnn-32/checkpoint-83.pth.tar', 70.51)
 ('./output/train/20240710-131949-vitsnn-32/checkpoint-87.pth.tar', 70.48000004882813)

2024-07-10 14:01:01,552 -                train: [    INFO] - *** Best metric: 70.51 (epoch 83)
2024-07-10 14:01:01,920 -                train: [    INFO] - Train: 88 [   0/97 (  0%)]  Loss:  1.681803 (1.6818)  Time: 0.367s, 1396.07/s  (0.367s, 1396.07/s)  LR: 1.253e-03  Data: 0.085 (0.085)
2024-07-10 14:01:28,547 -                train: [    INFO] - Train: 88 [  96/97 (100%)]  Loss:  1.632700 (1.6573)  Time: 0.271s, 1890.80/s  (0.278s, 1840.00/s)  LR: 1.253e-03  Data: 0.000 (0.004)
2024-07-10 14:01:28,662 -                train: [    INFO] - Test: [   0/19]  Time: 0.114 (0.114)  Loss:  1.1338 (1.1338)  Acc@1: 68.7500 (68.7500)  Acc@5: 90.2344 (90.2344)
2024-07-10 14:01:29,395 -                train: [    INFO] - Test: [  19/19]  Time: 0.028 (0.042)  Loss:  1.0840 (1.0857)  Acc@1: 68.3824 (70.2000)  Acc@5: 91.1765 (91.6100)
2024-07-10 14:01:29,561 -                train: [    INFO] - *** Best metric: 70.51 (epoch 83)
2024-07-10 14:01:29,909 -                train: [    INFO] - Train: 89 [   0/97 (  0%)]  Loss:  1.673935 (1.6739)  Time: 0.345s, 1482.89/s  (0.345s, 1482.89/s)  LR: 1.250e-03  Data: 0.075 (0.075)
2024-07-10 14:01:56,758 -                train: [    INFO] - Train: 89 [  96/97 (100%)]  Loss:  2.082644 (1.8783)  Time: 0.272s, 1880.18/s  (0.280s, 1826.42/s)  LR: 1.250e-03  Data: 0.000 (0.004)
2024-07-10 14:01:56,868 -                train: [    INFO] - Test: [   0/19]  Time: 0.109 (0.109)  Loss:  1.1533 (1.1533)  Acc@1: 69.7266 (69.7266)  Acc@5: 90.8203 (90.8203)
2024-07-10 14:01:57,627 -                train: [    INFO] - Test: [  19/19]  Time: 0.041 (0.043)  Loss:  1.1035 (1.1043)  Acc@1: 69.4853 (70.1400)  Acc@5: 92.2794 (91.6500)
2024-07-10 14:01:57,815 -                train: [    INFO] - *** Best metric: 70.51 (epoch 83)
2024-07-10 14:01:58,153 -                train: [    INFO] - Train: 90 [   0/97 (  0%)]  Loss:  2.466682 (2.4667)  Time: 0.336s, 1524.99/s  (0.336s, 1524.99/s)  LR: 1.246e-03  Data: 0.065 (0.065)
2024-07-10 14:02:24,645 -                train: [    INFO] - Train: 90 [  96/97 (100%)]  Loss:  2.526986 (2.4968)  Time: 0.272s, 1884.42/s  (0.277s, 1851.32/s)  LR: 1.246e-03  Data: 0.000 (0.004)
2024-07-10 14:02:24,758 -                train: [    INFO] - Test: [   0/19]  Time: 0.111 (0.111)  Loss:  1.1396 (1.1396)  Acc@1: 69.1406 (69.1406)  Acc@5: 90.2344 (90.2344)
2024-07-10 14:02:25,473 -                train: [    INFO] - Test: [  19/19]  Time: 0.024 (0.041)  Loss:  1.1982 (1.1009)  Acc@1: 66.1765 (69.3900)  Acc@5: 89.7059 (91.3000)
2024-07-10 14:02:25,645 -                train: [    INFO] - *** Best metric: 70.51 (epoch 83)
2024-07-10 14:02:25,997 -                train: [    INFO] - Train: 91 [   0/97 (  0%)]  Loss:  1.890540 (1.8905)  Time: 0.350s, 1463.44/s  (0.350s, 1463.44/s)  LR: 1.242e-03  Data: 0.066 (0.066)
2024-07-10 14:02:52,433 -                train: [    INFO] - Train: 91 [  96/97 (100%)]  Loss:  1.992290 (1.9414)  Time: 0.271s, 1886.36/s  (0.276s, 1854.26/s)  LR: 1.242e-03  Data: 0.000 (0.004)
2024-07-10 14:02:52,544 -                train: [    INFO] - Test: [   0/19]  Time: 0.109 (0.109)  Loss:  1.0605 (1.0605)  Acc@1: 71.4844 (71.4844)  Acc@5: 91.2109 (91.2109)
2024-07-10 14:02:53,294 -                train: [    INFO] - Test: [  19/19]  Time: 0.033 (0.043)  Loss:  1.0312 (1.0194)  Acc@1: 72.0588 (71.3500)  Acc@5: 91.1765 (92.6400)
2024-07-10 14:02:53,534 - timm.utils.checkpoint_saver: [    INFO] - Current checkpoints:
 ('./output/train/20240710-131949-vitsnn-32/checkpoint-91.pth.tar', 71.34999997558593)
 ('./output/train/20240710-131949-vitsnn-32/checkpoint-83.pth.tar', 70.51)

2024-07-10 14:02:53,535 -                train: [    INFO] - *** Best metric: 71.34999997558593 (epoch 91)
2024-07-10 14:02:53,890 -                train: [    INFO] - Train: 92 [   0/97 (  0%)]  Loss:  1.677546 (1.6775)  Time: 0.354s, 1448.04/s  (0.354s, 1448.04/s)  LR: 1.239e-03  Data: 0.083 (0.083)
2024-07-10 14:03:20,561 -                train: [    INFO] - Train: 92 [  96/97 (100%)]  Loss:  1.872689 (1.7751)  Time: 0.271s, 1890.32/s  (0.279s, 1837.91/s)  LR: 1.239e-03  Data: 0.000 (0.004)
2024-07-10 14:03:20,674 -                train: [    INFO] - Test: [   0/19]  Time: 0.112 (0.112)  Loss:  1.0254 (1.0254)  Acc@1: 71.6797 (71.6797)  Acc@5: 93.3594 (93.3594)
2024-07-10 14:03:21,425 -                train: [    INFO] - Test: [  19/19]  Time: 0.038 (0.043)  Loss:  1.0957 (1.0251)  Acc@1: 69.8529 (71.1100)  Acc@5: 91.9118 (92.5200)
2024-07-10 14:03:21,648 - timm.utils.checkpoint_saver: [    INFO] - Current checkpoints:
 ('./output/train/20240710-131949-vitsnn-32/checkpoint-91.pth.tar', 71.34999997558593)
 ('./output/train/20240710-131949-vitsnn-32/checkpoint-92.pth.tar', 71.11000006103515)

2024-07-10 14:03:21,649 -                train: [    INFO] - *** Best metric: 71.34999997558593 (epoch 91)
2024-07-10 14:03:21,995 -                train: [    INFO] - Train: 93 [   0/97 (  0%)]  Loss:  1.854879 (1.8549)  Time: 0.345s, 1485.12/s  (0.345s, 1485.12/s)  LR: 1.235e-03  Data: 0.066 (0.066)
2024-07-10 14:03:48,604 -                train: [    INFO] - Train: 93 [  96/97 (100%)]  Loss:  1.623017 (1.7389)  Time: 0.271s, 1890.44/s  (0.278s, 1842.66/s)  LR: 1.235e-03  Data: 0.000 (0.004)
2024-07-10 14:03:48,716 -                train: [    INFO] - Test: [   0/19]  Time: 0.110 (0.110)  Loss:  1.0547 (1.0547)  Acc@1: 71.8750 (71.8750)  Acc@5: 92.3828 (92.3828)
2024-07-10 14:03:49,462 -                train: [    INFO] - Test: [  19/19]  Time: 0.027 (0.043)  Loss:  1.1494 (1.0814)  Acc@1: 68.3824 (70.6600)  Acc@5: 89.3382 (91.6300)
2024-07-10 14:03:49,654 -                train: [    INFO] - *** Best metric: 71.34999997558593 (epoch 91)
2024-07-10 14:03:50,001 -                train: [    INFO] - Train: 94 [   0/97 (  0%)]  Loss:  1.809077 (1.8091)  Time: 0.346s, 1481.33/s  (0.346s, 1481.33/s)  LR: 1.231e-03  Data: 0.069 (0.069)
2024-07-10 14:04:16,622 -                train: [    INFO] - Train: 94 [  96/97 (100%)]  Loss:  2.172409 (1.9907)  Time: 0.271s, 1886.81/s  (0.278s, 1841.85/s)  LR: 1.231e-03  Data: 0.000 (0.004)
2024-07-10 14:04:16,733 -                train: [    INFO] - Test: [   0/19]  Time: 0.109 (0.109)  Loss:  1.0498 (1.0498)  Acc@1: 72.2656 (72.2656)  Acc@5: 91.2109 (91.2109)
2024-07-10 14:04:17,482 -                train: [    INFO] - Test: [  19/19]  Time: 0.028 (0.043)  Loss:  1.1172 (1.0652)  Acc@1: 71.3235 (70.5100)  Acc@5: 89.7059 (91.9900)
2024-07-10 14:04:17,653 -                train: [    INFO] - *** Best metric: 71.34999997558593 (epoch 91)
2024-07-10 14:04:17,996 -                train: [    INFO] - Train: 95 [   0/97 (  0%)]  Loss:  2.405393 (2.4054)  Time: 0.342s, 1496.09/s  (0.342s, 1496.09/s)  LR: 1.228e-03  Data: 0.072 (0.072)
2024-07-10 14:04:44,599 -                train: [    INFO] - Train: 95 [  96/97 (100%)]  Loss:  1.676409 (2.0409)  Time: 0.271s, 1887.47/s  (0.278s, 1843.31/s)  LR: 1.228e-03  Data: 0.000 (0.004)
2024-07-10 14:04:44,714 -                train: [    INFO] - Test: [   0/19]  Time: 0.114 (0.114)  Loss:  1.0723 (1.0723)  Acc@1: 72.0703 (72.0703)  Acc@5: 89.8438 (89.8438)
2024-07-10 14:04:45,431 -                train: [    INFO] - Test: [  19/19]  Time: 0.024 (0.042)  Loss:  1.1152 (1.0524)  Acc@1: 69.1176 (70.8800)  Acc@5: 90.8088 (91.9000)
2024-07-10 14:04:45,669 -                train: [    INFO] - *** Best metric: 71.34999997558593 (epoch 91)
2024-07-10 14:04:46,008 -                train: [    INFO] - Train: 96 [   0/97 (  0%)]  Loss:  1.605255 (1.6053)  Time: 0.337s, 1519.51/s  (0.337s, 1519.51/s)  LR: 1.224e-03  Data: 0.067 (0.067)
2024-07-10 14:05:12,781 -                train: [    INFO] - Train: 96 [  96/97 (100%)]  Loss:  1.721457 (1.6634)  Time: 0.271s, 1886.97/s  (0.279s, 1832.05/s)  LR: 1.224e-03  Data: 0.000 (0.004)
2024-07-10 14:05:12,895 -                train: [    INFO] - Test: [   0/19]  Time: 0.113 (0.113)  Loss:  1.0244 (1.0244)  Acc@1: 73.4375 (73.4375)  Acc@5: 91.9922 (91.9922)
2024-07-10 14:05:13,633 -                train: [    INFO] - Test: [  19/19]  Time: 0.034 (0.043)  Loss:  1.0137 (1.0738)  Acc@1: 74.2647 (70.7100)  Acc@5: 92.6471 (91.8300)
2024-07-10 14:05:13,837 -                train: [    INFO] - *** Best metric: 71.34999997558593 (epoch 91)
2024-07-10 14:05:14,203 -                train: [    INFO] - Train: 97 [   0/97 (  0%)]  Loss:  1.626823 (1.6268)  Time: 0.365s, 1403.92/s  (0.365s, 1403.92/s)  LR: 1.220e-03  Data: 0.091 (0.091)
2024-07-10 14:05:41,064 -                train: [    INFO] - Train: 97 [  96/97 (100%)]  Loss:  1.968609 (1.7977)  Time: 0.272s, 1885.14/s  (0.281s, 1824.32/s)  LR: 1.220e-03  Data: 0.000 (0.005)
2024-07-10 14:05:41,177 -                train: [    INFO] - Test: [   0/19]  Time: 0.112 (0.112)  Loss:  1.0488 (1.0488)  Acc@1: 72.6562 (72.6562)  Acc@5: 91.0156 (91.0156)
2024-07-10 14:05:41,896 -                train: [    INFO] - Test: [  19/19]  Time: 0.024 (0.042)  Loss:  1.1445 (1.0863)  Acc@1: 69.4853 (70.2500)  Acc@5: 89.7059 (91.5700)
2024-07-10 14:05:42,117 -                train: [    INFO] - *** Best metric: 71.34999997558593 (epoch 91)
2024-07-10 14:05:42,484 -                train: [    INFO] - Train: 98 [   0/97 (  0%)]  Loss:  1.581468 (1.5815)  Time: 0.364s, 1405.29/s  (0.364s, 1405.29/s)  LR: 1.216e-03  Data: 0.094 (0.094)
2024-07-10 14:06:08,987 -                train: [    INFO] - Train: 98 [  96/97 (100%)]  Loss:  2.477843 (2.0297)  Time: 0.271s, 1886.46/s  (0.277s, 1848.62/s)  LR: 1.216e-03  Data: 0.000 (0.004)
2024-07-10 14:06:09,100 -                train: [    INFO] - Test: [   0/19]  Time: 0.112 (0.112)  Loss:  1.0566 (1.0566)  Acc@1: 70.8984 (70.8984)  Acc@5: 90.4297 (90.4297)
2024-07-10 14:06:09,832 -                train: [    INFO] - Test: [  19/19]  Time: 0.028 (0.042)  Loss:  1.1064 (1.0339)  Acc@1: 69.1176 (71.5500)  Acc@5: 91.5441 (92.2300)
2024-07-10 14:06:10,010 - timm.utils.checkpoint_saver: [    INFO] - Current checkpoints:
 ('./output/train/20240710-131949-vitsnn-32/checkpoint-98.pth.tar', 71.54999995117187)
 ('./output/train/20240710-131949-vitsnn-32/checkpoint-91.pth.tar', 71.34999997558593)

2024-07-10 14:06:10,010 -                train: [    INFO] - *** Best metric: 71.54999995117187 (epoch 98)
2024-07-10 14:06:10,353 -                train: [    INFO] - Train: 99 [   0/97 (  0%)]  Loss:  1.820516 (1.8205)  Time: 0.342s, 1496.78/s  (0.342s, 1496.78/s)  LR: 1.212e-03  Data: 0.071 (0.071)
2024-07-10 14:06:36,965 -                train: [    INFO] - Train: 99 [  96/97 (100%)]  Loss:  1.956237 (1.8884)  Time: 0.271s, 1887.32/s  (0.278s, 1842.72/s)  LR: 1.212e-03  Data: 0.000 (0.004)
2024-07-10 14:06:37,082 -                train: [    INFO] - Test: [   0/19]  Time: 0.116 (0.116)  Loss:  1.0752 (1.0752)  Acc@1: 70.7031 (70.7031)  Acc@5: 91.9922 (91.9922)
2024-07-10 14:06:37,841 -                train: [    INFO] - Test: [  19/19]  Time: 0.034 (0.044)  Loss:  1.1357 (1.0546)  Acc@1: 74.6324 (71.4200)  Acc@5: 88.2353 (92.0500)
2024-07-10 14:06:38,063 - timm.utils.checkpoint_saver: [    INFO] - Current checkpoints:
 ('./output/train/20240710-131949-vitsnn-32/checkpoint-98.pth.tar', 71.54999995117187)
 ('./output/train/20240710-131949-vitsnn-32/checkpoint-99.pth.tar', 71.42000004882813)

2024-07-10 14:06:38,063 -                train: [    INFO] - *** Best metric: 71.54999995117187 (epoch 98)
2024-07-10 14:06:38,406 -                train: [    INFO] - Train: 100 [   0/97 (  0%)]  Loss:  2.349983 (2.3500)  Time: 0.341s, 1500.27/s  (0.341s, 1500.27/s)  LR: 1.209e-03  Data: 0.071 (0.071)
2024-07-10 14:07:05,207 -                train: [    INFO] - Train: 100 [  96/97 (100%)]  Loss:  2.036429 (2.1932)  Time: 0.271s, 1891.22/s  (0.280s, 1829.92/s)  LR: 1.209e-03  Data: 0.000 (0.004)
2024-07-10 14:07:05,327 -                train: [    INFO] - Test: [   0/19]  Time: 0.118 (0.118)  Loss:  1.0654 (1.0654)  Acc@1: 71.4844 (71.4844)  Acc@5: 91.9922 (91.9922)
2024-07-10 14:07:06,055 -                train: [    INFO] - Test: [  19/19]  Time: 0.028 (0.042)  Loss:  1.1807 (1.0919)  Acc@1: 68.7500 (70.1400)  Acc@5: 89.3382 (91.4800)
2024-07-10 14:07:06,214 -                train: [    INFO] - *** Best metric: 71.54999995117187 (epoch 98)
2024-07-10 14:07:06,576 -                train: [    INFO] - Train: 101 [   0/97 (  0%)]  Loss:  2.145052 (2.1451)  Time: 0.360s, 1421.32/s  (0.360s, 1421.32/s)  LR: 1.205e-03  Data: 0.081 (0.081)
2024-07-10 14:07:33,175 -                train: [    INFO] - Train: 101 [  96/97 (100%)]  Loss:  2.105107 (2.1251)  Time: 0.271s, 1890.97/s  (0.278s, 1842.32/s)  LR: 1.205e-03  Data: 0.000 (0.004)
2024-07-10 14:07:33,289 -                train: [    INFO] - Test: [   0/19]  Time: 0.113 (0.113)  Loss:  1.0391 (1.0391)  Acc@1: 72.6562 (72.6562)  Acc@5: 92.7734 (92.7734)
2024-07-10 14:07:34,062 -                train: [    INFO] - Test: [  19/19]  Time: 0.028 (0.044)  Loss:  1.1221 (1.0417)  Acc@1: 70.9559 (71.4100)  Acc@5: 88.9706 (92.5500)
2024-07-10 14:07:34,229 -                train: [    INFO] - *** Best metric: 71.54999995117187 (epoch 98)
2024-07-10 14:07:34,591 -                train: [    INFO] - Train: 102 [   0/97 (  0%)]  Loss:  1.811964 (1.8120)  Time: 0.360s, 1421.40/s  (0.360s, 1421.40/s)  LR: 1.201e-03  Data: 0.089 (0.089)
2024-07-10 14:08:01,205 -                train: [    INFO] - Train: 102 [  96/97 (100%)]  Loss:  2.328379 (2.0702)  Time: 0.271s, 1886.86/s  (0.278s, 1841.31/s)  LR: 1.201e-03  Data: 0.000 (0.004)
2024-07-10 14:08:01,315 -                train: [    INFO] - Test: [   0/19]  Time: 0.109 (0.109)  Loss:  1.0352 (1.0352)  Acc@1: 72.2656 (72.2656)  Acc@5: 90.8203 (90.8203)
2024-07-10 14:08:02,074 -                train: [    INFO] - Test: [  19/19]  Time: 0.034 (0.043)  Loss:  1.1045 (1.0541)  Acc@1: 70.5882 (71.3400)  Acc@5: 89.7059 (91.9200)
2024-07-10 14:08:02,278 -                train: [    INFO] - *** Best metric: 71.54999995117187 (epoch 98)
2024-07-10 14:08:02,625 -                train: [    INFO] - Train: 103 [   0/97 (  0%)]  Loss:  1.845104 (1.8451)  Time: 0.345s, 1482.45/s  (0.345s, 1482.45/s)  LR: 1.197e-03  Data: 0.076 (0.076)
2024-07-10 14:08:29,196 -                train: [    INFO] - Train: 103 [  96/97 (100%)]  Loss:  2.182013 (2.0136)  Time: 0.271s, 1889.24/s  (0.277s, 1845.25/s)  LR: 1.197e-03  Data: 0.000 (0.004)
2024-07-10 14:08:29,313 -                train: [    INFO] - Test: [   0/19]  Time: 0.116 (0.116)  Loss:  1.0254 (1.0254)  Acc@1: 73.0469 (73.0469)  Acc@5: 91.2109 (91.2109)
2024-07-10 14:08:30,060 -                train: [    INFO] - Test: [  19/19]  Time: 0.049 (0.043)  Loss:  1.0977 (1.0334)  Acc@1: 71.3235 (71.7600)  Acc@5: 90.8088 (92.1700)
2024-07-10 14:08:30,290 - timm.utils.checkpoint_saver: [    INFO] - Current checkpoints:
 ('./output/train/20240710-131949-vitsnn-32/checkpoint-103.pth.tar', 71.76000007324218)
 ('./output/train/20240710-131949-vitsnn-32/checkpoint-98.pth.tar', 71.54999995117187)

2024-07-10 14:08:30,290 -                train: [    INFO] - *** Best metric: 71.76000007324218 (epoch 103)
2024-07-10 14:08:30,630 -                train: [    INFO] - Train: 104 [   0/97 (  0%)]  Loss:  1.733042 (1.7330)  Time: 0.338s, 1512.86/s  (0.338s, 1512.86/s)  LR: 1.193e-03  Data: 0.069 (0.069)
2024-07-10 14:08:57,357 -                train: [    INFO] - Train: 104 [  96/97 (100%)]  Loss:  1.755469 (1.7443)  Time: 0.271s, 1886.69/s  (0.279s, 1835.09/s)  LR: 1.193e-03  Data: 0.000 (0.004)
2024-07-10 14:08:57,472 -                train: [    INFO] - Test: [   0/19]  Time: 0.114 (0.114)  Loss:  1.0244 (1.0244)  Acc@1: 72.2656 (72.2656)  Acc@5: 90.8203 (90.8203)
2024-07-10 14:08:58,213 -                train: [    INFO] - Test: [  19/19]  Time: 0.027 (0.043)  Loss:  1.0244 (1.0020)  Acc@1: 70.9559 (72.2400)  Acc@5: 92.2794 (92.5700)
2024-07-10 14:08:58,385 - timm.utils.checkpoint_saver: [    INFO] - Current checkpoints:
 ('./output/train/20240710-131949-vitsnn-32/checkpoint-104.pth.tar', 72.23999991455078)
 ('./output/train/20240710-131949-vitsnn-32/checkpoint-103.pth.tar', 71.76000007324218)

2024-07-10 14:08:58,386 -                train: [    INFO] - *** Best metric: 72.23999991455078 (epoch 104)
2024-07-10 14:08:58,725 -                train: [    INFO] - Train: 105 [   0/97 (  0%)]  Loss:  1.978081 (1.9781)  Time: 0.338s, 1514.68/s  (0.338s, 1514.68/s)  LR: 1.189e-03  Data: 0.068 (0.068)
2024-07-10 14:09:25,343 -                train: [    INFO] - Train: 105 [  96/97 (100%)]  Loss:  1.822901 (1.9005)  Time: 0.272s, 1885.59/s  (0.278s, 1842.57/s)  LR: 1.189e-03  Data: 0.000 (0.004)
2024-07-10 14:09:25,452 -                train: [    INFO] - Test: [   0/19]  Time: 0.108 (0.108)  Loss:  0.9912 (0.9912)  Acc@1: 73.4375 (73.4375)  Acc@5: 92.7734 (92.7734)
2024-07-10 14:09:26,169 -                train: [    INFO] - Test: [  19/19]  Time: 0.023 (0.041)  Loss:  1.1250 (1.0351)  Acc@1: 67.2794 (71.2000)  Acc@5: 91.1765 (92.4000)
2024-07-10 14:09:26,322 -                train: [    INFO] - *** Best metric: 72.23999991455078 (epoch 104)
2024-07-10 14:09:26,662 -                train: [    INFO] - Train: 106 [   0/97 (  0%)]  Loss:  1.737044 (1.7370)  Time: 0.338s, 1514.85/s  (0.338s, 1514.85/s)  LR: 1.185e-03  Data: 0.068 (0.068)
2024-07-10 14:09:53,514 -                train: [    INFO] - Train: 106 [  96/97 (100%)]  Loss:  1.768183 (1.7526)  Time: 0.378s, 1353.15/s  (0.280s, 1826.72/s)  LR: 1.185e-03  Data: 0.000 (0.004)
2024-07-10 14:09:53,625 -                train: [    INFO] - Test: [   0/19]  Time: 0.109 (0.109)  Loss:  1.0215 (1.0215)  Acc@1: 70.8984 (70.8984)  Acc@5: 92.1875 (92.1875)
2024-07-10 14:09:54,354 -                train: [    INFO] - Test: [  19/19]  Time: 0.027 (0.042)  Loss:  1.0117 (1.0018)  Acc@1: 76.1029 (72.2700)  Acc@5: 90.4412 (92.3700)
2024-07-10 14:09:54,529 - timm.utils.checkpoint_saver: [    INFO] - Current checkpoints:
 ('./output/train/20240710-131949-vitsnn-32/checkpoint-106.pth.tar', 72.27000006103516)
 ('./output/train/20240710-131949-vitsnn-32/checkpoint-104.pth.tar', 72.23999991455078)

2024-07-10 14:09:54,529 -                train: [    INFO] - *** Best metric: 72.27000006103516 (epoch 106)
2024-07-10 14:09:54,885 -                train: [    INFO] - Train: 107 [   0/97 (  0%)]  Loss:  2.380940 (2.3809)  Time: 0.355s, 1442.21/s  (0.355s, 1442.21/s)  LR: 1.181e-03  Data: 0.084 (0.084)
2024-07-10 14:10:21,594 -                train: [    INFO] - Train: 107 [  96/97 (100%)]  Loss:  2.075500 (2.2282)  Time: 0.272s, 1881.25/s  (0.279s, 1835.27/s)  LR: 1.181e-03  Data: 0.000 (0.004)
2024-07-10 14:10:21,698 -                train: [    INFO] - Test: [   0/19]  Time: 0.102 (0.102)  Loss:  1.0176 (1.0176)  Acc@1: 72.2656 (72.2656)  Acc@5: 92.5781 (92.5781)
2024-07-10 14:10:22,456 -                train: [    INFO] - Test: [  19/19]  Time: 0.027 (0.043)  Loss:  1.0801 (1.0382)  Acc@1: 72.4265 (71.4100)  Acc@5: 90.4412 (92.2200)
2024-07-10 14:10:22,615 -                train: [    INFO] - *** Best metric: 72.27000006103516 (epoch 106)
2024-07-10 14:10:22,985 -                train: [    INFO] - Train: 108 [   0/97 (  0%)]  Loss:  2.310567 (2.3106)  Time: 0.368s, 1389.61/s  (0.368s, 1389.61/s)  LR: 1.176e-03  Data: 0.095 (0.095)
2024-07-10 14:10:49,736 -                train: [    INFO] - Train: 108 [  96/97 (100%)]  Loss:  1.922932 (2.1167)  Time: 0.271s, 1891.26/s  (0.280s, 1831.42/s)  LR: 1.176e-03  Data: 0.000 (0.004)
2024-07-10 14:10:49,859 -                train: [    INFO] - Test: [   0/19]  Time: 0.121 (0.121)  Loss:  0.9946 (0.9946)  Acc@1: 73.0469 (73.0469)  Acc@5: 91.9922 (91.9922)
2024-07-10 14:10:50,602 -                train: [    INFO] - Test: [  19/19]  Time: 0.028 (0.043)  Loss:  1.0723 (0.9939)  Acc@1: 69.8529 (72.1500)  Acc@5: 91.5441 (92.7200)
2024-07-10 14:10:50,772 -                train: [    INFO] - *** Best metric: 72.27000006103516 (epoch 106)
2024-07-10 14:10:51,115 -                train: [    INFO] - Train: 109 [   0/97 (  0%)]  Loss:  1.684151 (1.6842)  Time: 0.341s, 1501.28/s  (0.341s, 1501.28/s)  LR: 1.172e-03  Data: 0.071 (0.071)
2024-07-10 14:11:17,576 -                train: [    INFO] - Train: 109 [  96/97 (100%)]  Loss:  1.741037 (1.7126)  Time: 0.271s, 1891.08/s  (0.276s, 1853.14/s)  LR: 1.172e-03  Data: 0.000 (0.004)
2024-07-10 14:11:17,686 -                train: [    INFO] - Test: [   0/19]  Time: 0.109 (0.109)  Loss:  1.0078 (1.0078)  Acc@1: 74.0234 (74.0234)  Acc@5: 91.9922 (91.9922)
2024-07-10 14:11:18,444 -                train: [    INFO] - Test: [  19/19]  Time: 0.028 (0.043)  Loss:  1.1113 (1.0092)  Acc@1: 67.6471 (72.0500)  Acc@5: 91.1765 (92.5000)
2024-07-10 14:11:18,608 -                train: [    INFO] - *** Best metric: 72.27000006103516 (epoch 106)
2024-07-10 14:11:18,962 -                train: [    INFO] - Train: 110 [   0/97 (  0%)]  Loss:  1.813752 (1.8138)  Time: 0.353s, 1452.25/s  (0.353s, 1452.25/s)  LR: 1.168e-03  Data: 0.082 (0.082)
2024-07-10 14:11:45,578 -                train: [    INFO] - Train: 110 [  96/97 (100%)]  Loss:  2.252690 (2.0332)  Time: 0.271s, 1886.51/s  (0.278s, 1841.71/s)  LR: 1.168e-03  Data: 0.000 (0.004)
2024-07-10 14:11:45,687 -                train: [    INFO] - Test: [   0/19]  Time: 0.108 (0.108)  Loss:  1.0273 (1.0273)  Acc@1: 70.8984 (70.8984)  Acc@5: 92.9688 (92.9688)
2024-07-10 14:11:46,431 -                train: [    INFO] - Test: [  19/19]  Time: 0.028 (0.043)  Loss:  1.0830 (1.0425)  Acc@1: 73.5294 (71.6100)  Acc@5: 90.8088 (92.3700)
2024-07-10 14:11:46,598 -                train: [    INFO] - *** Best metric: 72.27000006103516 (epoch 106)
2024-07-10 14:11:46,946 -                train: [    INFO] - Train: 111 [   0/97 (  0%)]  Loss:  1.976386 (1.9764)  Time: 0.346s, 1478.14/s  (0.346s, 1478.14/s)  LR: 1.164e-03  Data: 0.073 (0.073)
2024-07-10 14:12:13,751 -                train: [    INFO] - Train: 111 [  96/97 (100%)]  Loss:  2.123795 (2.0501)  Time: 0.271s, 1886.62/s  (0.280s, 1829.33/s)  LR: 1.164e-03  Data: 0.000 (0.004)
2024-07-10 14:12:13,865 -                train: [    INFO] - Test: [   0/19]  Time: 0.113 (0.113)  Loss:  0.9414 (0.9414)  Acc@1: 73.6328 (73.6328)  Acc@5: 91.7969 (91.7969)
2024-07-10 14:12:14,607 -                train: [    INFO] - Test: [  19/19]  Time: 0.028 (0.043)  Loss:  0.9922 (0.9839)  Acc@1: 73.5294 (72.1900)  Acc@5: 93.3824 (93.2500)
2024-07-10 14:12:14,780 -                train: [    INFO] - *** Best metric: 72.27000006103516 (epoch 106)
2024-07-10 14:12:15,130 -                train: [    INFO] - Train: 112 [   0/97 (  0%)]  Loss:  1.662806 (1.6628)  Time: 0.349s, 1467.35/s  (0.349s, 1467.35/s)  LR: 1.160e-03  Data: 0.074 (0.074)
2024-07-10 14:12:41,646 -                train: [    INFO] - Train: 112 [  96/97 (100%)]  Loss:  1.793706 (1.7283)  Time: 0.271s, 1890.66/s  (0.277s, 1848.79/s)  LR: 1.160e-03  Data: 0.000 (0.004)
2024-07-10 14:12:41,752 -                train: [    INFO] - Test: [   0/19]  Time: 0.105 (0.105)  Loss:  0.9473 (0.9473)  Acc@1: 73.8281 (73.8281)  Acc@5: 92.3828 (92.3828)
2024-07-10 14:12:42,495 -                train: [    INFO] - Test: [  19/19]  Time: 0.034 (0.042)  Loss:  1.0020 (0.9787)  Acc@1: 73.1618 (72.5300)  Acc@5: 91.5441 (92.9200)
2024-07-10 14:12:42,679 - timm.utils.checkpoint_saver: [    INFO] - Current checkpoints:
 ('./output/train/20240710-131949-vitsnn-32/checkpoint-112.pth.tar', 72.53000003662109)
 ('./output/train/20240710-131949-vitsnn-32/checkpoint-106.pth.tar', 72.27000006103516)

2024-07-10 14:12:42,680 -                train: [    INFO] - *** Best metric: 72.53000003662109 (epoch 112)
2024-07-10 14:12:43,033 -                train: [    INFO] - Train: 113 [   0/97 (  0%)]  Loss:  1.730440 (1.7304)  Time: 0.351s, 1458.59/s  (0.351s, 1458.59/s)  LR: 1.155e-03  Data: 0.081 (0.081)
2024-07-10 14:13:09,633 -                train: [    INFO] - Train: 113 [  96/97 (100%)]  Loss:  1.849770 (1.7901)  Time: 0.271s, 1890.82/s  (0.278s, 1842.86/s)  LR: 1.155e-03  Data: 0.000 (0.004)
2024-07-10 14:13:09,748 -                train: [    INFO] - Test: [   0/19]  Time: 0.114 (0.114)  Loss:  1.0107 (1.0107)  Acc@1: 72.0703 (72.0703)  Acc@5: 91.6016 (91.6016)
2024-07-10 14:13:10,497 -                train: [    INFO] - Test: [  19/19]  Time: 0.028 (0.043)  Loss:  1.0947 (1.0148)  Acc@1: 71.3235 (71.8600)  Acc@5: 91.1765 (92.2200)
2024-07-10 14:13:10,653 -                train: [    INFO] - *** Best metric: 72.53000003662109 (epoch 112)
2024-07-10 14:13:11,026 -                train: [    INFO] - Train: 114 [   0/97 (  0%)]  Loss:  1.871026 (1.8710)  Time: 0.370s, 1383.24/s  (0.370s, 1383.24/s)  LR: 1.151e-03  Data: 0.083 (0.083)
2024-07-10 14:13:37,641 -                train: [    INFO] - Train: 114 [  96/97 (100%)]  Loss:  1.724077 (1.7976)  Time: 0.271s, 1887.68/s  (0.278s, 1840.54/s)  LR: 1.151e-03  Data: 0.000 (0.004)
2024-07-10 14:13:37,756 -                train: [    INFO] - Test: [   0/19]  Time: 0.114 (0.114)  Loss:  0.9756 (0.9756)  Acc@1: 73.0469 (73.0469)  Acc@5: 93.3594 (93.3594)
2024-07-10 14:13:38,472 -                train: [    INFO] - Test: [  19/19]  Time: 0.024 (0.042)  Loss:  1.0049 (1.0099)  Acc@1: 74.2647 (71.8600)  Acc@5: 92.2794 (92.8100)
2024-07-10 14:13:38,684 -                train: [    INFO] - *** Best metric: 72.53000003662109 (epoch 112)
2024-07-10 14:13:39,020 -                train: [    INFO] - Train: 115 [   0/97 (  0%)]  Loss:  2.027019 (2.0270)  Time: 0.335s, 1527.86/s  (0.335s, 1527.86/s)  LR: 1.147e-03  Data: 0.065 (0.065)
2024-07-10 14:14:05,635 -                train: [    INFO] - Train: 115 [  96/97 (100%)]  Loss:  2.203649 (2.1153)  Time: 0.271s, 1887.55/s  (0.278s, 1842.95/s)  LR: 1.147e-03  Data: 0.000 (0.004)
2024-07-10 14:14:05,746 -                train: [    INFO] - Test: [   0/19]  Time: 0.110 (0.110)  Loss:  0.9946 (0.9946)  Acc@1: 72.8516 (72.8516)  Acc@5: 91.6016 (91.6016)
2024-07-10 14:14:06,494 -                train: [    INFO] - Test: [  19/19]  Time: 0.035 (0.043)  Loss:  1.0898 (1.0052)  Acc@1: 69.1176 (72.0300)  Acc@5: 91.9118 (92.5300)
2024-07-10 14:14:06,665 -                train: [    INFO] - *** Best metric: 72.53000003662109 (epoch 112)
2024-07-10 14:14:07,003 -                train: [    INFO] - Train: 116 [   0/97 (  0%)]  Loss:  2.484857 (2.4849)  Time: 0.336s, 1523.13/s  (0.336s, 1523.13/s)  LR: 1.142e-03  Data: 0.065 (0.065)
2024-07-10 14:14:33,729 -                train: [    INFO] - Train: 116 [  96/97 (100%)]  Loss:  2.019030 (2.2519)  Time: 0.271s, 1885.85/s  (0.279s, 1835.35/s)  LR: 1.142e-03  Data: 0.000 (0.004)
2024-07-10 14:14:33,842 -                train: [    INFO] - Test: [   0/19]  Time: 0.112 (0.112)  Loss:  1.0273 (1.0273)  Acc@1: 72.6562 (72.6562)  Acc@5: 91.2109 (91.2109)
2024-07-10 14:14:34,574 -                train: [    INFO] - Test: [  19/19]  Time: 0.027 (0.042)  Loss:  1.0557 (1.0072)  Acc@1: 73.8971 (72.5200)  Acc@5: 88.9706 (92.5600)
2024-07-10 14:14:34,805 - timm.utils.checkpoint_saver: [    INFO] - Current checkpoints:
 ('./output/train/20240710-131949-vitsnn-32/checkpoint-112.pth.tar', 72.53000003662109)
 ('./output/train/20240710-131949-vitsnn-32/checkpoint-116.pth.tar', 72.51999993896484)

2024-07-10 14:14:34,806 -                train: [    INFO] - *** Best metric: 72.53000003662109 (epoch 112)
2024-07-10 14:14:35,155 -                train: [    INFO] - Train: 117 [   0/97 (  0%)]  Loss:  1.652095 (1.6521)  Time: 0.348s, 1471.92/s  (0.348s, 1471.92/s)  LR: 1.138e-03  Data: 0.077 (0.077)
2024-07-10 14:15:01,648 -                train: [    INFO] - Train: 117 [  96/97 (100%)]  Loss:  2.025105 (1.8386)  Time: 0.271s, 1886.51/s  (0.277s, 1850.46/s)  LR: 1.138e-03  Data: 0.000 (0.004)
2024-07-10 14:15:01,758 -                train: [    INFO] - Test: [   0/19]  Time: 0.109 (0.109)  Loss:  0.9658 (0.9658)  Acc@1: 73.6328 (73.6328)  Acc@5: 91.6016 (91.6016)
2024-07-10 14:15:02,501 -                train: [    INFO] - Test: [  19/19]  Time: 0.027 (0.043)  Loss:  1.0430 (0.9934)  Acc@1: 71.3235 (72.7100)  Acc@5: 91.9118 (92.7900)
2024-07-10 14:15:02,703 - timm.utils.checkpoint_saver: [    INFO] - Current checkpoints:
 ('./output/train/20240710-131949-vitsnn-32/checkpoint-117.pth.tar', 72.71000007324218)
 ('./output/train/20240710-131949-vitsnn-32/checkpoint-112.pth.tar', 72.53000003662109)

2024-07-10 14:15:02,703 -                train: [    INFO] - *** Best metric: 72.71000007324218 (epoch 117)
2024-07-10 14:15:03,046 -                train: [    INFO] - Train: 118 [   0/97 (  0%)]  Loss:  1.861955 (1.8620)  Time: 0.340s, 1504.97/s  (0.340s, 1504.97/s)  LR: 1.134e-03  Data: 0.070 (0.070)
2024-07-10 14:15:29,791 -                train: [    INFO] - Train: 118 [  96/97 (100%)]  Loss:  1.879962 (1.8710)  Time: 0.271s, 1889.98/s  (0.279s, 1833.74/s)  LR: 1.134e-03  Data: 0.000 (0.004)
2024-07-10 14:15:29,903 -                train: [    INFO] - Test: [   0/19]  Time: 0.111 (0.111)  Loss:  0.9990 (0.9990)  Acc@1: 72.6562 (72.6562)  Acc@5: 91.9922 (91.9922)
2024-07-10 14:15:30,645 -                train: [    INFO] - Test: [  19/19]  Time: 0.028 (0.043)  Loss:  0.9468 (0.9737)  Acc@1: 72.7941 (72.8700)  Acc@5: 93.0147 (92.7800)
2024-07-10 14:15:30,817 - timm.utils.checkpoint_saver: [    INFO] - Current checkpoints:
 ('./output/train/20240710-131949-vitsnn-32/checkpoint-118.pth.tar', 72.86999987792969)
 ('./output/train/20240710-131949-vitsnn-32/checkpoint-117.pth.tar', 72.71000007324218)

2024-07-10 14:15:30,818 -                train: [    INFO] - *** Best metric: 72.86999987792969 (epoch 118)
2024-07-10 14:15:31,163 -                train: [    INFO] - Train: 119 [   0/97 (  0%)]  Loss:  2.197668 (2.1977)  Time: 0.344s, 1489.78/s  (0.344s, 1489.78/s)  LR: 1.129e-03  Data: 0.074 (0.074)
2024-07-10 14:15:57,671 -                train: [    INFO] - Train: 119 [  96/97 (100%)]  Loss:  1.673776 (1.9357)  Time: 0.271s, 1890.81/s  (0.277s, 1849.67/s)  LR: 1.129e-03  Data: 0.000 (0.004)
2024-07-10 14:15:57,784 -                train: [    INFO] - Test: [   0/19]  Time: 0.111 (0.111)  Loss:  1.0137 (1.0137)  Acc@1: 73.6328 (73.6328)  Acc@5: 91.4062 (91.4062)
2024-07-10 14:15:58,524 -                train: [    INFO] - Test: [  19/19]  Time: 0.027 (0.043)  Loss:  1.0889 (1.0246)  Acc@1: 70.2206 (71.7800)  Acc@5: 89.3382 (92.1700)
2024-07-10 14:15:58,682 -                train: [    INFO] - *** Best metric: 72.86999987792969 (epoch 118)
2024-07-10 14:15:59,032 -                train: [    INFO] - Train: 120 [   0/97 (  0%)]  Loss:  1.653455 (1.6535)  Time: 0.349s, 1468.63/s  (0.349s, 1468.63/s)  LR: 1.125e-03  Data: 0.076 (0.076)
2024-07-10 14:16:25,831 -                train: [    INFO] - Train: 120 [  96/97 (100%)]  Loss:  2.049439 (1.8514)  Time: 0.274s, 1866.26/s  (0.280s, 1829.53/s)  LR: 1.125e-03  Data: 0.000 (0.005)
2024-07-10 14:16:25,954 -                train: [    INFO] - Test: [   0/19]  Time: 0.121 (0.121)  Loss:  0.9346 (0.9346)  Acc@1: 76.1719 (76.1719)  Acc@5: 92.9688 (92.9688)
2024-07-10 14:16:26,692 -                train: [    INFO] - Test: [  19/19]  Time: 0.027 (0.043)  Loss:  0.9785 (0.9765)  Acc@1: 71.3235 (73.2000)  Acc@5: 92.2794 (92.9500)
2024-07-10 14:16:26,876 - timm.utils.checkpoint_saver: [    INFO] - Current checkpoints:
 ('./output/train/20240710-131949-vitsnn-32/checkpoint-120.pth.tar', 73.2000000732422)
 ('./output/train/20240710-131949-vitsnn-32/checkpoint-118.pth.tar', 72.86999987792969)

2024-07-10 14:16:26,876 -                train: [    INFO] - *** Best metric: 73.2000000732422 (epoch 120)
2024-07-10 14:16:27,227 -                train: [    INFO] - Train: 121 [   0/97 (  0%)]  Loss:  2.445662 (2.4457)  Time: 0.350s, 1461.23/s  (0.350s, 1461.23/s)  LR: 1.120e-03  Data: 0.071 (0.071)
2024-07-10 14:16:54,022 -                train: [    INFO] - Train: 121 [  96/97 (100%)]  Loss:  1.868794 (2.1572)  Time: 0.271s, 1889.99/s  (0.280s, 1829.75/s)  LR: 1.120e-03  Data: 0.000 (0.004)
2024-07-10 14:16:54,132 -                train: [    INFO] - Test: [   0/19]  Time: 0.109 (0.109)  Loss:  1.0039 (1.0039)  Acc@1: 74.6094 (74.6094)  Acc@5: 93.7500 (93.7500)
2024-07-10 14:16:54,878 -                train: [    INFO] - Test: [  19/19]  Time: 0.034 (0.043)  Loss:  1.0215 (1.0185)  Acc@1: 73.8971 (71.9900)  Acc@5: 90.8088 (92.6400)
2024-07-10 14:16:55,045 -                train: [    INFO] - *** Best metric: 73.2000000732422 (epoch 120)
2024-07-10 14:16:55,391 -                train: [    INFO] - Train: 122 [   0/97 (  0%)]  Loss:  2.052337 (2.0523)  Time: 0.344s, 1488.89/s  (0.344s, 1488.89/s)  LR: 1.116e-03  Data: 0.072 (0.072)
2024-07-10 14:17:21,879 -                train: [    INFO] - Train: 122 [  96/97 (100%)]  Loss:  1.547857 (1.8001)  Time: 0.271s, 1888.13/s  (0.277s, 1851.04/s)  LR: 1.116e-03  Data: 0.000 (0.004)
2024-07-10 14:17:21,997 -                train: [    INFO] - Test: [   0/19]  Time: 0.116 (0.116)  Loss:  1.0684 (1.0684)  Acc@1: 72.2656 (72.2656)  Acc@5: 91.0156 (91.0156)
2024-07-10 14:17:22,732 -                train: [    INFO] - Test: [  19/19]  Time: 0.030 (0.043)  Loss:  1.1162 (1.0226)  Acc@1: 69.8529 (71.7100)  Acc@5: 90.0735 (92.6400)
2024-07-10 14:17:22,905 -                train: [    INFO] - *** Best metric: 73.2000000732422 (epoch 120)
2024-07-10 14:17:23,263 -                train: [    INFO] - Train: 123 [   0/97 (  0%)]  Loss:  2.110198 (2.1102)  Time: 0.357s, 1434.64/s  (0.357s, 1434.64/s)  LR: 1.111e-03  Data: 0.083 (0.083)
2024-07-10 14:17:49,960 -                train: [    INFO] - Train: 123 [  96/97 (100%)]  Loss:  2.393847 (2.2520)  Time: 0.271s, 1886.72/s  (0.279s, 1835.88/s)  LR: 1.111e-03  Data: 0.000 (0.004)
2024-07-10 14:17:50,072 -                train: [    INFO] - Test: [   0/19]  Time: 0.110 (0.110)  Loss:  0.9907 (0.9907)  Acc@1: 74.0234 (74.0234)  Acc@5: 91.2109 (91.2109)
2024-07-10 14:17:50,837 -                train: [    INFO] - Test: [  19/19]  Time: 0.042 (0.044)  Loss:  1.0059 (0.9950)  Acc@1: 71.3235 (72.8200)  Acc@5: 90.8088 (92.4500)
2024-07-10 14:17:51,071 -                train: [    INFO] - *** Best metric: 73.2000000732422 (epoch 120)
2024-07-10 14:17:51,416 -                train: [    INFO] - Train: 124 [   0/97 (  0%)]  Loss:  2.420775 (2.4208)  Time: 0.343s, 1492.14/s  (0.343s, 1492.14/s)  LR: 1.107e-03  Data: 0.072 (0.072)
2024-07-10 14:18:17,970 -                train: [    INFO] - Train: 124 [  96/97 (100%)]  Loss:  2.567280 (2.4940)  Time: 0.271s, 1888.63/s  (0.277s, 1846.56/s)  LR: 1.107e-03  Data: 0.000 (0.004)
2024-07-10 14:18:18,081 -                train: [    INFO] - Test: [   0/19]  Time: 0.110 (0.110)  Loss:  1.0166 (1.0166)  Acc@1: 73.6328 (73.6328)  Acc@5: 92.3828 (92.3828)
2024-07-10 14:18:18,826 -                train: [    INFO] - Test: [  19/19]  Time: 0.042 (0.043)  Loss:  1.0078 (1.0159)  Acc@1: 73.8971 (72.4400)  Acc@5: 93.0147 (92.4000)
2024-07-10 14:18:19,064 -                train: [    INFO] - *** Best metric: 73.2000000732422 (epoch 120)
2024-07-10 14:18:19,397 -                train: [    INFO] - Train: 125 [   0/97 (  0%)]  Loss:  1.641718 (1.6417)  Time: 0.332s, 1543.65/s  (0.332s, 1543.65/s)  LR: 1.102e-03  Data: 0.060 (0.060)
2024-07-10 14:18:46,145 -                train: [    INFO] - Train: 125 [  96/97 (100%)]  Loss:  2.117627 (1.8797)  Time: 0.271s, 1887.14/s  (0.279s, 1834.15/s)  LR: 1.102e-03  Data: 0.000 (0.004)
2024-07-10 14:18:46,262 -                train: [    INFO] - Test: [   0/19]  Time: 0.116 (0.116)  Loss:  1.0117 (1.0117)  Acc@1: 70.5078 (70.5078)  Acc@5: 92.9688 (92.9688)
2024-07-10 14:18:47,008 -                train: [    INFO] - Test: [  19/19]  Time: 0.028 (0.043)  Loss:  0.9990 (1.0010)  Acc@1: 73.1618 (72.1900)  Acc@5: 90.0735 (92.9000)
2024-07-10 14:18:47,185 -                train: [    INFO] - *** Best metric: 73.2000000732422 (epoch 120)
2024-07-10 14:18:47,522 -                train: [    INFO] - Train: 126 [   0/97 (  0%)]  Loss:  2.383520 (2.3835)  Time: 0.334s, 1532.28/s  (0.334s, 1532.28/s)  LR: 1.098e-03  Data: 0.064 (0.064)
2024-07-10 14:19:14,256 -                train: [    INFO] - Train: 126 [  96/97 (100%)]  Loss:  1.965488 (2.1745)  Time: 0.271s, 1890.62/s  (0.279s, 1834.87/s)  LR: 1.098e-03  Data: 0.000 (0.004)
2024-07-10 14:19:14,366 -                train: [    INFO] - Test: [   0/19]  Time: 0.109 (0.109)  Loss:  1.0176 (1.0176)  Acc@1: 72.6562 (72.6562)  Acc@5: 91.4062 (91.4062)
2024-07-10 14:19:15,087 -                train: [    INFO] - Test: [  19/19]  Time: 0.024 (0.041)  Loss:  1.0371 (1.0176)  Acc@1: 74.2647 (72.2900)  Acc@5: 90.8088 (92.2900)
2024-07-10 14:19:15,253 -                train: [    INFO] - *** Best metric: 73.2000000732422 (epoch 120)
2024-07-10 14:19:15,617 -                train: [    INFO] - Train: 127 [   0/97 (  0%)]  Loss:  1.989203 (1.9892)  Time: 0.362s, 1415.32/s  (0.362s, 1415.32/s)  LR: 1.093e-03  Data: 0.087 (0.087)
2024-07-10 14:19:42,270 -                train: [    INFO] - Train: 127 [  96/97 (100%)]  Loss:  1.466505 (1.7279)  Time: 0.271s, 1888.77/s  (0.278s, 1838.55/s)  LR: 1.093e-03  Data: 0.000 (0.004)
2024-07-10 14:19:42,382 -                train: [    INFO] - Test: [   0/19]  Time: 0.111 (0.111)  Loss:  0.9619 (0.9619)  Acc@1: 74.6094 (74.6094)  Acc@5: 92.3828 (92.3828)
2024-07-10 14:19:43,119 -                train: [    INFO] - Test: [  19/19]  Time: 0.028 (0.042)  Loss:  1.0010 (0.9754)  Acc@1: 72.4265 (72.8200)  Acc@5: 91.9118 (92.6000)
2024-07-10 14:19:43,294 -                train: [    INFO] - *** Best metric: 73.2000000732422 (epoch 120)
2024-07-10 14:19:43,647 -                train: [    INFO] - Train: 128 [   0/97 (  0%)]  Loss:  2.054012 (2.0540)  Time: 0.351s, 1458.84/s  (0.351s, 1458.84/s)  LR: 1.088e-03  Data: 0.074 (0.074)
2024-07-10 14:20:10,475 -                train: [    INFO] - Train: 128 [  96/97 (100%)]  Loss:  2.072200 (2.0631)  Time: 0.272s, 1881.99/s  (0.280s, 1827.48/s)  LR: 1.088e-03  Data: 0.000 (0.004)
2024-07-10 14:20:10,604 -                train: [    INFO] - Test: [   0/19]  Time: 0.127 (0.127)  Loss:  0.9819 (0.9819)  Acc@1: 73.2422 (73.2422)  Acc@5: 92.1875 (92.1875)
2024-07-10 14:20:11,316 -                train: [    INFO] - Test: [  19/19]  Time: 0.024 (0.042)  Loss:  0.9619 (0.9765)  Acc@1: 75.7353 (72.5300)  Acc@5: 92.6471 (93.2200)
2024-07-10 14:20:11,485 -                train: [    INFO] - *** Best metric: 73.2000000732422 (epoch 120)
2024-07-10 14:20:11,841 -                train: [    INFO] - Train: 129 [   0/97 (  0%)]  Loss:  1.848588 (1.8486)  Time: 0.355s, 1441.16/s  (0.355s, 1441.16/s)  LR: 1.084e-03  Data: 0.084 (0.084)
2024-07-10 14:20:38,570 -                train: [    INFO] - Train: 129 [  96/97 (100%)]  Loss:  1.859756 (1.8542)  Time: 0.272s, 1881.81/s  (0.279s, 1833.81/s)  LR: 1.084e-03  Data: 0.000 (0.004)
2024-07-10 14:20:38,679 -                train: [    INFO] - Test: [   0/19]  Time: 0.106 (0.106)  Loss:  1.0000 (1.0000)  Acc@1: 72.4609 (72.4609)  Acc@5: 91.6016 (91.6016)
2024-07-10 14:20:39,406 -                train: [    INFO] - Test: [  19/19]  Time: 0.024 (0.042)  Loss:  0.9424 (1.0017)  Acc@1: 76.1029 (72.2700)  Acc@5: 92.6471 (92.4400)
2024-07-10 14:20:39,631 -                train: [    INFO] - *** Best metric: 73.2000000732422 (epoch 120)
2024-07-10 14:20:39,982 -                train: [    INFO] - Train: 130 [   0/97 (  0%)]  Loss:  2.331420 (2.3314)  Time: 0.350s, 1464.41/s  (0.350s, 1464.41/s)  LR: 1.079e-03  Data: 0.078 (0.078)
2024-07-10 14:21:06,608 -                train: [    INFO] - Train: 130 [  96/97 (100%)]  Loss:  2.173598 (2.2525)  Time: 0.273s, 1878.33/s  (0.278s, 1841.20/s)  LR: 1.079e-03  Data: 0.000 (0.004)
2024-07-10 14:21:06,720 -                train: [    INFO] - Test: [   0/19]  Time: 0.110 (0.110)  Loss:  0.9844 (0.9844)  Acc@1: 73.4375 (73.4375)  Acc@5: 92.3828 (92.3828)
2024-07-10 14:21:07,447 -                train: [    INFO] - Test: [  19/19]  Time: 0.025 (0.042)  Loss:  1.0195 (0.9934)  Acc@1: 73.1618 (72.3000)  Acc@5: 92.6471 (92.4500)
2024-07-10 14:21:07,635 -                train: [    INFO] - *** Best metric: 73.2000000732422 (epoch 120)
2024-07-10 14:21:07,967 -                train: [    INFO] - Train: 131 [   0/97 (  0%)]  Loss:  2.290678 (2.2907)  Time: 0.331s, 1544.60/s  (0.331s, 1544.60/s)  LR: 1.074e-03  Data: 0.061 (0.061)
2024-07-10 14:21:34,822 -                train: [    INFO] - Train: 131 [  96/97 (100%)]  Loss:  2.035037 (2.1629)  Time: 0.272s, 1885.13/s  (0.280s, 1826.89/s)  LR: 1.074e-03  Data: 0.000 (0.004)
2024-07-10 14:21:34,936 -                train: [    INFO] - Test: [   0/19]  Time: 0.111 (0.111)  Loss:  1.0059 (1.0059)  Acc@1: 74.8047 (74.8047)  Acc@5: 92.5781 (92.5781)
2024-07-10 14:21:35,656 -                train: [    INFO] - Test: [  19/19]  Time: 0.025 (0.042)  Loss:  1.0342 (1.0157)  Acc@1: 72.7941 (72.4300)  Acc@5: 90.4412 (92.6600)
2024-07-10 14:21:35,857 -                train: [    INFO] - *** Best metric: 73.2000000732422 (epoch 120)
2024-07-10 14:21:36,196 -                train: [    INFO] - Train: 132 [   0/97 (  0%)]  Loss:  2.174447 (2.1744)  Time: 0.335s, 1527.50/s  (0.335s, 1527.50/s)  LR: 1.070e-03  Data: 0.064 (0.064)
2024-07-10 14:22:02,833 -                train: [    INFO] - Train: 132 [  96/97 (100%)]  Loss:  1.860913 (2.0177)  Time: 0.272s, 1881.53/s  (0.278s, 1841.36/s)  LR: 1.070e-03  Data: 0.000 (0.004)
2024-07-10 14:22:02,953 -                train: [    INFO] - Test: [   0/19]  Time: 0.118 (0.118)  Loss:  1.0557 (1.0557)  Acc@1: 73.6328 (73.6328)  Acc@5: 90.4297 (90.4297)
2024-07-10 14:22:03,696 -                train: [    INFO] - Test: [  19/19]  Time: 0.028 (0.043)  Loss:  1.0996 (1.0232)  Acc@1: 69.8529 (71.9900)  Acc@5: 91.1765 (92.3500)
2024-07-10 14:22:03,873 -                train: [    INFO] - *** Best metric: 73.2000000732422 (epoch 120)
2024-07-10 14:22:04,219 -                train: [    INFO] - Train: 133 [   0/97 (  0%)]  Loss:  2.467688 (2.4677)  Time: 0.345s, 1485.35/s  (0.345s, 1485.35/s)  LR: 1.065e-03  Data: 0.071 (0.071)
2024-07-10 14:22:30,807 -                train: [    INFO] - Train: 133 [  96/97 (100%)]  Loss:  2.467842 (2.4678)  Time: 0.272s, 1885.23/s  (0.278s, 1844.10/s)  LR: 1.065e-03  Data: 0.000 (0.004)
2024-07-10 14:22:30,922 -                train: [    INFO] - Test: [   0/19]  Time: 0.113 (0.113)  Loss:  0.9878 (0.9878)  Acc@1: 74.0234 (74.0234)  Acc@5: 92.5781 (92.5781)
2024-07-10 14:22:31,652 -                train: [    INFO] - Test: [  19/19]  Time: 0.028 (0.042)  Loss:  1.0391 (0.9869)  Acc@1: 72.0588 (72.7400)  Acc@5: 88.9706 (92.9200)
2024-07-10 14:22:31,826 -                train: [    INFO] - *** Best metric: 73.2000000732422 (epoch 120)
2024-07-10 14:22:32,163 -                train: [    INFO] - Train: 134 [   0/97 (  0%)]  Loss:  1.904275 (1.9043)  Time: 0.335s, 1526.86/s  (0.335s, 1526.86/s)  LR: 1.060e-03  Data: 0.064 (0.064)
2024-07-10 14:22:58,778 -                train: [    INFO] - Train: 134 [  96/97 (100%)]  Loss:  2.111576 (2.0079)  Time: 0.272s, 1885.62/s  (0.278s, 1842.90/s)  LR: 1.060e-03  Data: 0.000 (0.004)
2024-07-10 14:22:58,888 -                train: [    INFO] - Test: [   0/19]  Time: 0.108 (0.108)  Loss:  0.9629 (0.9629)  Acc@1: 77.5391 (77.5391)  Acc@5: 91.7969 (91.7969)
2024-07-10 14:22:59,633 -                train: [    INFO] - Test: [  19/19]  Time: 0.027 (0.043)  Loss:  1.0127 (0.9871)  Acc@1: 74.6324 (72.6900)  Acc@5: 92.2794 (92.6600)
2024-07-10 14:22:59,857 -                train: [    INFO] - *** Best metric: 73.2000000732422 (epoch 120)
2024-07-10 14:23:00,195 -                train: [    INFO] - Train: 135 [   0/97 (  0%)]  Loss:  2.082835 (2.0828)  Time: 0.337s, 1521.36/s  (0.337s, 1521.36/s)  LR: 1.055e-03  Data: 0.064 (0.064)
2024-07-10 14:23:26,730 -                train: [    INFO] - Train: 135 [  96/97 (100%)]  Loss:  1.997361 (2.0401)  Time: 0.271s, 1886.73/s  (0.277s, 1848.28/s)  LR: 1.055e-03  Data: 0.000 (0.004)
2024-07-10 14:23:26,842 -                train: [    INFO] - Test: [   0/19]  Time: 0.110 (0.110)  Loss:  0.9775 (0.9775)  Acc@1: 74.8047 (74.8047)  Acc@5: 92.9688 (92.9688)
2024-07-10 14:23:27,594 -                train: [    INFO] - Test: [  19/19]  Time: 0.032 (0.043)  Loss:  1.0312 (1.0163)  Acc@1: 71.3235 (71.9900)  Acc@5: 90.8088 (92.4500)
2024-07-10 14:23:27,780 -                train: [    INFO] - *** Best metric: 73.2000000732422 (epoch 120)
2024-07-10 14:23:28,130 -                train: [    INFO] - Train: 136 [   0/97 (  0%)]  Loss:  1.726216 (1.7262)  Time: 0.348s, 1471.25/s  (0.348s, 1471.25/s)  LR: 1.050e-03  Data: 0.078 (0.078)
2024-07-10 14:23:54,972 -                train: [    INFO] - Train: 136 [  96/97 (100%)]  Loss:  1.748186 (1.7372)  Time: 0.272s, 1885.18/s  (0.280s, 1826.63/s)  LR: 1.050e-03  Data: 0.000 (0.004)
2024-07-10 14:23:55,093 -                train: [    INFO] - Test: [   0/19]  Time: 0.119 (0.119)  Loss:  1.0049 (1.0049)  Acc@1: 73.8281 (73.8281)  Acc@5: 92.5781 (92.5781)
2024-07-10 14:23:55,840 -                train: [    INFO] - Test: [  19/19]  Time: 0.028 (0.043)  Loss:  1.0430 (0.9778)  Acc@1: 73.5294 (73.1000)  Acc@5: 90.4412 (92.9000)
2024-07-10 14:23:56,025 - timm.utils.checkpoint_saver: [    INFO] - Current checkpoints:
 ('./output/train/20240710-131949-vitsnn-32/checkpoint-120.pth.tar', 73.2000000732422)
 ('./output/train/20240710-131949-vitsnn-32/checkpoint-136.pth.tar', 73.09999998779297)

2024-07-10 14:23:56,025 -                train: [    INFO] - *** Best metric: 73.2000000732422 (epoch 120)
2024-07-10 14:23:56,368 -                train: [    INFO] - Train: 137 [   0/97 (  0%)]  Loss:  1.903132 (1.9031)  Time: 0.342s, 1497.49/s  (0.342s, 1497.49/s)  LR: 1.046e-03  Data: 0.071 (0.071)
2024-07-10 14:24:23,069 -                train: [    INFO] - Train: 137 [  96/97 (100%)]  Loss:  1.903899 (1.9035)  Time: 0.272s, 1881.15/s  (0.279s, 1836.64/s)  LR: 1.046e-03  Data: 0.000 (0.004)
2024-07-10 14:24:23,184 -                train: [    INFO] - Test: [   0/19]  Time: 0.113 (0.113)  Loss:  0.9790 (0.9790)  Acc@1: 73.0469 (73.0469)  Acc@5: 92.7734 (92.7734)
2024-07-10 14:24:23,915 -                train: [    INFO] - Test: [  19/19]  Time: 0.035 (0.042)  Loss:  1.0078 (0.9919)  Acc@1: 73.8971 (72.3100)  Acc@5: 90.4412 (92.5700)
2024-07-10 14:24:24,138 -                train: [    INFO] - *** Best metric: 73.2000000732422 (epoch 120)
2024-07-10 14:24:24,480 -                train: [    INFO] - Train: 138 [   0/97 (  0%)]  Loss:  2.162095 (2.1621)  Time: 0.341s, 1503.49/s  (0.341s, 1503.49/s)  LR: 1.041e-03  Data: 0.065 (0.065)
2024-07-10 14:24:51,119 -                train: [    INFO] - Train: 138 [  96/97 (100%)]  Loss:  2.329288 (2.2457)  Time: 0.272s, 1883.76/s  (0.278s, 1840.94/s)  LR: 1.041e-03  Data: 0.000 (0.004)
2024-07-10 14:24:51,237 -                train: [    INFO] - Test: [   0/19]  Time: 0.117 (0.117)  Loss:  1.0010 (1.0010)  Acc@1: 73.8281 (73.8281)  Acc@5: 92.7734 (92.7734)
2024-07-10 14:24:51,979 -                train: [    INFO] - Test: [  19/19]  Time: 0.028 (0.043)  Loss:  1.1562 (1.0365)  Acc@1: 68.7500 (72.1600)  Acc@5: 88.9706 (92.1600)
2024-07-10 14:24:52,147 -                train: [    INFO] - *** Best metric: 73.2000000732422 (epoch 120)
2024-07-10 14:24:52,506 -                train: [    INFO] - Train: 139 [   0/97 (  0%)]  Loss:  2.190767 (2.1908)  Time: 0.358s, 1428.65/s  (0.358s, 1428.65/s)  LR: 1.036e-03  Data: 0.082 (0.082)
2024-07-10 14:25:19,102 -                train: [    INFO] - Train: 139 [  96/97 (100%)]  Loss:  1.996930 (2.0938)  Time: 0.272s, 1884.82/s  (0.278s, 1842.69/s)  LR: 1.036e-03  Data: 0.000 (0.004)
2024-07-10 14:25:19,218 -                train: [    INFO] - Test: [   0/19]  Time: 0.114 (0.114)  Loss:  1.0117 (1.0117)  Acc@1: 73.2422 (73.2422)  Acc@5: 93.3594 (93.3594)
2024-07-10 14:25:19,952 -                train: [    INFO] - Test: [  19/19]  Time: 0.027 (0.042)  Loss:  1.1025 (1.0154)  Acc@1: 71.3235 (72.1900)  Acc@5: 91.9118 (92.6600)
2024-07-10 14:25:20,127 -                train: [    INFO] - *** Best metric: 73.2000000732422 (epoch 120)
2024-07-10 14:25:20,459 -                train: [    INFO] - Train: 140 [   0/97 (  0%)]  Loss:  1.919896 (1.9199)  Time: 0.331s, 1545.90/s  (0.331s, 1545.90/s)  LR: 1.031e-03  Data: 0.060 (0.060)
2024-07-10 14:25:47,006 -                train: [    INFO] - Train: 140 [  96/97 (100%)]  Loss:  2.249396 (2.0846)  Time: 0.272s, 1882.92/s  (0.277s, 1847.88/s)  LR: 1.031e-03  Data: 0.000 (0.004)
2024-07-10 14:25:47,119 -                train: [    INFO] - Test: [   0/19]  Time: 0.111 (0.111)  Loss:  1.0273 (1.0273)  Acc@1: 73.8281 (73.8281)  Acc@5: 92.3828 (92.3828)
2024-07-10 14:25:47,882 -                train: [    INFO] - Test: [  19/19]  Time: 0.027 (0.044)  Loss:  1.0869 (1.0190)  Acc@1: 74.6324 (72.0200)  Acc@5: 90.0735 (92.7000)
2024-07-10 14:25:48,057 -                train: [    INFO] - *** Best metric: 73.2000000732422 (epoch 120)
2024-07-10 14:25:48,395 -                train: [    INFO] - Train: 141 [   0/97 (  0%)]  Loss:  1.792120 (1.7921)  Time: 0.337s, 1518.75/s  (0.337s, 1518.75/s)  LR: 1.026e-03  Data: 0.065 (0.065)
2024-07-10 14:26:15,133 -                train: [    INFO] - Train: 141 [  96/97 (100%)]  Loss:  1.704687 (1.7484)  Time: 0.272s, 1881.69/s  (0.279s, 1834.45/s)  LR: 1.026e-03  Data: 0.000 (0.004)
2024-07-10 14:26:15,245 -                train: [    INFO] - Test: [   0/19]  Time: 0.110 (0.110)  Loss:  0.9663 (0.9663)  Acc@1: 74.0234 (74.0234)  Acc@5: 91.4062 (91.4062)
2024-07-10 14:26:15,963 -                train: [    INFO] - Test: [  19/19]  Time: 0.024 (0.041)  Loss:  0.9795 (0.9712)  Acc@1: 69.1176 (73.1800)  Acc@5: 92.6471 (93.1500)
2024-07-10 14:26:16,179 - timm.utils.checkpoint_saver: [    INFO] - Current checkpoints:
 ('./output/train/20240710-131949-vitsnn-32/checkpoint-120.pth.tar', 73.2000000732422)
 ('./output/train/20240710-131949-vitsnn-32/checkpoint-141.pth.tar', 73.17999995117188)

2024-07-10 14:26:16,179 -                train: [    INFO] - *** Best metric: 73.2000000732422 (epoch 120)
2024-07-10 14:26:16,515 -                train: [    INFO] - Train: 142 [   0/97 (  0%)]  Loss:  1.587297 (1.5873)  Time: 0.335s, 1529.31/s  (0.335s, 1529.31/s)  LR: 1.021e-03  Data: 0.064 (0.064)
2024-07-10 14:26:43,185 -                train: [    INFO] - Train: 142 [  96/97 (100%)]  Loss:  2.127138 (1.8572)  Time: 0.272s, 1880.98/s  (0.278s, 1839.19/s)  LR: 1.021e-03  Data: 0.000 (0.004)
2024-07-10 14:26:43,297 -                train: [    INFO] - Test: [   0/19]  Time: 0.110 (0.110)  Loss:  1.0234 (1.0234)  Acc@1: 72.6562 (72.6562)  Acc@5: 92.1875 (92.1875)
2024-07-10 14:26:44,013 -                train: [    INFO] - Test: [  19/19]  Time: 0.024 (0.041)  Loss:  1.0312 (1.0112)  Acc@1: 71.6912 (72.0900)  Acc@5: 91.9118 (92.5400)
2024-07-10 14:26:44,202 -                train: [    INFO] - *** Best metric: 73.2000000732422 (epoch 120)
2024-07-10 14:26:44,557 -                train: [    INFO] - Train: 143 [   0/97 (  0%)]  Loss:  1.840351 (1.8404)  Time: 0.352s, 1456.52/s  (0.352s, 1456.52/s)  LR: 1.016e-03  Data: 0.066 (0.066)
2024-07-10 14:27:11,244 -                train: [    INFO] - Train: 143 [  96/97 (100%)]  Loss:  1.907279 (1.8738)  Time: 0.271s, 1886.49/s  (0.279s, 1836.85/s)  LR: 1.016e-03  Data: 0.000 (0.004)
2024-07-10 14:27:11,357 -                train: [    INFO] - Test: [   0/19]  Time: 0.111 (0.111)  Loss:  0.9814 (0.9814)  Acc@1: 74.6094 (74.6094)  Acc@5: 92.1875 (92.1875)
2024-07-10 14:27:12,078 -                train: [    INFO] - Test: [  19/19]  Time: 0.025 (0.042)  Loss:  1.0449 (0.9706)  Acc@1: 69.8529 (72.8300)  Acc@5: 93.0147 (93.0700)
2024-07-10 14:27:12,315 -                train: [    INFO] - *** Best metric: 73.2000000732422 (epoch 120)
2024-07-10 14:27:12,676 -                train: [    INFO] - Train: 144 [   0/97 (  0%)]  Loss:  1.803159 (1.8032)  Time: 0.359s, 1424.97/s  (0.359s, 1424.97/s)  LR: 1.011e-03  Data: 0.089 (0.089)
2024-07-10 14:27:39,397 -                train: [    INFO] - Train: 144 [  96/97 (100%)]  Loss:  1.694917 (1.7490)  Time: 0.272s, 1885.18/s  (0.279s, 1834.01/s)  LR: 1.011e-03  Data: 0.000 (0.004)
2024-07-10 14:27:39,506 -                train: [    INFO] - Test: [   0/19]  Time: 0.107 (0.107)  Loss:  0.9395 (0.9395)  Acc@1: 75.7812 (75.7812)  Acc@5: 92.1875 (92.1875)
2024-07-10 14:27:40,259 -                train: [    INFO] - Test: [  19/19]  Time: 0.042 (0.043)  Loss:  0.9946 (0.9508)  Acc@1: 73.8971 (73.7400)  Acc@5: 91.9118 (93.0500)
2024-07-10 14:27:40,490 - timm.utils.checkpoint_saver: [    INFO] - Current checkpoints:
 ('./output/train/20240710-131949-vitsnn-32/checkpoint-144.pth.tar', 73.73999993896484)
 ('./output/train/20240710-131949-vitsnn-32/checkpoint-120.pth.tar', 73.2000000732422)

2024-07-10 14:27:40,491 -                train: [    INFO] - *** Best metric: 73.73999993896484 (epoch 144)
2024-07-10 14:27:40,843 -                train: [    INFO] - Train: 145 [   0/97 (  0%)]  Loss:  1.708463 (1.7085)  Time: 0.351s, 1459.46/s  (0.351s, 1459.46/s)  LR: 1.006e-03  Data: 0.068 (0.068)
2024-07-10 14:28:07,457 -                train: [    INFO] - Train: 145 [  96/97 (100%)]  Loss:  1.638119 (1.6733)  Time: 0.271s, 1886.80/s  (0.278s, 1841.92/s)  LR: 1.006e-03  Data: 0.000 (0.004)
2024-07-10 14:28:07,575 -                train: [    INFO] - Test: [   0/19]  Time: 0.116 (0.116)  Loss:  0.9771 (0.9771)  Acc@1: 72.4609 (72.4609)  Acc@5: 93.3594 (93.3594)
2024-07-10 14:28:08,321 -                train: [    INFO] - Test: [  19/19]  Time: 0.028 (0.043)  Loss:  0.9609 (0.9619)  Acc@1: 72.4265 (73.2700)  Acc@5: 91.5441 (93.1600)
2024-07-10 14:28:08,543 - timm.utils.checkpoint_saver: [    INFO] - Current checkpoints:
 ('./output/train/20240710-131949-vitsnn-32/checkpoint-144.pth.tar', 73.73999993896484)
 ('./output/train/20240710-131949-vitsnn-32/checkpoint-145.pth.tar', 73.26999992675782)

2024-07-10 14:28:08,543 -                train: [    INFO] - *** Best metric: 73.73999993896484 (epoch 144)
2024-07-10 14:28:08,888 -                train: [    INFO] - Train: 146 [   0/97 (  0%)]  Loss:  1.901041 (1.9010)  Time: 0.343s, 1491.53/s  (0.343s, 1491.53/s)  LR: 1.001e-03  Data: 0.073 (0.073)
2024-07-10 14:28:35,787 -                train: [    INFO] - Train: 146 [  96/97 (100%)]  Loss:  2.139416 (2.0202)  Time: 0.272s, 1881.40/s  (0.281s, 1823.18/s)  LR: 1.001e-03  Data: 0.000 (0.004)
2024-07-10 14:28:35,897 -                train: [    INFO] - Test: [   0/19]  Time: 0.108 (0.108)  Loss:  0.9951 (0.9951)  Acc@1: 74.0234 (74.0234)  Acc@5: 93.3594 (93.3594)
2024-07-10 14:28:36,641 -                train: [    INFO] - Test: [  19/19]  Time: 0.028 (0.043)  Loss:  1.0127 (0.9898)  Acc@1: 71.3235 (72.6600)  Acc@5: 91.9118 (92.8700)
2024-07-10 14:28:36,851 -                train: [    INFO] - *** Best metric: 73.73999993896484 (epoch 144)
2024-07-10 14:28:37,200 -                train: [    INFO] - Train: 147 [   0/97 (  0%)]  Loss:  1.498197 (1.4982)  Time: 0.348s, 1473.20/s  (0.348s, 1473.20/s)  LR: 9.960e-04  Data: 0.076 (0.076)
2024-07-10 14:29:03,974 -                train: [    INFO] - Train: 147 [  96/97 (100%)]  Loss:  1.784888 (1.6415)  Time: 0.272s, 1882.68/s  (0.280s, 1831.26/s)  LR: 9.960e-04  Data: 0.000 (0.004)
2024-07-10 14:29:04,082 -                train: [    INFO] - Test: [   0/19]  Time: 0.106 (0.106)  Loss:  0.9751 (0.9751)  Acc@1: 73.0469 (73.0469)  Acc@5: 92.7734 (92.7734)
2024-07-10 14:29:04,802 -                train: [    INFO] - Test: [  19/19]  Time: 0.024 (0.041)  Loss:  1.0068 (0.9734)  Acc@1: 73.1618 (73.3100)  Acc@5: 90.4412 (92.8300)
2024-07-10 14:29:04,977 - timm.utils.checkpoint_saver: [    INFO] - Current checkpoints:
 ('./output/train/20240710-131949-vitsnn-32/checkpoint-144.pth.tar', 73.73999993896484)
 ('./output/train/20240710-131949-vitsnn-32/checkpoint-147.pth.tar', 73.31000003662109)

2024-07-10 14:29:04,977 -                train: [    INFO] - *** Best metric: 73.73999993896484 (epoch 144)
2024-07-10 14:29:05,321 -                train: [    INFO] - Train: 148 [   0/97 (  0%)]  Loss:  1.908681 (1.9087)  Time: 0.343s, 1492.97/s  (0.343s, 1492.97/s)  LR: 9.909e-04  Data: 0.070 (0.070)
2024-07-10 14:29:31,981 -                train: [    INFO] - Train: 148 [  96/97 (100%)]  Loss:  1.394935 (1.6518)  Time: 0.272s, 1883.67/s  (0.278s, 1839.35/s)  LR: 9.909e-04  Data: 0.000 (0.004)
2024-07-10 14:29:32,090 -                train: [    INFO] - Test: [   0/19]  Time: 0.107 (0.107)  Loss:  1.0039 (1.0039)  Acc@1: 73.8281 (73.8281)  Acc@5: 92.3828 (92.3828)
2024-07-10 14:29:32,834 -                train: [    INFO] - Test: [  19/19]  Time: 0.025 (0.043)  Loss:  1.0127 (1.0049)  Acc@1: 72.4265 (72.1100)  Acc@5: 92.2794 (92.5500)
2024-07-10 14:29:33,010 -                train: [    INFO] - *** Best metric: 73.73999993896484 (epoch 144)
2024-07-10 14:29:33,363 -                train: [    INFO] - Train: 149 [   0/97 (  0%)]  Loss:  1.991815 (1.9918)  Time: 0.352s, 1452.88/s  (0.352s, 1452.88/s)  LR: 9.859e-04  Data: 0.076 (0.076)
2024-07-10 14:29:59,928 -                train: [    INFO] - Train: 149 [  96/97 (100%)]  Loss:  2.101072 (2.0464)  Time: 0.272s, 1881.55/s  (0.277s, 1845.16/s)  LR: 9.859e-04  Data: 0.000 (0.004)
2024-07-10 14:30:00,043 -                train: [    INFO] - Test: [   0/19]  Time: 0.112 (0.112)  Loss:  0.9482 (0.9482)  Acc@1: 74.2188 (74.2188)  Acc@5: 92.7734 (92.7734)
2024-07-10 14:30:00,784 -                train: [    INFO] - Test: [  19/19]  Time: 0.034 (0.043)  Loss:  1.0254 (0.9836)  Acc@1: 72.0588 (72.8100)  Acc@5: 90.0735 (92.8200)
2024-07-10 14:30:01,007 -                train: [    INFO] - *** Best metric: 73.73999993896484 (epoch 144)
2024-07-10 14:30:01,357 -                train: [    INFO] - Train: 150 [   0/97 (  0%)]  Loss:  2.026341 (2.0263)  Time: 0.349s, 1465.98/s  (0.349s, 1465.98/s)  LR: 9.808e-04  Data: 0.078 (0.078)
2024-07-10 14:30:27,917 -                train: [    INFO] - Train: 150 [  96/97 (100%)]  Loss:  2.338831 (2.1826)  Time: 0.272s, 1881.86/s  (0.277s, 1845.74/s)  LR: 9.808e-04  Data: 0.000 (0.004)
2024-07-10 14:30:28,028 -                train: [    INFO] - Test: [   0/19]  Time: 0.109 (0.109)  Loss:  0.9492 (0.9492)  Acc@1: 74.4141 (74.4141)  Acc@5: 92.5781 (92.5781)
2024-07-10 14:30:28,766 -                train: [    INFO] - Test: [  19/19]  Time: 0.028 (0.042)  Loss:  1.0547 (0.9915)  Acc@1: 72.0588 (72.8000)  Acc@5: 90.4412 (92.8700)
2024-07-10 14:30:28,988 -                train: [    INFO] - *** Best metric: 73.73999993896484 (epoch 144)
2024-07-10 14:30:29,337 -                train: [    INFO] - Train: 151 [   0/97 (  0%)]  Loss:  1.782578 (1.7826)  Time: 0.347s, 1475.20/s  (0.347s, 1475.20/s)  LR: 9.757e-04  Data: 0.073 (0.073)
2024-07-10 14:30:56,105 -                train: [    INFO] - Train: 151 [  96/97 (100%)]  Loss:  1.941379 (1.8620)  Time: 0.271s, 1887.11/s  (0.280s, 1831.70/s)  LR: 9.757e-04  Data: 0.000 (0.004)
2024-07-10 14:30:56,215 -                train: [    INFO] - Test: [   0/19]  Time: 0.108 (0.108)  Loss:  1.0127 (1.0127)  Acc@1: 72.6562 (72.6562)  Acc@5: 91.0156 (91.0156)
2024-07-10 14:30:56,931 -                train: [    INFO] - Test: [  19/19]  Time: 0.024 (0.041)  Loss:  0.9741 (0.9886)  Acc@1: 73.5294 (73.0300)  Acc@5: 89.7059 (92.6700)
2024-07-10 14:30:57,163 -                train: [    INFO] - *** Best metric: 73.73999993896484 (epoch 144)
2024-07-10 14:30:57,525 -                train: [    INFO] - Train: 152 [   0/97 (  0%)]  Loss:  1.411526 (1.4115)  Time: 0.360s, 1420.39/s  (0.360s, 1420.39/s)  LR: 9.706e-04  Data: 0.090 (0.090)
2024-07-10 14:31:24,156 -                train: [    INFO] - Train: 152 [  96/97 (100%)]  Loss:  1.674810 (1.5432)  Time: 0.272s, 1883.94/s  (0.278s, 1840.12/s)  LR: 9.706e-04  Data: 0.000 (0.004)
2024-07-10 14:31:24,265 -                train: [    INFO] - Test: [   0/19]  Time: 0.107 (0.107)  Loss:  0.9805 (0.9805)  Acc@1: 74.0234 (74.0234)  Acc@5: 92.3828 (92.3828)
2024-07-10 14:31:24,987 -                train: [    INFO] - Test: [  19/19]  Time: 0.024 (0.041)  Loss:  0.9888 (0.9823)  Acc@1: 73.1618 (72.7200)  Acc@5: 90.4412 (93.0000)
2024-07-10 14:31:25,208 -                train: [    INFO] - *** Best metric: 73.73999993896484 (epoch 144)
2024-07-10 14:31:25,559 -                train: [    INFO] - Train: 153 [   0/97 (  0%)]  Loss:  2.232646 (2.2326)  Time: 0.350s, 1463.97/s  (0.350s, 1463.97/s)  LR: 9.654e-04  Data: 0.078 (0.078)
2024-07-10 14:31:52,176 -                train: [    INFO] - Train: 153 [  96/97 (100%)]  Loss:  1.778706 (2.0057)  Time: 0.272s, 1880.81/s  (0.278s, 1841.77/s)  LR: 9.654e-04  Data: 0.000 (0.004)
2024-07-10 14:31:52,282 -                train: [    INFO] - Test: [   0/19]  Time: 0.104 (0.104)  Loss:  0.8940 (0.8940)  Acc@1: 75.9766 (75.9766)  Acc@5: 93.7500 (93.7500)
2024-07-10 14:31:53,055 -                train: [    INFO] - Test: [  19/19]  Time: 0.028 (0.044)  Loss:  1.0078 (0.9690)  Acc@1: 72.0588 (73.3300)  Acc@5: 91.5441 (93.2300)
2024-07-10 14:31:53,239 - timm.utils.checkpoint_saver: [    INFO] - Current checkpoints:
 ('./output/train/20240710-131949-vitsnn-32/checkpoint-144.pth.tar', 73.73999993896484)
 ('./output/train/20240710-131949-vitsnn-32/checkpoint-153.pth.tar', 73.32999997558593)

2024-07-10 14:31:53,240 -                train: [    INFO] - *** Best metric: 73.73999993896484 (epoch 144)
2024-07-10 14:31:53,597 -                train: [    INFO] - Train: 154 [   0/97 (  0%)]  Loss:  2.423943 (2.4239)  Time: 0.356s, 1438.90/s  (0.356s, 1438.90/s)  LR: 9.603e-04  Data: 0.080 (0.080)
2024-07-10 14:32:20,271 -                train: [    INFO] - Train: 154 [  96/97 (100%)]  Loss:  1.695894 (2.0599)  Time: 0.273s, 1877.66/s  (0.279s, 1837.48/s)  LR: 9.603e-04  Data: 0.000 (0.004)
2024-07-10 14:32:20,390 -                train: [    INFO] - Test: [   0/19]  Time: 0.117 (0.117)  Loss:  0.9570 (0.9570)  Acc@1: 73.4375 (73.4375)  Acc@5: 92.5781 (92.5781)
2024-07-10 14:32:21,120 -                train: [    INFO] - Test: [  19/19]  Time: 0.025 (0.042)  Loss:  1.0088 (0.9737)  Acc@1: 70.5882 (72.8700)  Acc@5: 91.5441 (92.9400)
2024-07-10 14:32:21,329 -                train: [    INFO] - *** Best metric: 73.73999993896484 (epoch 144)
2024-07-10 14:32:21,673 -                train: [    INFO] - Train: 155 [   0/97 (  0%)]  Loss:  1.666222 (1.6662)  Time: 0.343s, 1493.35/s  (0.343s, 1493.35/s)  LR: 9.551e-04  Data: 0.072 (0.072)
2024-07-10 14:32:48,334 -                train: [    INFO] - Train: 155 [  96/97 (100%)]  Loss:  2.366461 (2.0163)  Time: 0.271s, 1886.57/s  (0.278s, 1839.31/s)  LR: 9.551e-04  Data: 0.000 (0.004)
2024-07-10 14:32:48,445 -                train: [    INFO] - Test: [   0/19]  Time: 0.109 (0.109)  Loss:  0.9590 (0.9590)  Acc@1: 74.4141 (74.4141)  Acc@5: 91.9922 (91.9922)
2024-07-10 14:32:49,172 -                train: [    INFO] - Test: [  19/19]  Time: 0.024 (0.042)  Loss:  0.9941 (0.9851)  Acc@1: 72.7941 (72.9200)  Acc@5: 91.9118 (92.4800)
2024-07-10 14:32:49,397 -                train: [    INFO] - *** Best metric: 73.73999993896484 (epoch 144)
2024-07-10 14:32:49,734 -                train: [    INFO] - Train: 156 [   0/97 (  0%)]  Loss:  1.932471 (1.9325)  Time: 0.336s, 1523.80/s  (0.336s, 1523.80/s)  LR: 9.499e-04  Data: 0.065 (0.065)
2024-07-10 14:33:16,687 -                train: [    INFO] - Train: 156 [  96/97 (100%)]  Loss:  1.896029 (1.9142)  Time: 0.271s, 1887.03/s  (0.281s, 1820.07/s)  LR: 9.499e-04  Data: 0.000 (0.004)
2024-07-10 14:33:16,806 -                train: [    INFO] - Test: [   0/19]  Time: 0.118 (0.118)  Loss:  0.9521 (0.9521)  Acc@1: 74.6094 (74.6094)  Acc@5: 93.1641 (93.1641)
2024-07-10 14:33:17,517 -                train: [    INFO] - Test: [  19/19]  Time: 0.024 (0.041)  Loss:  1.0234 (1.0045)  Acc@1: 71.6912 (72.3100)  Acc@5: 92.2794 (92.4900)
2024-07-10 14:33:17,682 -                train: [    INFO] - *** Best metric: 73.73999993896484 (epoch 144)
2024-07-10 14:33:18,038 -                train: [    INFO] - Train: 157 [   0/97 (  0%)]  Loss:  2.166049 (2.1660)  Time: 0.355s, 1444.04/s  (0.355s, 1444.04/s)  LR: 9.447e-04  Data: 0.082 (0.082)
2024-07-10 14:33:44,531 -                train: [    INFO] - Train: 157 [  96/97 (100%)]  Loss:  1.708780 (1.9374)  Time: 0.272s, 1885.24/s  (0.277s, 1849.98/s)  LR: 9.447e-04  Data: 0.000 (0.004)
2024-07-10 14:33:44,645 -                train: [    INFO] - Test: [   0/19]  Time: 0.112 (0.112)  Loss:  0.9131 (0.9131)  Acc@1: 75.1953 (75.1953)  Acc@5: 92.7734 (92.7734)
2024-07-10 14:33:45,378 -                train: [    INFO] - Test: [  19/19]  Time: 0.028 (0.042)  Loss:  0.9341 (0.9509)  Acc@1: 74.6324 (73.1600)  Acc@5: 93.7500 (93.6200)
2024-07-10 14:33:45,594 -                train: [    INFO] - *** Best metric: 73.73999993896484 (epoch 144)
2024-07-10 14:33:45,939 -                train: [    INFO] - Train: 158 [   0/97 (  0%)]  Loss:  2.160737 (2.1607)  Time: 0.344s, 1489.29/s  (0.344s, 1489.29/s)  LR: 9.395e-04  Data: 0.073 (0.073)
2024-07-10 14:34:12,648 -                train: [    INFO] - Train: 158 [  96/97 (100%)]  Loss:  2.164922 (2.1628)  Time: 0.275s, 1864.14/s  (0.279s, 1835.93/s)  LR: 9.395e-04  Data: 0.000 (0.005)
2024-07-10 14:34:12,761 -                train: [    INFO] - Test: [   0/19]  Time: 0.111 (0.111)  Loss:  0.9819 (0.9819)  Acc@1: 74.0234 (74.0234)  Acc@5: 92.9688 (92.9688)
2024-07-10 14:34:13,537 -                train: [    INFO] - Test: [  19/19]  Time: 0.043 (0.044)  Loss:  1.0156 (0.9979)  Acc@1: 71.3235 (72.6000)  Acc@5: 91.5441 (92.4800)
2024-07-10 14:34:13,713 -                train: [    INFO] - *** Best metric: 73.73999993896484 (epoch 144)
2024-07-10 14:34:14,059 -                train: [    INFO] - Train: 159 [   0/97 (  0%)]  Loss:  1.978410 (1.9784)  Time: 0.344s, 1489.66/s  (0.344s, 1489.66/s)  LR: 9.343e-04  Data: 0.070 (0.070)
2024-07-10 14:34:40,632 -                train: [    INFO] - Train: 159 [  96/97 (100%)]  Loss:  1.822517 (1.9005)  Time: 0.271s, 1888.54/s  (0.277s, 1845.19/s)  LR: 9.343e-04  Data: 0.000 (0.004)
2024-07-10 14:34:40,744 -                train: [    INFO] - Test: [   0/19]  Time: 0.110 (0.110)  Loss:  0.9512 (0.9512)  Acc@1: 72.8516 (72.8516)  Acc@5: 93.1641 (93.1641)
2024-07-10 14:34:41,508 -                train: [    INFO] - Test: [  19/19]  Time: 0.028 (0.044)  Loss:  0.9990 (0.9455)  Acc@1: 73.8971 (73.6400)  Acc@5: 92.6471 (93.1900)
2024-07-10 14:34:41,736 - timm.utils.checkpoint_saver: [    INFO] - Current checkpoints:
 ('./output/train/20240710-131949-vitsnn-32/checkpoint-144.pth.tar', 73.73999993896484)
 ('./output/train/20240710-131949-vitsnn-32/checkpoint-159.pth.tar', 73.63999993896485)

2024-07-10 14:34:41,736 -                train: [    INFO] - *** Best metric: 73.73999993896484 (epoch 144)
2024-07-10 14:34:42,066 -                train: [    INFO] - Train: 160 [   0/97 (  0%)]  Loss:  1.812684 (1.8127)  Time: 0.328s, 1561.09/s  (0.328s, 1561.09/s)  LR: 9.291e-04  Data: 0.058 (0.058)
2024-07-10 14:35:08,774 -                train: [    INFO] - Train: 160 [  96/97 (100%)]  Loss:  1.289494 (1.5511)  Time: 0.273s, 1873.04/s  (0.279s, 1837.04/s)  LR: 9.291e-04  Data: 0.000 (0.004)
2024-07-10 14:35:08,883 -                train: [    INFO] - Test: [   0/19]  Time: 0.107 (0.107)  Loss:  0.8599 (0.8599)  Acc@1: 77.5391 (77.5391)  Acc@5: 93.7500 (93.7500)
2024-07-10 14:35:09,623 -                train: [    INFO] - Test: [  19/19]  Time: 0.028 (0.042)  Loss:  0.9658 (0.9410)  Acc@1: 74.2647 (73.8100)  Acc@5: 93.3824 (93.1600)
2024-07-10 14:35:09,843 - timm.utils.checkpoint_saver: [    INFO] - Current checkpoints:
 ('./output/train/20240710-131949-vitsnn-32/checkpoint-160.pth.tar', 73.80999989013672)
 ('./output/train/20240710-131949-vitsnn-32/checkpoint-144.pth.tar', 73.73999993896484)

2024-07-10 14:35:09,844 -                train: [    INFO] - *** Best metric: 73.80999989013672 (epoch 160)
2024-07-10 14:35:10,193 -                train: [    INFO] - Train: 161 [   0/97 (  0%)]  Loss:  1.984748 (1.9847)  Time: 0.348s, 1469.26/s  (0.348s, 1469.26/s)  LR: 9.238e-04  Data: 0.078 (0.078)
2024-07-10 14:35:36,965 -                train: [    INFO] - Train: 161 [  96/97 (100%)]  Loss:  1.644398 (1.8146)  Time: 0.272s, 1882.10/s  (0.280s, 1831.32/s)  LR: 9.238e-04  Data: 0.000 (0.004)
2024-07-10 14:35:37,077 -                train: [    INFO] - Test: [   0/19]  Time: 0.109 (0.109)  Loss:  0.9307 (0.9307)  Acc@1: 74.6094 (74.6094)  Acc@5: 93.1641 (93.1641)
2024-07-10 14:35:37,834 -                train: [    INFO] - Test: [  19/19]  Time: 0.035 (0.043)  Loss:  1.0029 (0.9668)  Acc@1: 72.7941 (73.4200)  Acc@5: 93.3824 (93.2100)
2024-07-10 14:35:37,994 -                train: [    INFO] - *** Best metric: 73.80999989013672 (epoch 160)
2024-07-10 14:35:38,350 -                train: [    INFO] - Train: 162 [   0/97 (  0%)]  Loss:  2.067725 (2.0677)  Time: 0.355s, 1443.21/s  (0.355s, 1443.21/s)  LR: 9.186e-04  Data: 0.084 (0.084)
2024-07-10 14:36:05,133 -                train: [    INFO] - Train: 162 [  96/97 (100%)]  Loss:  1.880156 (1.9739)  Time: 0.271s, 1886.28/s  (0.280s, 1830.15/s)  LR: 9.186e-04  Data: 0.000 (0.004)
2024-07-10 14:36:05,252 -                train: [    INFO] - Test: [   0/19]  Time: 0.117 (0.117)  Loss:  0.9268 (0.9268)  Acc@1: 76.3672 (76.3672)  Acc@5: 93.7500 (93.7500)
2024-07-10 14:36:05,996 -                train: [    INFO] - Test: [  19/19]  Time: 0.027 (0.043)  Loss:  0.9951 (0.9593)  Acc@1: 73.5294 (73.5600)  Acc@5: 91.5441 (93.3300)
2024-07-10 14:36:06,207 -                train: [    INFO] - *** Best metric: 73.80999989013672 (epoch 160)
2024-07-10 14:36:06,546 -                train: [    INFO] - Train: 163 [   0/97 (  0%)]  Loss:  2.038734 (2.0387)  Time: 0.337s, 1517.61/s  (0.337s, 1517.61/s)  LR: 9.133e-04  Data: 0.066 (0.066)
2024-07-10 14:36:33,056 -                train: [    INFO] - Train: 163 [  96/97 (100%)]  Loss:  2.136112 (2.0874)  Time: 0.271s, 1887.40/s  (0.277s, 1849.97/s)  LR: 9.133e-04  Data: 0.000 (0.004)
2024-07-10 14:36:33,171 -                train: [    INFO] - Test: [   0/19]  Time: 0.112 (0.112)  Loss:  0.9663 (0.9663)  Acc@1: 75.0000 (75.0000)  Acc@5: 92.9688 (92.9688)
2024-07-10 14:36:33,912 -                train: [    INFO] - Test: [  19/19]  Time: 0.027 (0.043)  Loss:  1.0400 (1.0086)  Acc@1: 71.3235 (72.5500)  Acc@5: 91.9118 (92.7800)
2024-07-10 14:36:34,085 -                train: [    INFO] - *** Best metric: 73.80999989013672 (epoch 160)
2024-07-10 14:36:34,444 -                train: [    INFO] - Train: 164 [   0/97 (  0%)]  Loss:  2.251178 (2.2512)  Time: 0.357s, 1433.62/s  (0.357s, 1433.62/s)  LR: 9.080e-04  Data: 0.086 (0.086)
2024-07-10 14:37:00,989 -                train: [    INFO] - Train: 164 [  96/97 (100%)]  Loss:  2.312012 (2.2816)  Time: 0.272s, 1884.57/s  (0.277s, 1846.23/s)  LR: 9.080e-04  Data: 0.000 (0.004)
2024-07-10 14:37:01,103 -                train: [    INFO] - Test: [   0/19]  Time: 0.112 (0.112)  Loss:  0.9375 (0.9375)  Acc@1: 76.5625 (76.5625)  Acc@5: 92.7734 (92.7734)
2024-07-10 14:37:01,850 -                train: [    INFO] - Test: [  19/19]  Time: 0.028 (0.043)  Loss:  0.9844 (0.9687)  Acc@1: 74.6324 (73.4600)  Acc@5: 93.7500 (92.8100)
2024-07-10 14:37:02,062 -                train: [    INFO] - *** Best metric: 73.80999989013672 (epoch 160)
2024-07-10 14:37:02,409 -                train: [    INFO] - Train: 165 [   0/97 (  0%)]  Loss:  1.615863 (1.6159)  Time: 0.345s, 1483.04/s  (0.345s, 1483.04/s)  LR: 9.027e-04  Data: 0.067 (0.067)
2024-07-10 14:37:29,084 -                train: [    INFO] - Train: 165 [  96/97 (100%)]  Loss:  2.145082 (1.8805)  Time: 0.272s, 1885.62/s  (0.279s, 1838.14/s)  LR: 9.027e-04  Data: 0.000 (0.004)
2024-07-10 14:37:29,200 -                train: [    INFO] - Test: [   0/19]  Time: 0.114 (0.114)  Loss:  0.8721 (0.8721)  Acc@1: 76.5625 (76.5625)  Acc@5: 94.3359 (94.3359)
2024-07-10 14:37:29,917 -                train: [    INFO] - Test: [  19/19]  Time: 0.023 (0.042)  Loss:  0.9795 (0.9566)  Acc@1: 75.0000 (73.6500)  Acc@5: 92.6471 (93.5200)
2024-07-10 14:37:30,079 -                train: [    INFO] - *** Best metric: 73.80999989013672 (epoch 160)
2024-07-10 14:37:30,426 -                train: [    INFO] - Train: 166 [   0/97 (  0%)]  Loss:  1.843822 (1.8438)  Time: 0.345s, 1484.18/s  (0.345s, 1484.18/s)  LR: 8.974e-04  Data: 0.070 (0.070)
2024-07-10 14:37:57,199 -                train: [    INFO] - Train: 166 [  96/97 (100%)]  Loss:  2.017060 (1.9304)  Time: 0.272s, 1885.56/s  (0.280s, 1831.50/s)  LR: 8.974e-04  Data: 0.000 (0.004)
2024-07-10 14:37:57,312 -                train: [    INFO] - Test: [   0/19]  Time: 0.111 (0.111)  Loss:  0.9126 (0.9126)  Acc@1: 75.5859 (75.5859)  Acc@5: 93.1641 (93.1641)
2024-07-10 14:37:58,032 -                train: [    INFO] - Test: [  19/19]  Time: 0.023 (0.042)  Loss:  0.8779 (0.9444)  Acc@1: 74.6324 (73.3300)  Acc@5: 94.4853 (93.3500)
2024-07-10 14:37:58,235 -                train: [    INFO] - *** Best metric: 73.80999989013672 (epoch 160)
2024-07-10 14:37:58,587 -                train: [    INFO] - Train: 167 [   0/97 (  0%)]  Loss:  1.600279 (1.6003)  Time: 0.350s, 1463.96/s  (0.350s, 1463.96/s)  LR: 8.920e-04  Data: 0.079 (0.079)
2024-07-10 14:38:25,315 -                train: [    INFO] - Train: 167 [  96/97 (100%)]  Loss:  1.813204 (1.7067)  Time: 0.271s, 1887.00/s  (0.279s, 1834.26/s)  LR: 8.920e-04  Data: 0.000 (0.004)
2024-07-10 14:38:25,429 -                train: [    INFO] - Test: [   0/19]  Time: 0.113 (0.113)  Loss:  0.9727 (0.9727)  Acc@1: 75.0000 (75.0000)  Acc@5: 91.6016 (91.6016)
2024-07-10 14:38:26,153 -                train: [    INFO] - Test: [  19/19]  Time: 0.024 (0.042)  Loss:  0.9570 (0.9612)  Acc@1: 72.7941 (73.7300)  Acc@5: 91.5441 (93.0700)
2024-07-10 14:38:26,396 -                train: [    INFO] - *** Best metric: 73.80999989013672 (epoch 160)
2024-07-10 14:38:26,741 -                train: [    INFO] - Train: 168 [   0/97 (  0%)]  Loss:  1.915849 (1.9158)  Time: 0.344s, 1490.48/s  (0.344s, 1490.48/s)  LR: 8.867e-04  Data: 0.073 (0.073)
2024-07-10 14:38:53,503 -                train: [    INFO] - Train: 168 [  96/97 (100%)]  Loss:  2.202221 (2.0590)  Time: 0.272s, 1881.05/s  (0.279s, 1832.46/s)  LR: 8.867e-04  Data: 0.000 (0.004)
2024-07-10 14:38:53,613 -                train: [    INFO] - Test: [   0/19]  Time: 0.109 (0.109)  Loss:  0.9014 (0.9014)  Acc@1: 75.5859 (75.5859)  Acc@5: 92.3828 (92.3828)
2024-07-10 14:38:54,353 -                train: [    INFO] - Test: [  19/19]  Time: 0.028 (0.042)  Loss:  0.9453 (0.9108)  Acc@1: 73.5294 (73.9000)  Acc@5: 91.5441 (93.6500)
2024-07-10 14:38:54,529 - timm.utils.checkpoint_saver: [    INFO] - Current checkpoints:
 ('./output/train/20240710-131949-vitsnn-32/checkpoint-168.pth.tar', 73.89999998779297)
 ('./output/train/20240710-131949-vitsnn-32/checkpoint-160.pth.tar', 73.80999989013672)

2024-07-10 14:38:54,529 -                train: [    INFO] - *** Best metric: 73.89999998779297 (epoch 168)
2024-07-10 14:38:54,888 -                train: [    INFO] - Train: 169 [   0/97 (  0%)]  Loss:  1.883609 (1.8836)  Time: 0.358s, 1428.32/s  (0.358s, 1428.32/s)  LR: 8.814e-04  Data: 0.088 (0.088)
2024-07-10 14:39:21,523 -                train: [    INFO] - Train: 169 [  96/97 (100%)]  Loss:  1.757991 (1.8208)  Time: 0.272s, 1880.44/s  (0.278s, 1839.99/s)  LR: 8.814e-04  Data: 0.000 (0.004)
2024-07-10 14:39:21,636 -                train: [    INFO] - Test: [   0/19]  Time: 0.110 (0.110)  Loss:  0.9805 (0.9805)  Acc@1: 74.8047 (74.8047)  Acc@5: 91.9922 (91.9922)
2024-07-10 14:39:22,373 -                train: [    INFO] - Test: [  19/19]  Time: 0.027 (0.042)  Loss:  1.0283 (1.0025)  Acc@1: 72.4265 (72.5300)  Acc@5: 92.6471 (92.6000)
2024-07-10 14:39:22,584 -                train: [    INFO] - *** Best metric: 73.89999998779297 (epoch 168)
2024-07-10 14:39:22,936 -                train: [    INFO] - Train: 170 [   0/97 (  0%)]  Loss:  1.852663 (1.8527)  Time: 0.350s, 1462.28/s  (0.350s, 1462.28/s)  LR: 8.760e-04  Data: 0.075 (0.075)
2024-07-10 14:39:49,838 -                train: [    INFO] - Train: 170 [  96/97 (100%)]  Loss:  1.568232 (1.7104)  Time: 0.272s, 1881.13/s  (0.281s, 1822.47/s)  LR: 8.760e-04  Data: 0.000 (0.004)
2024-07-10 14:39:49,956 -                train: [    INFO] - Test: [   0/19]  Time: 0.115 (0.115)  Loss:  0.9380 (0.9380)  Acc@1: 74.8047 (74.8047)  Acc@5: 92.7734 (92.7734)
2024-07-10 14:39:50,696 -                train: [    INFO] - Test: [  19/19]  Time: 0.027 (0.043)  Loss:  0.9463 (0.9791)  Acc@1: 73.8971 (73.2900)  Acc@5: 92.2794 (92.7200)
2024-07-10 14:39:50,925 -                train: [    INFO] - *** Best metric: 73.89999998779297 (epoch 168)
2024-07-10 14:39:51,268 -                train: [    INFO] - Train: 171 [   0/97 (  0%)]  Loss:  2.110376 (2.1104)  Time: 0.342s, 1496.48/s  (0.342s, 1496.48/s)  LR: 8.706e-04  Data: 0.071 (0.071)
2024-07-10 14:40:18,079 -                train: [    INFO] - Train: 171 [  96/97 (100%)]  Loss:  1.988333 (2.0494)  Time: 0.272s, 1880.68/s  (0.280s, 1829.15/s)  LR: 8.706e-04  Data: 0.000 (0.004)
2024-07-10 14:40:18,192 -                train: [    INFO] - Test: [   0/19]  Time: 0.111 (0.111)  Loss:  0.8613 (0.8613)  Acc@1: 76.7578 (76.7578)  Acc@5: 93.7500 (93.7500)
2024-07-10 14:40:18,953 -                train: [    INFO] - Test: [  19/19]  Time: 0.041 (0.044)  Loss:  0.9189 (0.9107)  Acc@1: 76.8382 (74.4900)  Acc@5: 91.5441 (93.3700)
2024-07-10 14:40:19,168 - timm.utils.checkpoint_saver: [    INFO] - Current checkpoints:
 ('./output/train/20240710-131949-vitsnn-32/checkpoint-171.pth.tar', 74.49000017089844)
 ('./output/train/20240710-131949-vitsnn-32/checkpoint-168.pth.tar', 73.89999998779297)

2024-07-10 14:40:19,168 -                train: [    INFO] - *** Best metric: 74.49000017089844 (epoch 171)
2024-07-10 14:40:19,510 -                train: [    INFO] - Train: 172 [   0/97 (  0%)]  Loss:  1.949726 (1.9497)  Time: 0.340s, 1504.63/s  (0.340s, 1504.63/s)  LR: 8.653e-04  Data: 0.062 (0.062)
2024-07-10 14:40:46,081 -                train: [    INFO] - Train: 172 [  96/97 (100%)]  Loss:  1.938945 (1.9443)  Time: 0.271s, 1886.99/s  (0.277s, 1845.61/s)  LR: 8.653e-04  Data: 0.000 (0.004)
2024-07-10 14:40:46,195 -                train: [    INFO] - Test: [   0/19]  Time: 0.112 (0.112)  Loss:  0.8896 (0.8896)  Acc@1: 76.5625 (76.5625)  Acc@5: 92.5781 (92.5781)
2024-07-10 14:40:46,929 -                train: [    INFO] - Test: [  19/19]  Time: 0.028 (0.042)  Loss:  0.9131 (0.9336)  Acc@1: 72.7941 (73.6700)  Acc@5: 95.2206 (93.2800)
2024-07-10 14:40:47,083 -                train: [    INFO] - *** Best metric: 74.49000017089844 (epoch 171)
2024-07-10 14:40:47,426 -                train: [    INFO] - Train: 173 [   0/97 (  0%)]  Loss:  1.534560 (1.5346)  Time: 0.341s, 1500.88/s  (0.341s, 1500.88/s)  LR: 8.599e-04  Data: 0.070 (0.070)
2024-07-10 14:41:14,010 -                train: [    INFO] - Train: 173 [  96/97 (100%)]  Loss:  1.296945 (1.4158)  Time: 0.271s, 1887.98/s  (0.278s, 1844.66/s)  LR: 8.599e-04  Data: 0.000 (0.004)
2024-07-10 14:41:14,122 -                train: [    INFO] - Test: [   0/19]  Time: 0.110 (0.110)  Loss:  0.9736 (0.9736)  Acc@1: 73.6328 (73.6328)  Acc@5: 93.1641 (93.1641)
2024-07-10 14:41:14,857 -                train: [    INFO] - Test: [  19/19]  Time: 0.028 (0.042)  Loss:  0.9028 (0.9722)  Acc@1: 77.2059 (73.2900)  Acc@5: 92.2794 (92.8500)
2024-07-10 14:41:15,062 -                train: [    INFO] - *** Best metric: 74.49000017089844 (epoch 171)
2024-07-10 14:41:15,393 -                train: [    INFO] - Train: 174 [   0/97 (  0%)]  Loss:  1.877323 (1.8773)  Time: 0.330s, 1552.07/s  (0.330s, 1552.07/s)  LR: 8.545e-04  Data: 0.058 (0.058)
2024-07-10 14:41:42,230 -                train: [    INFO] - Train: 174 [  96/97 (100%)]  Loss:  2.148395 (2.0129)  Time: 0.272s, 1883.08/s  (0.280s, 1828.18/s)  LR: 8.545e-04  Data: 0.000 (0.004)
2024-07-10 14:41:42,350 -                train: [    INFO] - Test: [   0/19]  Time: 0.118 (0.118)  Loss:  0.9331 (0.9331)  Acc@1: 74.0234 (74.0234)  Acc@5: 93.9453 (93.9453)
2024-07-10 14:41:43,065 -                train: [    INFO] - Test: [  19/19]  Time: 0.024 (0.042)  Loss:  1.0420 (0.9712)  Acc@1: 70.9559 (73.2600)  Acc@5: 90.4412 (93.1900)
2024-07-10 14:41:43,302 -                train: [    INFO] - *** Best metric: 74.49000017089844 (epoch 171)
2024-07-10 14:41:43,655 -                train: [    INFO] - Train: 175 [   0/97 (  0%)]  Loss:  2.000315 (2.0003)  Time: 0.351s, 1460.33/s  (0.351s, 1460.33/s)  LR: 8.491e-04  Data: 0.074 (0.074)
2024-07-10 14:42:10,564 -                train: [    INFO] - Train: 175 [  96/97 (100%)]  Loss:  1.629402 (1.8149)  Time: 0.349s, 1467.45/s  (0.281s, 1821.97/s)  LR: 8.491e-04  Data: 0.000 (0.004)
2024-07-10 14:42:10,689 -                train: [    INFO] - Test: [   0/19]  Time: 0.123 (0.123)  Loss:  0.9492 (0.9492)  Acc@1: 75.5859 (75.5859)  Acc@5: 92.7734 (92.7734)
2024-07-10 14:42:11,403 -                train: [    INFO] - Test: [  19/19]  Time: 0.024 (0.042)  Loss:  0.9932 (0.9747)  Acc@1: 76.1029 (73.2100)  Acc@5: 90.0735 (93.0000)
2024-07-10 14:42:11,570 -                train: [    INFO] - *** Best metric: 74.49000017089844 (epoch 171)
2024-07-10 14:42:11,911 -                train: [    INFO] - Train: 176 [   0/97 (  0%)]  Loss:  1.349607 (1.3496)  Time: 0.339s, 1508.75/s  (0.339s, 1508.75/s)  LR: 8.437e-04  Data: 0.069 (0.069)
2024-07-10 14:42:38,678 -                train: [    INFO] - Train: 176 [  96/97 (100%)]  Loss:  1.590246 (1.4699)  Time: 0.272s, 1883.05/s  (0.279s, 1832.24/s)  LR: 8.437e-04  Data: 0.000 (0.004)
2024-07-10 14:42:38,791 -                train: [    INFO] - Test: [   0/19]  Time: 0.110 (0.110)  Loss:  0.9082 (0.9082)  Acc@1: 75.3906 (75.3906)  Acc@5: 93.3594 (93.3594)
2024-07-10 14:42:39,546 -                train: [    INFO] - Test: [  19/19]  Time: 0.027 (0.043)  Loss:  0.8970 (0.9188)  Acc@1: 75.0000 (74.4500)  Acc@5: 93.3824 (93.4900)
2024-07-10 14:42:39,760 - timm.utils.checkpoint_saver: [    INFO] - Current checkpoints:
 ('./output/train/20240710-131949-vitsnn-32/checkpoint-171.pth.tar', 74.49000017089844)
 ('./output/train/20240710-131949-vitsnn-32/checkpoint-176.pth.tar', 74.45)

2024-07-10 14:42:39,760 -                train: [    INFO] - *** Best metric: 74.49000017089844 (epoch 171)
2024-07-10 14:42:40,106 -                train: [    INFO] - Train: 177 [   0/97 (  0%)]  Loss:  2.051007 (2.0510)  Time: 0.343s, 1492.72/s  (0.343s, 1492.72/s)  LR: 8.382e-04  Data: 0.072 (0.072)
2024-07-10 14:43:06,803 -                train: [    INFO] - Train: 177 [  96/97 (100%)]  Loss:  1.608860 (1.8299)  Time: 0.272s, 1882.70/s  (0.279s, 1836.83/s)  LR: 8.382e-04  Data: 0.000 (0.004)
2024-07-10 14:43:06,919 -                train: [    INFO] - Test: [   0/19]  Time: 0.114 (0.114)  Loss:  0.9438 (0.9438)  Acc@1: 72.2656 (72.2656)  Acc@5: 92.5781 (92.5781)
2024-07-10 14:43:07,671 -                train: [    INFO] - Test: [  19/19]  Time: 0.028 (0.043)  Loss:  0.9990 (0.9527)  Acc@1: 74.2647 (73.2100)  Acc@5: 92.2794 (92.9800)
2024-07-10 14:43:07,831 -                train: [    INFO] - *** Best metric: 74.49000017089844 (epoch 171)
2024-07-10 14:43:08,181 -                train: [    INFO] - Train: 178 [   0/97 (  0%)]  Loss:  2.230045 (2.2300)  Time: 0.349s, 1467.48/s  (0.349s, 1467.48/s)  LR: 8.328e-04  Data: 0.064 (0.064)
2024-07-10 14:43:34,792 -                train: [    INFO] - Train: 178 [  96/97 (100%)]  Loss:  2.411252 (2.3206)  Time: 0.271s, 1886.95/s  (0.278s, 1842.28/s)  LR: 8.328e-04  Data: 0.000 (0.004)
2024-07-10 14:43:34,911 -                train: [    INFO] - Test: [   0/19]  Time: 0.117 (0.117)  Loss:  0.9116 (0.9116)  Acc@1: 77.1484 (77.1484)  Acc@5: 93.1641 (93.1641)
2024-07-10 14:43:35,648 -                train: [    INFO] - Test: [  19/19]  Time: 0.028 (0.043)  Loss:  1.0312 (0.9676)  Acc@1: 74.6324 (73.2700)  Acc@5: 90.8088 (93.0600)
2024-07-10 14:43:35,812 -                train: [    INFO] - *** Best metric: 74.49000017089844 (epoch 171)
2024-07-10 14:43:36,154 -                train: [    INFO] - Train: 179 [   0/97 (  0%)]  Loss:  1.865970 (1.8660)  Time: 0.340s, 1504.67/s  (0.340s, 1504.67/s)  LR: 8.274e-04  Data: 0.068 (0.068)
2024-07-10 14:44:02,671 -                train: [    INFO] - Train: 179 [  96/97 (100%)]  Loss:  1.224069 (1.5450)  Time: 0.272s, 1882.28/s  (0.277s, 1849.26/s)  LR: 8.274e-04  Data: 0.000 (0.004)
2024-07-10 14:44:02,787 -                train: [    INFO] - Test: [   0/19]  Time: 0.113 (0.113)  Loss:  0.9424 (0.9424)  Acc@1: 74.6094 (74.6094)  Acc@5: 93.1641 (93.1641)
2024-07-10 14:44:03,536 -                train: [    INFO] - Test: [  19/19]  Time: 0.048 (0.043)  Loss:  1.0186 (0.9643)  Acc@1: 70.9559 (73.0500)  Acc@5: 91.1765 (93.1800)
2024-07-10 14:44:03,741 -                train: [    INFO] - *** Best metric: 74.49000017089844 (epoch 171)
2024-07-10 14:44:04,084 -                train: [    INFO] - Train: 180 [   0/97 (  0%)]  Loss:  2.119025 (2.1190)  Time: 0.338s, 1515.76/s  (0.338s, 1515.76/s)  LR: 8.219e-04  Data: 0.067 (0.067)
2024-07-10 14:44:31,205 -                train: [    INFO] - Train: 180 [  96/97 (100%)]  Loss:  1.750306 (1.9347)  Time: 0.272s, 1885.14/s  (0.283s, 1808.83/s)  LR: 8.219e-04  Data: 0.000 (0.004)
2024-07-10 14:44:31,322 -                train: [    INFO] - Test: [   0/19]  Time: 0.115 (0.115)  Loss:  0.9263 (0.9263)  Acc@1: 75.1953 (75.1953)  Acc@5: 92.3828 (92.3828)
2024-07-10 14:44:32,071 -                train: [    INFO] - Test: [  19/19]  Time: 0.041 (0.043)  Loss:  0.9551 (0.9370)  Acc@1: 75.3676 (74.2500)  Acc@5: 91.1765 (93.3600)
2024-07-10 14:44:32,291 -                train: [    INFO] - *** Best metric: 74.49000017089844 (epoch 171)
2024-07-10 14:44:32,634 -                train: [    INFO] - Train: 181 [   0/97 (  0%)]  Loss:  2.468756 (2.4688)  Time: 0.341s, 1501.06/s  (0.341s, 1501.06/s)  LR: 8.165e-04  Data: 0.070 (0.070)
2024-07-10 14:44:59,251 -                train: [    INFO] - Train: 181 [  96/97 (100%)]  Loss:  2.259634 (2.3642)  Time: 0.271s, 1888.26/s  (0.278s, 1842.36/s)  LR: 8.165e-04  Data: 0.000 (0.004)
2024-07-10 14:44:59,364 -                train: [    INFO] - Test: [   0/19]  Time: 0.112 (0.112)  Loss:  0.9731 (0.9731)  Acc@1: 74.0234 (74.0234)  Acc@5: 92.7734 (92.7734)
2024-07-10 14:45:00,108 -                train: [    INFO] - Test: [  19/19]  Time: 0.028 (0.043)  Loss:  0.9131 (0.9442)  Acc@1: 73.8971 (73.2600)  Acc@5: 93.7500 (93.2500)
2024-07-10 14:45:00,277 -                train: [    INFO] - *** Best metric: 74.49000017089844 (epoch 171)
2024-07-10 14:45:00,612 -                train: [    INFO] - Train: 182 [   0/97 (  0%)]  Loss:  2.142769 (2.1428)  Time: 0.333s, 1536.62/s  (0.333s, 1536.62/s)  LR: 8.110e-04  Data: 0.062 (0.062)
2024-07-10 14:45:27,262 -                train: [    INFO] - Train: 182 [  96/97 (100%)]  Loss:  1.865854 (2.0043)  Time: 0.272s, 1885.27/s  (0.278s, 1840.74/s)  LR: 8.110e-04  Data: 0.000 (0.004)
2024-07-10 14:45:27,376 -                train: [    INFO] - Test: [   0/19]  Time: 0.113 (0.113)  Loss:  0.9927 (0.9927)  Acc@1: 73.6328 (73.6328)  Acc@5: 92.3828 (92.3828)
2024-07-10 14:45:28,095 -                train: [    INFO] - Test: [  19/19]  Time: 0.024 (0.042)  Loss:  1.0283 (0.9796)  Acc@1: 73.5294 (73.1300)  Acc@5: 91.1765 (92.9700)
2024-07-10 14:45:28,259 -                train: [    INFO] - *** Best metric: 74.49000017089844 (epoch 171)
2024-07-10 14:45:28,619 -                train: [    INFO] - Train: 183 [   0/97 (  0%)]  Loss:  1.843399 (1.8434)  Time: 0.357s, 1432.42/s  (0.357s, 1432.42/s)  LR: 8.056e-04  Data: 0.087 (0.087)
2024-07-10 14:45:55,351 -                train: [    INFO] - Train: 183 [  96/97 (100%)]  Loss:  2.057993 (1.9507)  Time: 0.271s, 1887.01/s  (0.279s, 1833.46/s)  LR: 8.056e-04  Data: 0.000 (0.004)
2024-07-10 14:45:55,462 -                train: [    INFO] - Test: [   0/19]  Time: 0.110 (0.110)  Loss:  0.9067 (0.9067)  Acc@1: 74.6094 (74.6094)  Acc@5: 93.5547 (93.5547)
2024-07-10 14:45:56,216 -                train: [    INFO] - Test: [  19/19]  Time: 0.027 (0.043)  Loss:  0.8940 (0.9080)  Acc@1: 76.1029 (74.6200)  Acc@5: 91.9118 (93.4000)
2024-07-10 14:45:56,403 - timm.utils.checkpoint_saver: [    INFO] - Current checkpoints:
 ('./output/train/20240710-131949-vitsnn-32/checkpoint-183.pth.tar', 74.62000006103516)
 ('./output/train/20240710-131949-vitsnn-32/checkpoint-171.pth.tar', 74.49000017089844)

2024-07-10 14:45:56,403 -                train: [    INFO] - *** Best metric: 74.62000006103516 (epoch 183)
2024-07-10 14:45:56,743 -                train: [    INFO] - Train: 184 [   0/97 (  0%)]  Loss:  2.002641 (2.0026)  Time: 0.339s, 1511.46/s  (0.339s, 1511.46/s)  LR: 8.001e-04  Data: 0.068 (0.068)
2024-07-10 14:46:23,351 -                train: [    INFO] - Train: 184 [  96/97 (100%)]  Loss:  1.590984 (1.7968)  Time: 0.272s, 1879.56/s  (0.278s, 1843.27/s)  LR: 8.001e-04  Data: 0.000 (0.004)
2024-07-10 14:46:23,486 -                train: [    INFO] - Test: [   0/19]  Time: 0.133 (0.133)  Loss:  0.9927 (0.9927)  Acc@1: 72.6562 (72.6562)  Acc@5: 92.1875 (92.1875)
2024-07-10 14:46:24,215 -                train: [    INFO] - Test: [  19/19]  Time: 0.028 (0.043)  Loss:  0.9814 (0.9508)  Acc@1: 73.5294 (73.7800)  Acc@5: 92.2794 (93.0600)
2024-07-10 14:46:24,411 -                train: [    INFO] - *** Best metric: 74.62000006103516 (epoch 183)
2024-07-10 14:46:24,755 -                train: [    INFO] - Train: 185 [   0/97 (  0%)]  Loss:  1.621928 (1.6219)  Time: 0.342s, 1497.09/s  (0.342s, 1497.09/s)  LR: 7.946e-04  Data: 0.068 (0.068)
2024-07-10 14:46:51,763 -                train: [    INFO] - Train: 185 [  96/97 (100%)]  Loss:  1.557803 (1.5899)  Time: 0.272s, 1885.76/s  (0.282s, 1815.91/s)  LR: 7.946e-04  Data: 0.000 (0.004)
2024-07-10 14:46:51,877 -                train: [    INFO] - Test: [   0/19]  Time: 0.111 (0.111)  Loss:  0.8892 (0.8892)  Acc@1: 74.6094 (74.6094)  Acc@5: 94.5312 (94.5312)
2024-07-10 14:46:52,609 -                train: [    INFO] - Test: [  19/19]  Time: 0.027 (0.042)  Loss:  0.9185 (0.9213)  Acc@1: 75.7353 (73.9500)  Acc@5: 93.3824 (93.8400)
2024-07-10 14:46:52,831 -                train: [    INFO] - *** Best metric: 74.62000006103516 (epoch 183)
2024-07-10 14:46:53,176 -                train: [    INFO] - Train: 186 [   0/97 (  0%)]  Loss:  1.589127 (1.5891)  Time: 0.344s, 1487.57/s  (0.344s, 1487.57/s)  LR: 7.892e-04  Data: 0.073 (0.073)
2024-07-10 14:47:19,734 -                train: [    INFO] - Train: 186 [  96/97 (100%)]  Loss:  1.739959 (1.6645)  Time: 0.272s, 1883.82/s  (0.277s, 1846.27/s)  LR: 7.892e-04  Data: 0.000 (0.004)
2024-07-10 14:47:19,848 -                train: [    INFO] - Test: [   0/19]  Time: 0.112 (0.112)  Loss:  0.9092 (0.9092)  Acc@1: 74.8047 (74.8047)  Acc@5: 93.9453 (93.9453)
2024-07-10 14:47:20,607 -                train: [    INFO] - Test: [  19/19]  Time: 0.041 (0.044)  Loss:  0.9375 (0.9568)  Acc@1: 74.6324 (73.6300)  Acc@5: 92.2794 (93.1900)
2024-07-10 14:47:20,826 -                train: [    INFO] - *** Best metric: 74.62000006103516 (epoch 183)
2024-07-10 14:47:21,178 -                train: [    INFO] - Train: 187 [   0/97 (  0%)]  Loss:  1.508214 (1.5082)  Time: 0.350s, 1462.70/s  (0.350s, 1462.70/s)  LR: 7.837e-04  Data: 0.067 (0.067)
2024-07-10 14:47:47,790 -                train: [    INFO] - Train: 187 [  96/97 (100%)]  Loss:  1.764075 (1.6361)  Time: 0.272s, 1883.69/s  (0.278s, 1842.27/s)  LR: 7.837e-04  Data: 0.000 (0.004)
2024-07-10 14:47:47,905 -                train: [    INFO] - Test: [   0/19]  Time: 0.114 (0.114)  Loss:  0.9336 (0.9336)  Acc@1: 75.0000 (75.0000)  Acc@5: 92.7734 (92.7734)
2024-07-10 14:47:48,621 -                train: [    INFO] - Test: [  19/19]  Time: 0.024 (0.041)  Loss:  0.9106 (0.9440)  Acc@1: 74.6324 (73.7700)  Acc@5: 91.9118 (93.1100)
2024-07-10 14:47:48,842 -                train: [    INFO] - *** Best metric: 74.62000006103516 (epoch 183)
2024-07-10 14:47:49,169 -                train: [    INFO] - Train: 188 [   0/97 (  0%)]  Loss:  2.359555 (2.3596)  Time: 0.325s, 1574.08/s  (0.325s, 1574.08/s)  LR: 7.782e-04  Data: 0.054 (0.054)
2024-07-10 14:48:15,814 -                train: [    INFO] - Train: 188 [  96/97 (100%)]  Loss:  1.548678 (1.9541)  Time: 0.272s, 1883.00/s  (0.278s, 1841.53/s)  LR: 7.782e-04  Data: 0.000 (0.004)
2024-07-10 14:48:15,926 -                train: [    INFO] - Test: [   0/19]  Time: 0.110 (0.110)  Loss:  0.8682 (0.8682)  Acc@1: 76.3672 (76.3672)  Acc@5: 93.3594 (93.3594)
2024-07-10 14:48:16,675 -                train: [    INFO] - Test: [  19/19]  Time: 0.028 (0.043)  Loss:  0.9189 (0.9140)  Acc@1: 76.1029 (74.6000)  Acc@5: 91.9118 (93.6200)
2024-07-10 14:48:16,935 - timm.utils.checkpoint_saver: [    INFO] - Current checkpoints:
 ('./output/train/20240710-131949-vitsnn-32/checkpoint-183.pth.tar', 74.62000006103516)
 ('./output/train/20240710-131949-vitsnn-32/checkpoint-188.pth.tar', 74.60000006103516)

2024-07-10 14:48:16,935 -                train: [    INFO] - *** Best metric: 74.62000006103516 (epoch 183)
2024-07-10 14:48:17,282 -                train: [    INFO] - Train: 189 [   0/97 (  0%)]  Loss:  2.290223 (2.2902)  Time: 0.345s, 1482.72/s  (0.345s, 1482.72/s)  LR: 7.727e-04  Data: 0.072 (0.072)
2024-07-10 14:48:43,935 -                train: [    INFO] - Train: 189 [  96/97 (100%)]  Loss:  1.763160 (2.0267)  Time: 0.272s, 1881.89/s  (0.278s, 1839.63/s)  LR: 7.727e-04  Data: 0.000 (0.004)
2024-07-10 14:48:44,049 -                train: [    INFO] - Test: [   0/19]  Time: 0.111 (0.111)  Loss:  0.9790 (0.9790)  Acc@1: 73.6328 (73.6328)  Acc@5: 91.7969 (91.7969)
2024-07-10 14:48:44,797 -                train: [    INFO] - Test: [  19/19]  Time: 0.028 (0.043)  Loss:  1.0010 (0.9626)  Acc@1: 73.5294 (73.5000)  Acc@5: 90.8088 (93.3200)
2024-07-10 14:48:44,959 -                train: [    INFO] - *** Best metric: 74.62000006103516 (epoch 183)
2024-07-10 14:48:45,319 -                train: [    INFO] - Train: 190 [   0/97 (  0%)]  Loss:  1.316260 (1.3163)  Time: 0.358s, 1428.74/s  (0.358s, 1428.74/s)  LR: 7.672e-04  Data: 0.088 (0.088)
2024-07-10 14:49:12,196 -                train: [    INFO] - Train: 190 [  96/97 (100%)]  Loss:  1.511776 (1.4140)  Time: 0.272s, 1879.06/s  (0.281s, 1823.56/s)  LR: 7.672e-04  Data: 0.000 (0.004)
2024-07-10 14:49:12,312 -                train: [    INFO] - Test: [   0/19]  Time: 0.114 (0.114)  Loss:  0.9385 (0.9385)  Acc@1: 75.3906 (75.3906)  Acc@5: 91.4062 (91.4062)
2024-07-10 14:49:13,063 -                train: [    INFO] - Test: [  19/19]  Time: 0.039 (0.043)  Loss:  0.9971 (0.9270)  Acc@1: 75.7353 (74.8800)  Acc@5: 91.9118 (93.2200)
2024-07-10 14:49:13,288 - timm.utils.checkpoint_saver: [    INFO] - Current checkpoints:
 ('./output/train/20240710-131949-vitsnn-32/checkpoint-190.pth.tar', 74.87999990234376)
 ('./output/train/20240710-131949-vitsnn-32/checkpoint-183.pth.tar', 74.62000006103516)

2024-07-10 14:49:13,289 -                train: [    INFO] - *** Best metric: 74.87999990234376 (epoch 190)
2024-07-10 14:49:13,629 -                train: [    INFO] - Train: 191 [   0/97 (  0%)]  Loss:  2.356863 (2.3569)  Time: 0.339s, 1509.09/s  (0.339s, 1509.09/s)  LR: 7.617e-04  Data: 0.069 (0.069)
2024-07-10 14:49:40,283 -                train: [    INFO] - Train: 191 [  96/97 (100%)]  Loss:  1.280554 (1.8187)  Time: 0.271s, 1886.68/s  (0.278s, 1839.98/s)  LR: 7.617e-04  Data: 0.000 (0.004)
2024-07-10 14:49:40,404 -                train: [    INFO] - Test: [   0/19]  Time: 0.119 (0.119)  Loss:  0.9473 (0.9473)  Acc@1: 75.7812 (75.7812)  Acc@5: 93.3594 (93.3594)
2024-07-10 14:49:41,159 -                train: [    INFO] - Test: [  19/19]  Time: 0.027 (0.044)  Loss:  0.9707 (0.9459)  Acc@1: 74.2647 (73.7900)  Acc@5: 93.0147 (93.3500)
2024-07-10 14:49:41,381 -                train: [    INFO] - *** Best metric: 74.87999990234376 (epoch 190)
2024-07-10 14:49:41,726 -                train: [    INFO] - Train: 192 [   0/97 (  0%)]  Loss:  2.026982 (2.0270)  Time: 0.344s, 1486.69/s  (0.344s, 1486.69/s)  LR: 7.562e-04  Data: 0.074 (0.074)
2024-07-10 14:50:08,312 -                train: [    INFO] - Train: 192 [  96/97 (100%)]  Loss:  1.997046 (2.0120)  Time: 0.272s, 1881.83/s  (0.278s, 1844.26/s)  LR: 7.562e-04  Data: 0.000 (0.004)
2024-07-10 14:50:08,421 -                train: [    INFO] - Test: [   0/19]  Time: 0.107 (0.107)  Loss:  0.9751 (0.9751)  Acc@1: 73.4375 (73.4375)  Acc@5: 92.9688 (92.9688)
2024-07-10 14:50:09,173 -                train: [    INFO] - Test: [  19/19]  Time: 0.035 (0.043)  Loss:  0.9414 (0.9560)  Acc@1: 75.3676 (74.0300)  Acc@5: 92.6471 (93.1500)
2024-07-10 14:50:09,415 -                train: [    INFO] - *** Best metric: 74.87999990234376 (epoch 190)
2024-07-10 14:50:09,761 -                train: [    INFO] - Train: 193 [   0/97 (  0%)]  Loss:  2.177342 (2.1773)  Time: 0.344s, 1486.84/s  (0.344s, 1486.84/s)  LR: 7.507e-04  Data: 0.074 (0.074)
2024-07-10 14:50:36,303 -                train: [    INFO] - Train: 193 [  96/97 (100%)]  Loss:  1.689673 (1.9335)  Time: 0.272s, 1885.11/s  (0.277s, 1847.28/s)  LR: 7.507e-04  Data: 0.000 (0.004)
2024-07-10 14:50:36,417 -                train: [    INFO] - Test: [   0/19]  Time: 0.111 (0.111)  Loss:  0.8809 (0.8809)  Acc@1: 77.3438 (77.3438)  Acc@5: 94.1406 (94.1406)
2024-07-10 14:50:37,179 -                train: [    INFO] - Test: [  19/19]  Time: 0.031 (0.044)  Loss:  0.9043 (0.9255)  Acc@1: 75.0000 (74.3800)  Acc@5: 93.3824 (93.3000)
2024-07-10 14:50:37,402 -                train: [    INFO] - *** Best metric: 74.87999990234376 (epoch 190)
2024-07-10 14:50:37,749 -                train: [    INFO] - Train: 194 [   0/97 (  0%)]  Loss:  1.685303 (1.6853)  Time: 0.345s, 1483.76/s  (0.345s, 1483.76/s)  LR: 7.452e-04  Data: 0.074 (0.074)
2024-07-10 14:51:04,367 -                train: [    INFO] - Train: 194 [  96/97 (100%)]  Loss:  2.154567 (1.9199)  Time: 0.271s, 1885.89/s  (0.278s, 1842.00/s)  LR: 7.452e-04  Data: 0.000 (0.004)
2024-07-10 14:51:04,476 -                train: [    INFO] - Test: [   0/19]  Time: 0.107 (0.107)  Loss:  0.8750 (0.8750)  Acc@1: 76.1719 (76.1719)  Acc@5: 92.5781 (92.5781)
2024-07-10 14:51:05,241 -                train: [    INFO] - Test: [  19/19]  Time: 0.038 (0.044)  Loss:  0.9521 (0.9402)  Acc@1: 74.6324 (74.4000)  Acc@5: 92.2794 (93.2100)
2024-07-10 14:51:05,467 -                train: [    INFO] - *** Best metric: 74.87999990234376 (epoch 190)
2024-07-10 14:51:05,819 -                train: [    INFO] - Train: 195 [   0/97 (  0%)]  Loss:  1.589429 (1.5894)  Time: 0.351s, 1459.43/s  (0.351s, 1459.43/s)  LR: 7.397e-04  Data: 0.079 (0.079)
2024-07-10 14:51:32,744 -                train: [    INFO] - Train: 195 [  96/97 (100%)]  Loss:  2.049176 (1.8193)  Time: 0.272s, 1882.54/s  (0.281s, 1820.87/s)  LR: 7.397e-04  Data: 0.000 (0.004)
2024-07-10 14:51:32,859 -                train: [    INFO] - Test: [   0/19]  Time: 0.113 (0.113)  Loss:  0.8984 (0.8984)  Acc@1: 77.5391 (77.5391)  Acc@5: 94.1406 (94.1406)
2024-07-10 14:51:33,604 -                train: [    INFO] - Test: [  19/19]  Time: 0.027 (0.043)  Loss:  0.9917 (0.9334)  Acc@1: 73.5294 (73.9500)  Acc@5: 91.5441 (93.3200)
2024-07-10 14:51:33,813 -                train: [    INFO] - *** Best metric: 74.87999990234376 (epoch 190)
2024-07-10 14:51:34,164 -                train: [    INFO] - Train: 196 [   0/97 (  0%)]  Loss:  1.954493 (1.9545)  Time: 0.350s, 1462.95/s  (0.350s, 1462.95/s)  LR: 7.342e-04  Data: 0.073 (0.073)
2024-07-10 14:52:00,840 -                train: [    INFO] - Train: 196 [  96/97 (100%)]  Loss:  1.867924 (1.9112)  Time: 0.272s, 1884.62/s  (0.279s, 1837.73/s)  LR: 7.342e-04  Data: 0.000 (0.004)
2024-07-10 14:52:00,952 -                train: [    INFO] - Test: [   0/19]  Time: 0.109 (0.109)  Loss:  0.9360 (0.9360)  Acc@1: 74.4141 (74.4141)  Acc@5: 92.3828 (92.3828)
2024-07-10 14:52:01,713 -                train: [    INFO] - Test: [  19/19]  Time: 0.032 (0.044)  Loss:  1.0020 (0.9511)  Acc@1: 73.5294 (73.9400)  Acc@5: 91.9118 (93.0600)
2024-07-10 14:52:01,884 -                train: [    INFO] - *** Best metric: 74.87999990234376 (epoch 190)
2024-07-10 14:52:02,245 -                train: [    INFO] - Train: 197 [   0/97 (  0%)]  Loss:  1.136356 (1.1364)  Time: 0.360s, 1421.43/s  (0.360s, 1421.43/s)  LR: 7.286e-04  Data: 0.085 (0.085)
2024-07-10 14:52:28,878 -                train: [    INFO] - Train: 197 [  96/97 (100%)]  Loss:  1.961311 (1.5488)  Time: 0.272s, 1885.75/s  (0.278s, 1840.01/s)  LR: 7.286e-04  Data: 0.000 (0.004)
2024-07-10 14:52:28,985 -                train: [    INFO] - Test: [   0/19]  Time: 0.105 (0.105)  Loss:  0.8818 (0.8818)  Acc@1: 75.3906 (75.3906)  Acc@5: 93.5547 (93.5547)
2024-07-10 14:52:29,727 -                train: [    INFO] - Test: [  19/19]  Time: 0.034 (0.042)  Loss:  0.9556 (0.9338)  Acc@1: 76.1029 (74.0100)  Acc@5: 89.7059 (93.3600)
2024-07-10 14:52:29,909 -                train: [    INFO] - *** Best metric: 74.87999990234376 (epoch 190)
2024-07-10 14:52:30,262 -                train: [    INFO] - Train: 198 [   0/97 (  0%)]  Loss:  2.061944 (2.0619)  Time: 0.353s, 1452.18/s  (0.353s, 1452.18/s)  LR: 7.231e-04  Data: 0.082 (0.082)
2024-07-10 14:52:56,876 -                train: [    INFO] - Train: 198 [  96/97 (100%)]  Loss:  1.616646 (1.8393)  Time: 0.271s, 1886.64/s  (0.278s, 1841.83/s)  LR: 7.231e-04  Data: 0.000 (0.004)
2024-07-10 14:52:56,993 -                train: [    INFO] - Test: [   0/19]  Time: 0.115 (0.115)  Loss:  0.9150 (0.9150)  Acc@1: 76.5625 (76.5625)  Acc@5: 93.3594 (93.3594)
2024-07-10 14:52:57,730 -                train: [    INFO] - Test: [  19/19]  Time: 0.027 (0.043)  Loss:  0.9395 (0.9377)  Acc@1: 75.7353 (74.4000)  Acc@5: 93.0147 (93.1100)
2024-07-10 14:52:57,901 -                train: [    INFO] - *** Best metric: 74.87999990234376 (epoch 190)
2024-07-10 14:52:58,261 -                train: [    INFO] - Train: 199 [   0/97 (  0%)]  Loss:  2.035076 (2.0351)  Time: 0.359s, 1425.03/s  (0.359s, 1425.03/s)  LR: 7.176e-04  Data: 0.087 (0.087)
2024-07-10 14:53:24,937 -                train: [    INFO] - Train: 199 [  96/97 (100%)]  Loss:  1.733379 (1.8842)  Time: 0.272s, 1881.53/s  (0.279s, 1837.15/s)  LR: 7.176e-04  Data: 0.000 (0.004)
2024-07-10 14:53:25,054 -                train: [    INFO] - Test: [   0/19]  Time: 0.115 (0.115)  Loss:  0.9111 (0.9111)  Acc@1: 74.8047 (74.8047)  Acc@5: 94.1406 (94.1406)
2024-07-10 14:53:25,794 -                train: [    INFO] - Test: [  19/19]  Time: 0.027 (0.043)  Loss:  0.9697 (0.9381)  Acc@1: 75.3676 (74.2100)  Acc@5: 90.4412 (93.4800)
2024-07-10 14:53:25,970 -                train: [    INFO] - *** Best metric: 74.87999990234376 (epoch 190)
2024-07-10 14:53:26,305 -                train: [    INFO] - Train: 200 [   0/97 (  0%)]  Loss:  1.861025 (1.8610)  Time: 0.333s, 1536.50/s  (0.333s, 1536.50/s)  LR: 7.121e-04  Data: 0.063 (0.063)
2024-07-10 14:53:53,338 -                train: [    INFO] - Train: 200 [  96/97 (100%)]  Loss:  1.325818 (1.5934)  Time: 0.271s, 1886.08/s  (0.282s, 1814.90/s)  LR: 7.121e-04  Data: 0.000 (0.004)
2024-07-10 14:53:53,445 -                train: [    INFO] - Test: [   0/19]  Time: 0.106 (0.106)  Loss:  0.9170 (0.9170)  Acc@1: 76.1719 (76.1719)  Acc@5: 93.7500 (93.7500)
2024-07-10 14:53:54,183 -                train: [    INFO] - Test: [  19/19]  Time: 0.028 (0.042)  Loss:  0.9736 (0.9336)  Acc@1: 72.4265 (75.0100)  Acc@5: 89.3382 (93.3000)
2024-07-10 14:53:54,366 - timm.utils.checkpoint_saver: [    INFO] - Current checkpoints:
 ('./output/train/20240710-131949-vitsnn-32/checkpoint-200.pth.tar', 75.00999992675781)
 ('./output/train/20240710-131949-vitsnn-32/checkpoint-190.pth.tar', 74.87999990234376)

2024-07-10 14:53:54,366 -                train: [    INFO] - *** Best metric: 75.00999992675781 (epoch 200)
2024-07-10 14:53:54,709 -                train: [    INFO] - Train: 201 [   0/97 (  0%)]  Loss:  2.051475 (2.0515)  Time: 0.341s, 1502.52/s  (0.341s, 1502.52/s)  LR: 7.066e-04  Data: 0.069 (0.069)
2024-07-10 14:54:21,294 -                train: [    INFO] - Train: 201 [  96/97 (100%)]  Loss:  2.034555 (2.0430)  Time: 0.272s, 1881.48/s  (0.278s, 1844.57/s)  LR: 7.066e-04  Data: 0.000 (0.004)
2024-07-10 14:54:21,409 -                train: [    INFO] - Test: [   0/19]  Time: 0.112 (0.112)  Loss:  0.8955 (0.8955)  Acc@1: 76.7578 (76.7578)  Acc@5: 94.3359 (94.3359)
2024-07-10 14:54:22,143 -                train: [    INFO] - Test: [  19/19]  Time: 0.028 (0.042)  Loss:  0.8647 (0.9362)  Acc@1: 78.6765 (74.2800)  Acc@5: 92.2794 (93.2400)
2024-07-10 14:54:22,358 -                train: [    INFO] - *** Best metric: 75.00999992675781 (epoch 200)
2024-07-10 14:54:22,701 -                train: [    INFO] - Train: 202 [   0/97 (  0%)]  Loss:  1.691767 (1.6918)  Time: 0.342s, 1496.07/s  (0.342s, 1496.07/s)  LR: 7.011e-04  Data: 0.071 (0.071)
2024-07-10 14:54:49,454 -                train: [    INFO] - Train: 202 [  96/97 (100%)]  Loss:  1.118103 (1.4049)  Time: 0.272s, 1885.64/s  (0.279s, 1833.15/s)  LR: 7.011e-04  Data: 0.000 (0.004)
2024-07-10 14:54:49,564 -                train: [    INFO] - Test: [   0/19]  Time: 0.109 (0.109)  Loss:  0.8657 (0.8657)  Acc@1: 76.3672 (76.3672)  Acc@5: 94.5312 (94.5312)
2024-07-10 14:54:50,309 -                train: [    INFO] - Test: [  19/19]  Time: 0.027 (0.043)  Loss:  0.9053 (0.9114)  Acc@1: 76.1029 (74.9700)  Acc@5: 93.3823 (93.8400)
2024-07-10 14:54:50,485 - timm.utils.checkpoint_saver: [    INFO] - Current checkpoints:
 ('./output/train/20240710-131949-vitsnn-32/checkpoint-200.pth.tar', 75.00999992675781)
 ('./output/train/20240710-131949-vitsnn-32/checkpoint-202.pth.tar', 74.97000006103515)

2024-07-10 14:54:50,485 -                train: [    INFO] - *** Best metric: 75.00999992675781 (epoch 200)
2024-07-10 14:54:50,821 -                train: [    INFO] - Train: 203 [   0/97 (  0%)]  Loss:  1.984710 (1.9847)  Time: 0.334s, 1531.92/s  (0.334s, 1531.92/s)  LR: 6.956e-04  Data: 0.064 (0.064)
2024-07-10 14:55:17,609 -                train: [    INFO] - Train: 203 [  96/97 (100%)]  Loss:  1.945109 (1.9649)  Time: 0.272s, 1883.91/s  (0.280s, 1831.27/s)  LR: 6.956e-04  Data: 0.000 (0.004)
2024-07-10 14:55:17,723 -                train: [    INFO] - Test: [   0/19]  Time: 0.113 (0.113)  Loss:  0.9224 (0.9224)  Acc@1: 76.7578 (76.7578)  Acc@5: 93.1641 (93.1641)
2024-07-10 14:55:18,450 -                train: [    INFO] - Test: [  19/19]  Time: 0.024 (0.042)  Loss:  0.9155 (0.9235)  Acc@1: 75.3676 (74.5700)  Acc@5: 93.3824 (93.4000)
2024-07-10 14:55:18,665 -                train: [    INFO] - *** Best metric: 75.00999992675781 (epoch 200)
2024-07-10 14:55:19,007 -                train: [    INFO] - Train: 204 [   0/97 (  0%)]  Loss:  2.187832 (2.1878)  Time: 0.341s, 1501.78/s  (0.341s, 1501.78/s)  LR: 6.901e-04  Data: 0.070 (0.070)
2024-07-10 14:55:45,582 -                train: [    INFO] - Train: 204 [  96/97 (100%)]  Loss:  1.808050 (1.9979)  Time: 0.271s, 1890.34/s  (0.277s, 1845.32/s)  LR: 6.901e-04  Data: 0.000 (0.004)
2024-07-10 14:55:45,693 -                train: [    INFO] - Test: [   0/19]  Time: 0.110 (0.110)  Loss:  0.9707 (0.9707)  Acc@1: 74.2188 (74.2188)  Acc@5: 92.7734 (92.7734)
2024-07-10 14:55:46,428 -                train: [    INFO] - Test: [  19/19]  Time: 0.027 (0.042)  Loss:  0.9316 (0.9382)  Acc@1: 73.5294 (74.6100)  Acc@5: 91.1765 (93.4800)
2024-07-10 14:55:46,597 -                train: [    INFO] - *** Best metric: 75.00999992675781 (epoch 200)
2024-07-10 14:55:46,939 -                train: [    INFO] - Train: 205 [   0/97 (  0%)]  Loss:  1.845620 (1.8456)  Time: 0.340s, 1505.29/s  (0.340s, 1505.29/s)  LR: 6.845e-04  Data: 0.068 (0.068)
2024-07-10 14:56:13,689 -                train: [    INFO] - Train: 205 [  96/97 (100%)]  Loss:  1.634170 (1.7399)  Time: 0.271s, 1885.88/s  (0.279s, 1833.42/s)  LR: 6.845e-04  Data: 0.000 (0.004)
2024-07-10 14:56:13,802 -                train: [    INFO] - Test: [   0/19]  Time: 0.112 (0.112)  Loss:  0.9189 (0.9189)  Acc@1: 75.9766 (75.9766)  Acc@5: 93.5547 (93.5547)
2024-07-10 14:56:14,535 -                train: [    INFO] - Test: [  19/19]  Time: 0.027 (0.042)  Loss:  0.8730 (0.9188)  Acc@1: 76.1029 (75.1200)  Acc@5: 92.6471 (93.7900)
2024-07-10 14:56:14,736 - timm.utils.checkpoint_saver: [    INFO] - Current checkpoints:
 ('./output/train/20240710-131949-vitsnn-32/checkpoint-205.pth.tar', 75.12000006103516)
 ('./output/train/20240710-131949-vitsnn-32/checkpoint-200.pth.tar', 75.00999992675781)

2024-07-10 14:56:14,736 -                train: [    INFO] - *** Best metric: 75.12000006103516 (epoch 205)
2024-07-10 14:56:15,074 -                train: [    INFO] - Train: 206 [   0/97 (  0%)]  Loss:  1.782298 (1.7823)  Time: 0.337s, 1521.14/s  (0.337s, 1521.14/s)  LR: 6.790e-04  Data: 0.066 (0.066)
2024-07-10 14:56:41,585 -                train: [    INFO] - Train: 206 [  96/97 (100%)]  Loss:  1.318430 (1.5504)  Time: 0.271s, 1888.53/s  (0.277s, 1850.00/s)  LR: 6.790e-04  Data: 0.000 (0.004)
2024-07-10 14:56:41,703 -                train: [    INFO] - Test: [   0/19]  Time: 0.117 (0.117)  Loss:  0.8389 (0.8389)  Acc@1: 75.9766 (75.9766)  Acc@5: 94.1406 (94.1406)
2024-07-10 14:56:42,449 -                train: [    INFO] - Test: [  19/19]  Time: 0.034 (0.043)  Loss:  0.8740 (0.9069)  Acc@1: 76.8382 (74.5700)  Acc@5: 92.2794 (93.6100)
2024-07-10 14:56:42,666 -                train: [    INFO] - *** Best metric: 75.12000006103516 (epoch 205)
2024-07-10 14:56:43,002 -                train: [    INFO] - Train: 207 [   0/97 (  0%)]  Loss:  2.134611 (2.1346)  Time: 0.334s, 1532.26/s  (0.334s, 1532.26/s)  LR: 6.735e-04  Data: 0.064 (0.064)
2024-07-10 14:57:09,568 -                train: [    INFO] - Train: 207 [  96/97 (100%)]  Loss:  1.791915 (1.9633)  Time: 0.271s, 1887.59/s  (0.277s, 1846.35/s)  LR: 6.735e-04  Data: 0.000 (0.004)
2024-07-10 14:57:09,681 -                train: [    INFO] - Test: [   0/19]  Time: 0.111 (0.111)  Loss:  0.8760 (0.8760)  Acc@1: 74.8047 (74.8047)  Acc@5: 93.3594 (93.3594)
2024-07-10 14:57:10,409 -                train: [    INFO] - Test: [  19/19]  Time: 0.024 (0.042)  Loss:  0.9370 (0.9056)  Acc@1: 75.7353 (74.8000)  Acc@5: 91.1765 (93.4100)
2024-07-10 14:57:10,661 -                train: [    INFO] - *** Best metric: 75.12000006103516 (epoch 205)
2024-07-10 14:57:11,011 -                train: [    INFO] - Train: 208 [   0/97 (  0%)]  Loss:  1.479962 (1.4800)  Time: 0.347s, 1474.60/s  (0.347s, 1474.60/s)  LR: 6.680e-04  Data: 0.075 (0.075)
2024-07-10 14:57:37,672 -                train: [    INFO] - Train: 208 [  96/97 (100%)]  Loss:  2.120647 (1.8003)  Time: 0.271s, 1886.59/s  (0.278s, 1838.96/s)  LR: 6.680e-04  Data: 0.000 (0.004)
2024-07-10 14:57:37,787 -                train: [    INFO] - Test: [   0/19]  Time: 0.113 (0.113)  Loss:  0.9111 (0.9111)  Acc@1: 75.3906 (75.3906)  Acc@5: 92.9688 (92.9688)
2024-07-10 14:57:38,526 -                train: [    INFO] - Test: [  19/19]  Time: 0.024 (0.043)  Loss:  0.9170 (0.9199)  Acc@1: 74.2647 (74.5200)  Acc@5: 93.0147 (93.4700)
2024-07-10 14:57:38,747 -                train: [    INFO] - *** Best metric: 75.12000006103516 (epoch 205)
2024-07-10 14:57:39,088 -                train: [    INFO] - Train: 209 [   0/97 (  0%)]  Loss:  1.221241 (1.2212)  Time: 0.340s, 1504.46/s  (0.340s, 1504.46/s)  LR: 6.625e-04  Data: 0.070 (0.070)
2024-07-10 14:58:05,886 -                train: [    INFO] - Train: 209 [  96/97 (100%)]  Loss:  1.970964 (1.5961)  Time: 0.272s, 1880.71/s  (0.280s, 1830.17/s)  LR: 6.625e-04  Data: 0.000 (0.004)
2024-07-10 14:58:05,994 -                train: [    INFO] - Test: [   0/19]  Time: 0.106 (0.106)  Loss:  0.8867 (0.8867)  Acc@1: 76.3672 (76.3672)  Acc@5: 92.9688 (92.9688)
2024-07-10 14:58:06,726 -                train: [    INFO] - Test: [  19/19]  Time: 0.027 (0.042)  Loss:  0.9346 (0.9331)  Acc@1: 78.3088 (74.4700)  Acc@5: 92.2794 (93.4900)
2024-07-10 14:58:06,946 -                train: [    INFO] - *** Best metric: 75.12000006103516 (epoch 205)
2024-07-10 14:58:07,288 -                train: [    INFO] - Train: 210 [   0/97 (  0%)]  Loss:  1.771630 (1.7716)  Time: 0.341s, 1502.87/s  (0.341s, 1502.87/s)  LR: 6.570e-04  Data: 0.070 (0.070)
2024-07-10 14:58:34,154 -                train: [    INFO] - Train: 210 [  96/97 (100%)]  Loss:  1.808996 (1.7903)  Time: 0.271s, 1887.37/s  (0.280s, 1825.57/s)  LR: 6.570e-04  Data: 0.000 (0.004)
2024-07-10 14:58:34,259 -                train: [    INFO] - Test: [   0/19]  Time: 0.103 (0.103)  Loss:  0.8936 (0.8936)  Acc@1: 76.7578 (76.7578)  Acc@5: 93.3594 (93.3594)
2024-07-10 14:58:35,006 -                train: [    INFO] - Test: [  19/19]  Time: 0.034 (0.042)  Loss:  0.9326 (0.9427)  Acc@1: 76.1029 (74.3900)  Acc@5: 93.0147 (93.2400)
2024-07-10 14:58:35,228 -                train: [    INFO] - *** Best metric: 75.12000006103516 (epoch 205)
2024-07-10 14:58:35,572 -                train: [    INFO] - Train: 211 [   0/97 (  0%)]  Loss:  1.773378 (1.7734)  Time: 0.343s, 1494.57/s  (0.343s, 1494.57/s)  LR: 6.515e-04  Data: 0.071 (0.071)
2024-07-10 14:59:02,290 -                train: [    INFO] - Train: 211 [  96/97 (100%)]  Loss:  2.149626 (1.9615)  Time: 0.272s, 1882.87/s  (0.279s, 1835.39/s)  LR: 6.515e-04  Data: 0.000 (0.004)
2024-07-10 14:59:02,402 -                train: [    INFO] - Test: [   0/19]  Time: 0.110 (0.110)  Loss:  0.9043 (0.9043)  Acc@1: 74.8047 (74.8047)  Acc@5: 92.5781 (92.5781)
2024-07-10 14:59:03,148 -                train: [    INFO] - Test: [  19/19]  Time: 0.027 (0.043)  Loss:  0.9238 (0.9279)  Acc@1: 75.3676 (74.5200)  Acc@5: 92.6471 (93.3600)
2024-07-10 14:59:03,322 -                train: [    INFO] - *** Best metric: 75.12000006103516 (epoch 205)
2024-07-10 14:59:03,684 -                train: [    INFO] - Train: 212 [   0/97 (  0%)]  Loss:  1.537978 (1.5380)  Time: 0.361s, 1417.94/s  (0.361s, 1417.94/s)  LR: 6.460e-04  Data: 0.088 (0.088)
2024-07-10 14:59:30,271 -                train: [    INFO] - Train: 212 [  96/97 (100%)]  Loss:  1.875408 (1.7067)  Time: 0.272s, 1881.55/s  (0.278s, 1843.06/s)  LR: 6.460e-04  Data: 0.000 (0.004)
2024-07-10 14:59:30,384 -                train: [    INFO] - Test: [   0/19]  Time: 0.110 (0.110)  Loss:  0.8584 (0.8584)  Acc@1: 77.3438 (77.3438)  Acc@5: 93.1641 (93.1641)
2024-07-10 14:59:31,133 -                train: [    INFO] - Test: [  19/19]  Time: 0.027 (0.043)  Loss:  0.9238 (0.9046)  Acc@1: 75.7353 (74.7500)  Acc@5: 91.5441 (93.8400)
2024-07-10 14:59:31,305 -                train: [    INFO] - *** Best metric: 75.12000006103516 (epoch 205)
2024-07-10 14:59:31,661 -                train: [    INFO] - Train: 213 [   0/97 (  0%)]  Loss:  1.177066 (1.1771)  Time: 0.354s, 1444.88/s  (0.354s, 1444.88/s)  LR: 6.405e-04  Data: 0.068 (0.068)
2024-07-10 14:59:58,221 -                train: [    INFO] - Train: 213 [  96/97 (100%)]  Loss:  1.681148 (1.4291)  Time: 0.272s, 1883.48/s  (0.277s, 1845.41/s)  LR: 6.405e-04  Data: 0.000 (0.004)
2024-07-10 14:59:58,339 -                train: [    INFO] - Test: [   0/19]  Time: 0.116 (0.116)  Loss:  0.9385 (0.9385)  Acc@1: 75.7812 (75.7812)  Acc@5: 92.3828 (92.3828)
2024-07-10 14:59:59,053 -                train: [    INFO] - Test: [  19/19]  Time: 0.023 (0.041)  Loss:  0.9688 (0.9406)  Acc@1: 76.8382 (74.7200)  Acc@5: 91.1765 (93.3000)
2024-07-10 14:59:59,219 -                train: [    INFO] - *** Best metric: 75.12000006103516 (epoch 205)
2024-07-10 14:59:59,576 -                train: [    INFO] - Train: 214 [   0/97 (  0%)]  Loss:  2.350794 (2.3508)  Time: 0.356s, 1437.21/s  (0.356s, 1437.21/s)  LR: 6.351e-04  Data: 0.072 (0.072)
2024-07-10 15:00:26,300 -                train: [    INFO] - Train: 214 [  96/97 (100%)]  Loss:  1.510699 (1.9307)  Time: 0.273s, 1877.53/s  (0.279s, 1834.13/s)  LR: 6.351e-04  Data: 0.000 (0.004)
2024-07-10 15:00:26,413 -                train: [    INFO] - Test: [   0/19]  Time: 0.111 (0.111)  Loss:  0.8955 (0.8955)  Acc@1: 76.5625 (76.5625)  Acc@5: 93.1641 (93.1641)
2024-07-10 15:00:27,156 -                train: [    INFO] - Test: [  19/19]  Time: 0.027 (0.043)  Loss:  1.0371 (0.9335)  Acc@1: 72.0588 (74.7800)  Acc@5: 91.5441 (93.4400)
2024-07-10 15:00:27,377 -                train: [    INFO] - *** Best metric: 75.12000006103516 (epoch 205)
2024-07-10 15:00:27,730 -                train: [    INFO] - Train: 215 [   0/97 (  0%)]  Loss:  2.024821 (2.0248)  Time: 0.352s, 1454.92/s  (0.352s, 1454.92/s)  LR: 6.296e-04  Data: 0.081 (0.081)
2024-07-10 15:00:54,677 -                train: [    INFO] - Train: 215 [  96/97 (100%)]  Loss:  1.617997 (1.8214)  Time: 0.271s, 1886.15/s  (0.281s, 1819.37/s)  LR: 6.296e-04  Data: 0.000 (0.004)
2024-07-10 15:00:54,787 -                train: [    INFO] - Test: [   0/19]  Time: 0.109 (0.109)  Loss:  0.8545 (0.8545)  Acc@1: 76.7578 (76.7578)  Acc@5: 93.9453 (93.9453)
2024-07-10 15:00:55,521 -                train: [    INFO] - Test: [  19/19]  Time: 0.041 (0.042)  Loss:  1.0000 (0.8945)  Acc@1: 72.4265 (75.1700)  Acc@5: 92.2794 (93.7300)
2024-07-10 15:00:55,700 - timm.utils.checkpoint_saver: [    INFO] - Current checkpoints:
 ('./output/train/20240710-131949-vitsnn-32/checkpoint-215.pth.tar', 75.16999992675781)
 ('./output/train/20240710-131949-vitsnn-32/checkpoint-205.pth.tar', 75.12000006103516)

2024-07-10 15:00:55,701 -                train: [    INFO] - *** Best metric: 75.16999992675781 (epoch 215)
2024-07-10 15:00:56,073 -                train: [    INFO] - Train: 216 [   0/97 (  0%)]  Loss:  1.663913 (1.6639)  Time: 0.371s, 1381.02/s  (0.371s, 1381.02/s)  LR: 6.241e-04  Data: 0.083 (0.083)
2024-07-10 15:01:22,770 -                train: [    INFO] - Train: 216 [  96/97 (100%)]  Loss:  1.598550 (1.6312)  Time: 0.272s, 1882.27/s  (0.279s, 1834.91/s)  LR: 6.241e-04  Data: 0.000 (0.004)
2024-07-10 15:01:22,890 -                train: [    INFO] - Test: [   0/19]  Time: 0.118 (0.118)  Loss:  0.9663 (0.9663)  Acc@1: 74.8047 (74.8047)  Acc@5: 92.1875 (92.1875)
2024-07-10 15:01:23,635 -                train: [    INFO] - Test: [  19/19]  Time: 0.028 (0.043)  Loss:  0.9468 (0.9040)  Acc@1: 73.1618 (75.2500)  Acc@5: 92.2794 (93.4500)
2024-07-10 15:01:23,859 - timm.utils.checkpoint_saver: [    INFO] - Current checkpoints:
 ('./output/train/20240710-131949-vitsnn-32/checkpoint-216.pth.tar', 75.25000003662109)
 ('./output/train/20240710-131949-vitsnn-32/checkpoint-215.pth.tar', 75.16999992675781)

2024-07-10 15:01:23,860 -                train: [    INFO] - *** Best metric: 75.25000003662109 (epoch 216)
2024-07-10 15:01:24,201 -                train: [    INFO] - Train: 217 [   0/97 (  0%)]  Loss:  1.679651 (1.6797)  Time: 0.341s, 1502.58/s  (0.341s, 1502.58/s)  LR: 6.186e-04  Data: 0.069 (0.069)
2024-07-10 15:01:50,918 -                train: [    INFO] - Train: 217 [  96/97 (100%)]  Loss:  1.874779 (1.7772)  Time: 0.272s, 1885.55/s  (0.279s, 1835.61/s)  LR: 6.186e-04  Data: 0.000 (0.004)
2024-07-10 15:01:51,029 -                train: [    INFO] - Test: [   0/19]  Time: 0.108 (0.108)  Loss:  0.8633 (0.8633)  Acc@1: 77.5391 (77.5391)  Acc@5: 93.3594 (93.3594)
2024-07-10 15:01:51,777 -                train: [    INFO] - Test: [  19/19]  Time: 0.031 (0.043)  Loss:  0.9399 (0.9016)  Acc@1: 73.1618 (75.1500)  Acc@5: 92.6471 (93.6900)
2024-07-10 15:01:51,991 -                train: [    INFO] - *** Best metric: 75.25000003662109 (epoch 216)
2024-07-10 15:01:52,324 -                train: [    INFO] - Train: 218 [   0/97 (  0%)]  Loss:  1.592593 (1.5926)  Time: 0.332s, 1541.59/s  (0.332s, 1541.59/s)  LR: 6.132e-04  Data: 0.062 (0.062)
2024-07-10 15:02:18,996 -                train: [    INFO] - Train: 218 [  96/97 (100%)]  Loss:  1.607511 (1.6001)  Time: 0.271s, 1886.04/s  (0.278s, 1839.28/s)  LR: 6.132e-04  Data: 0.000 (0.004)
2024-07-10 15:02:19,111 -                train: [    INFO] - Test: [   0/19]  Time: 0.114 (0.114)  Loss:  0.8848 (0.8848)  Acc@1: 77.9297 (77.9297)  Acc@5: 94.1406 (94.1406)
2024-07-10 15:02:19,855 -                train: [    INFO] - Test: [  19/19]  Time: 0.041 (0.043)  Loss:  1.0107 (0.9419)  Acc@1: 73.8971 (75.0600)  Acc@5: 92.2794 (93.0200)
2024-07-10 15:02:20,022 -                train: [    INFO] - *** Best metric: 75.25000003662109 (epoch 216)
2024-07-10 15:02:20,365 -                train: [    INFO] - Train: 219 [   0/97 (  0%)]  Loss:  1.978682 (1.9787)  Time: 0.342s, 1498.87/s  (0.342s, 1498.87/s)  LR: 6.077e-04  Data: 0.071 (0.071)
2024-07-10 15:02:47,114 -                train: [    INFO] - Train: 219 [  96/97 (100%)]  Loss:  1.695292 (1.8370)  Time: 0.349s, 1467.87/s  (0.279s, 1833.40/s)  LR: 6.077e-04  Data: 0.000 (0.004)
2024-07-10 15:02:47,226 -                train: [    INFO] - Test: [   0/19]  Time: 0.111 (0.111)  Loss:  0.8804 (0.8804)  Acc@1: 76.7578 (76.7578)  Acc@5: 94.3359 (94.3359)
2024-07-10 15:02:47,951 -                train: [    INFO] - Test: [  19/19]  Time: 0.024 (0.042)  Loss:  0.8872 (0.8985)  Acc@1: 75.3676 (75.3500)  Acc@5: 93.0147 (93.7700)
2024-07-10 15:02:48,127 - timm.utils.checkpoint_saver: [    INFO] - Current checkpoints:
 ('./output/train/20240710-131949-vitsnn-32/checkpoint-219.pth.tar', 75.34999995117188)
 ('./output/train/20240710-131949-vitsnn-32/checkpoint-216.pth.tar', 75.25000003662109)

2024-07-10 15:02:48,127 -                train: [    INFO] - *** Best metric: 75.34999995117188 (epoch 219)
2024-07-10 15:02:48,477 -                train: [    INFO] - Train: 220 [   0/97 (  0%)]  Loss:  1.507555 (1.5076)  Time: 0.349s, 1467.01/s  (0.349s, 1467.01/s)  LR: 6.023e-04  Data: 0.077 (0.077)
2024-07-10 15:03:15,319 -                train: [    INFO] - Train: 220 [  96/97 (100%)]  Loss:  1.529273 (1.5184)  Time: 0.272s, 1880.67/s  (0.280s, 1826.64/s)  LR: 6.023e-04  Data: 0.000 (0.004)
2024-07-10 15:03:15,430 -                train: [    INFO] - Test: [   0/19]  Time: 0.109 (0.109)  Loss:  0.8906 (0.8906)  Acc@1: 76.3672 (76.3672)  Acc@5: 92.1875 (92.1875)
2024-07-10 15:03:16,168 -                train: [    INFO] - Test: [  19/19]  Time: 0.027 (0.042)  Loss:  0.8804 (0.8827)  Acc@1: 75.0000 (75.4400)  Acc@5: 94.1176 (93.9200)
2024-07-10 15:03:16,342 - timm.utils.checkpoint_saver: [    INFO] - Current checkpoints:
 ('./output/train/20240710-131949-vitsnn-32/checkpoint-220.pth.tar', 75.44)
 ('./output/train/20240710-131949-vitsnn-32/checkpoint-219.pth.tar', 75.34999995117188)

2024-07-10 15:03:16,342 -                train: [    INFO] - *** Best metric: 75.44 (epoch 220)
2024-07-10 15:03:16,687 -                train: [    INFO] - Train: 221 [   0/97 (  0%)]  Loss:  1.924574 (1.9246)  Time: 0.343s, 1490.75/s  (0.343s, 1490.75/s)  LR: 5.968e-04  Data: 0.067 (0.067)
2024-07-10 15:03:43,363 -                train: [    INFO] - Train: 221 [  96/97 (100%)]  Loss:  1.704461 (1.8145)  Time: 0.272s, 1885.30/s  (0.279s, 1838.18/s)  LR: 5.968e-04  Data: 0.000 (0.004)
2024-07-10 15:03:43,476 -                train: [    INFO] - Test: [   0/19]  Time: 0.111 (0.111)  Loss:  0.9688 (0.9688)  Acc@1: 75.1953 (75.1953)  Acc@5: 91.7969 (91.7969)
2024-07-10 15:03:44,220 -                train: [    INFO] - Test: [  19/19]  Time: 0.034 (0.043)  Loss:  0.9336 (0.9357)  Acc@1: 75.0000 (74.4900)  Acc@5: 92.6470 (93.3600)
2024-07-10 15:03:44,385 -                train: [    INFO] - *** Best metric: 75.44 (epoch 220)
2024-07-10 15:03:44,739 -                train: [    INFO] - Train: 222 [   0/97 (  0%)]  Loss:  1.296363 (1.2964)  Time: 0.352s, 1452.76/s  (0.352s, 1452.76/s)  LR: 5.914e-04  Data: 0.078 (0.078)
2024-07-10 15:04:11,405 -                train: [    INFO] - Train: 222 [  96/97 (100%)]  Loss:  1.557252 (1.4268)  Time: 0.272s, 1885.11/s  (0.279s, 1838.29/s)  LR: 5.914e-04  Data: 0.000 (0.004)
2024-07-10 15:04:11,517 -                train: [    INFO] - Test: [   0/19]  Time: 0.110 (0.110)  Loss:  0.8896 (0.8896)  Acc@1: 75.5859 (75.5859)  Acc@5: 93.3594 (93.3594)
2024-07-10 15:04:12,240 -                train: [    INFO] - Test: [  19/19]  Time: 0.024 (0.042)  Loss:  0.9722 (0.9307)  Acc@1: 72.0588 (74.9400)  Acc@5: 92.6471 (93.4900)
2024-07-10 15:04:12,462 -                train: [    INFO] - *** Best metric: 75.44 (epoch 220)
2024-07-10 15:04:12,810 -                train: [    INFO] - Train: 223 [   0/97 (  0%)]  Loss:  1.541366 (1.5414)  Time: 0.347s, 1477.30/s  (0.347s, 1477.30/s)  LR: 5.860e-04  Data: 0.076 (0.076)
2024-07-10 15:04:39,303 -                train: [    INFO] - Train: 223 [  96/97 (100%)]  Loss:  1.921828 (1.7316)  Time: 0.271s, 1885.93/s  (0.277s, 1850.54/s)  LR: 5.860e-04  Data: 0.000 (0.004)
2024-07-10 15:04:39,418 -                train: [    INFO] - Test: [   0/19]  Time: 0.113 (0.113)  Loss:  0.8828 (0.8828)  Acc@1: 77.7344 (77.7344)  Acc@5: 92.5781 (92.5781)
2024-07-10 15:04:40,161 -                train: [    INFO] - Test: [  19/19]  Time: 0.027 (0.043)  Loss:  0.9326 (0.8940)  Acc@1: 73.8971 (75.5600)  Acc@5: 92.6470 (93.8100)
2024-07-10 15:04:40,397 - timm.utils.checkpoint_saver: [    INFO] - Current checkpoints:
 ('./output/train/20240710-131949-vitsnn-32/checkpoint-223.pth.tar', 75.55999993896485)
 ('./output/train/20240710-131949-vitsnn-32/checkpoint-220.pth.tar', 75.44)

2024-07-10 15:04:40,397 -                train: [    INFO] - *** Best metric: 75.55999993896485 (epoch 223)
2024-07-10 15:04:40,747 -                train: [    INFO] - Train: 224 [   0/97 (  0%)]  Loss:  1.654732 (1.6547)  Time: 0.349s, 1467.20/s  (0.349s, 1467.20/s)  LR: 5.805e-04  Data: 0.078 (0.078)
2024-07-10 15:05:07,494 -                train: [    INFO] - Train: 224 [  96/97 (100%)]  Loss:  1.918373 (1.7866)  Time: 0.272s, 1878.94/s  (0.279s, 1833.00/s)  LR: 5.805e-04  Data: 0.000 (0.004)
2024-07-10 15:05:07,608 -                train: [    INFO] - Test: [   0/19]  Time: 0.112 (0.112)  Loss:  0.9019 (0.9019)  Acc@1: 75.5859 (75.5859)  Acc@5: 93.1641 (93.1641)
2024-07-10 15:05:08,354 -                train: [    INFO] - Test: [  19/19]  Time: 0.027 (0.043)  Loss:  0.9453 (0.9157)  Acc@1: 74.6324 (74.8800)  Acc@5: 93.0147 (93.5600)
2024-07-10 15:05:08,543 -                train: [    INFO] - *** Best metric: 75.55999993896485 (epoch 223)
2024-07-10 15:05:08,901 -                train: [    INFO] - Train: 225 [   0/97 (  0%)]  Loss:  1.739609 (1.7396)  Time: 0.357s, 1434.96/s  (0.357s, 1434.96/s)  LR: 5.751e-04  Data: 0.083 (0.083)
2024-07-10 15:05:35,609 -                train: [    INFO] - Train: 225 [  96/97 (100%)]  Loss:  1.741842 (1.7407)  Time: 0.272s, 1881.09/s  (0.279s, 1835.10/s)  LR: 5.751e-04  Data: 0.000 (0.004)
2024-07-10 15:05:35,721 -                train: [    INFO] - Test: [   0/19]  Time: 0.109 (0.109)  Loss:  0.9565 (0.9565)  Acc@1: 74.2188 (74.2188)  Acc@5: 93.3594 (93.3594)
2024-07-10 15:05:36,440 -                train: [    INFO] - Test: [  19/19]  Time: 0.024 (0.041)  Loss:  0.9268 (0.9257)  Acc@1: 76.4706 (75.1900)  Acc@5: 92.6471 (93.1700)
2024-07-10 15:05:36,661 -                train: [    INFO] - *** Best metric: 75.55999993896485 (epoch 223)
2024-07-10 15:05:37,008 -                train: [    INFO] - Train: 226 [   0/97 (  0%)]  Loss:  1.839392 (1.8394)  Time: 0.347s, 1477.17/s  (0.347s, 1477.17/s)  LR: 5.697e-04  Data: 0.076 (0.076)
2024-07-10 15:06:03,599 -                train: [    INFO] - Train: 226 [  96/97 (100%)]  Loss:  1.435332 (1.6374)  Time: 0.271s, 1886.01/s  (0.278s, 1843.83/s)  LR: 5.697e-04  Data: 0.000 (0.004)
2024-07-10 15:06:03,710 -                train: [    INFO] - Test: [   0/19]  Time: 0.109 (0.109)  Loss:  0.9141 (0.9141)  Acc@1: 75.7812 (75.7812)  Acc@5: 93.3594 (93.3594)
2024-07-10 15:06:04,419 -                train: [    INFO] - Test: [  19/19]  Time: 0.024 (0.041)  Loss:  0.9531 (0.9186)  Acc@1: 75.3676 (74.9000)  Acc@5: 93.0147 (93.6000)
2024-07-10 15:06:04,622 -                train: [    INFO] - *** Best metric: 75.55999993896485 (epoch 223)
2024-07-10 15:06:04,986 -                train: [    INFO] - Train: 227 [   0/97 (  0%)]  Loss:  1.998218 (1.9982)  Time: 0.363s, 1409.83/s  (0.363s, 1409.83/s)  LR: 5.643e-04  Data: 0.092 (0.092)
2024-07-10 15:06:31,785 -                train: [    INFO] - Train: 227 [  96/97 (100%)]  Loss:  2.299057 (2.1486)  Time: 0.272s, 1882.71/s  (0.280s, 1828.51/s)  LR: 5.643e-04  Data: 0.000 (0.004)
2024-07-10 15:06:31,900 -                train: [    INFO] - Test: [   0/19]  Time: 0.113 (0.113)  Loss:  0.9131 (0.9131)  Acc@1: 77.9297 (77.9297)  Acc@5: 92.3828 (92.3828)
2024-07-10 15:06:32,638 -                train: [    INFO] - Test: [  19/19]  Time: 0.034 (0.043)  Loss:  0.9565 (0.9044)  Acc@1: 73.5294 (75.1700)  Acc@5: 93.0147 (93.5100)
2024-07-10 15:06:32,874 -                train: [    INFO] - *** Best metric: 75.55999993896485 (epoch 223)
2024-07-10 15:06:33,212 -                train: [    INFO] - Train: 228 [   0/97 (  0%)]  Loss:  1.921932 (1.9219)  Time: 0.338s, 1516.09/s  (0.338s, 1516.09/s)  LR: 5.589e-04  Data: 0.067 (0.067)
2024-07-10 15:06:59,871 -                train: [    INFO] - Train: 228 [  96/97 (100%)]  Loss:  1.934631 (1.9283)  Time: 0.271s, 1886.97/s  (0.278s, 1839.81/s)  LR: 5.589e-04  Data: 0.000 (0.004)
2024-07-10 15:06:59,984 -                train: [    INFO] - Test: [   0/19]  Time: 0.111 (0.111)  Loss:  0.8853 (0.8853)  Acc@1: 77.5391 (77.5391)  Acc@5: 93.1641 (93.1641)
2024-07-10 15:07:00,730 -                train: [    INFO] - Test: [  19/19]  Time: 0.028 (0.043)  Loss:  1.0156 (0.9077)  Acc@1: 73.8971 (74.8700)  Acc@5: 91.9118 (93.5000)
2024-07-10 15:07:00,954 -                train: [    INFO] - *** Best metric: 75.55999993896485 (epoch 223)
2024-07-10 15:07:01,306 -                train: [    INFO] - Train: 229 [   0/97 (  0%)]  Loss:  2.322029 (2.3220)  Time: 0.351s, 1459.66/s  (0.351s, 1459.66/s)  LR: 5.536e-04  Data: 0.071 (0.071)
2024-07-10 15:07:28,275 -                train: [    INFO] - Train: 229 [  96/97 (100%)]  Loss:  2.111304 (2.2167)  Time: 0.386s, 1325.00/s  (0.282s, 1818.01/s)  LR: 5.536e-04  Data: 0.000 (0.004)
2024-07-10 15:07:28,388 -                train: [    INFO] - Test: [   0/19]  Time: 0.112 (0.112)  Loss:  0.9165 (0.9165)  Acc@1: 73.6328 (73.6328)  Acc@5: 93.1641 (93.1641)
2024-07-10 15:07:29,110 -                train: [    INFO] - Test: [  19/19]  Time: 0.028 (0.042)  Loss:  0.8779 (0.8926)  Acc@1: 73.8971 (75.2900)  Acc@5: 94.8529 (93.7400)
2024-07-10 15:07:29,336 -                train: [    INFO] - *** Best metric: 75.55999993896485 (epoch 223)
2024-07-10 15:07:29,674 -                train: [    INFO] - Train: 230 [   0/97 (  0%)]  Loss:  1.815169 (1.8152)  Time: 0.337s, 1518.62/s  (0.337s, 1518.62/s)  LR: 5.482e-04  Data: 0.067 (0.067)
2024-07-10 15:07:56,335 -                train: [    INFO] - Train: 230 [  96/97 (100%)]  Loss:  1.953481 (1.8843)  Time: 0.271s, 1888.30/s  (0.278s, 1839.71/s)  LR: 5.482e-04  Data: 0.000 (0.004)
2024-07-10 15:07:56,452 -                train: [    INFO] - Test: [   0/19]  Time: 0.115 (0.115)  Loss:  0.8804 (0.8804)  Acc@1: 76.5625 (76.5625)  Acc@5: 93.7500 (93.7500)
2024-07-10 15:07:57,173 -                train: [    INFO] - Test: [  19/19]  Time: 0.027 (0.042)  Loss:  0.9707 (0.8989)  Acc@1: 73.5294 (75.6000)  Acc@5: 92.2794 (93.6300)
2024-07-10 15:07:57,403 - timm.utils.checkpoint_saver: [    INFO] - Current checkpoints:
 ('./output/train/20240710-131949-vitsnn-32/checkpoint-230.pth.tar', 75.59999998779297)
 ('./output/train/20240710-131949-vitsnn-32/checkpoint-223.pth.tar', 75.55999993896485)

2024-07-10 15:07:57,403 -                train: [    INFO] - *** Best metric: 75.59999998779297 (epoch 230)
2024-07-10 15:07:57,739 -                train: [    INFO] - Train: 231 [   0/97 (  0%)]  Loss:  1.852456 (1.8525)  Time: 0.335s, 1528.46/s  (0.335s, 1528.46/s)  LR: 5.428e-04  Data: 0.062 (0.062)
2024-07-10 15:08:24,708 -                train: [    INFO] - Train: 231 [  96/97 (100%)]  Loss:  1.816356 (1.8344)  Time: 0.274s, 1867.55/s  (0.281s, 1819.06/s)  LR: 5.428e-04  Data: 0.000 (0.005)
2024-07-10 15:08:24,822 -                train: [    INFO] - Test: [   0/19]  Time: 0.112 (0.112)  Loss:  0.9238 (0.9238)  Acc@1: 74.6094 (74.6094)  Acc@5: 92.7734 (92.7734)
2024-07-10 15:08:25,560 -                train: [    INFO] - Test: [  19/19]  Time: 0.027 (0.042)  Loss:  0.9473 (0.9102)  Acc@1: 73.1618 (74.7300)  Acc@5: 93.0147 (93.6300)
2024-07-10 15:08:25,774 -                train: [    INFO] - *** Best metric: 75.59999998779297 (epoch 230)
2024-07-10 15:08:26,111 -                train: [    INFO] - Train: 232 [   0/97 (  0%)]  Loss:  1.787365 (1.7874)  Time: 0.336s, 1524.78/s  (0.336s, 1524.78/s)  LR: 5.375e-04  Data: 0.058 (0.058)
2024-07-10 15:08:52,793 -                train: [    INFO] - Train: 232 [  96/97 (100%)]  Loss:  1.524548 (1.6560)  Time: 0.274s, 1870.78/s  (0.279s, 1838.34/s)  LR: 5.375e-04  Data: 0.000 (0.004)
2024-07-10 15:08:52,900 -                train: [    INFO] - Test: [   0/19]  Time: 0.106 (0.106)  Loss:  0.9043 (0.9043)  Acc@1: 75.1953 (75.1953)  Acc@5: 94.5312 (94.5312)
2024-07-10 15:08:53,636 -                train: [    INFO] - Test: [  19/19]  Time: 0.027 (0.042)  Loss:  0.9292 (0.8922)  Acc@1: 76.4706 (75.1600)  Acc@5: 91.5441 (93.8200)
2024-07-10 15:08:53,859 -                train: [    INFO] - *** Best metric: 75.59999998779297 (epoch 230)
2024-07-10 15:08:54,201 -                train: [    INFO] - Train: 233 [   0/97 (  0%)]  Loss:  1.648419 (1.6484)  Time: 0.340s, 1504.75/s  (0.340s, 1504.75/s)  LR: 5.322e-04  Data: 0.069 (0.069)
2024-07-10 15:09:20,807 -                train: [    INFO] - Train: 233 [  96/97 (100%)]  Loss:  1.400369 (1.5244)  Time: 0.271s, 1891.02/s  (0.278s, 1843.20/s)  LR: 5.322e-04  Data: 0.000 (0.004)
2024-07-10 15:09:20,920 -                train: [    INFO] - Test: [   0/19]  Time: 0.112 (0.112)  Loss:  0.8813 (0.8813)  Acc@1: 77.5391 (77.5391)  Acc@5: 92.3828 (92.3828)
2024-07-10 15:09:21,647 -                train: [    INFO] - Test: [  19/19]  Time: 0.024 (0.042)  Loss:  0.8721 (0.8851)  Acc@1: 76.4706 (75.8000)  Acc@5: 93.7500 (93.8900)
2024-07-10 15:09:21,881 - timm.utils.checkpoint_saver: [    INFO] - Current checkpoints:
 ('./output/train/20240710-131949-vitsnn-32/checkpoint-233.pth.tar', 75.80000001220704)
 ('./output/train/20240710-131949-vitsnn-32/checkpoint-230.pth.tar', 75.59999998779297)

2024-07-10 15:09:21,882 -                train: [    INFO] - *** Best metric: 75.80000001220704 (epoch 233)
2024-07-10 15:09:22,233 -                train: [    INFO] - Train: 234 [   0/97 (  0%)]  Loss:  1.515666 (1.5157)  Time: 0.350s, 1461.83/s  (0.350s, 1461.83/s)  LR: 5.268e-04  Data: 0.076 (0.076)
2024-07-10 15:09:49,122 -                train: [    INFO] - Train: 234 [  96/97 (100%)]  Loss:  1.654822 (1.5852)  Time: 0.272s, 1884.84/s  (0.281s, 1823.47/s)  LR: 5.268e-04  Data: 0.000 (0.004)
2024-07-10 15:09:49,236 -                train: [    INFO] - Test: [   0/19]  Time: 0.113 (0.113)  Loss:  0.8784 (0.8784)  Acc@1: 76.1719 (76.1719)  Acc@5: 93.3594 (93.3594)
2024-07-10 15:09:49,957 -                train: [    INFO] - Test: [  19/19]  Time: 0.024 (0.042)  Loss:  0.9800 (0.9200)  Acc@1: 72.7941 (74.6400)  Acc@5: 92.6471 (93.6200)
2024-07-10 15:09:50,134 -                train: [    INFO] - *** Best metric: 75.80000001220704 (epoch 233)
2024-07-10 15:09:50,479 -                train: [    INFO] - Train: 235 [   0/97 (  0%)]  Loss:  1.955468 (1.9555)  Time: 0.344s, 1490.04/s  (0.344s, 1490.04/s)  LR: 5.215e-04  Data: 0.073 (0.073)
2024-07-10 15:10:17,045 -                train: [    INFO] - Train: 235 [  96/97 (100%)]  Loss:  1.606276 (1.7809)  Time: 0.271s, 1886.14/s  (0.277s, 1845.72/s)  LR: 5.215e-04  Data: 0.000 (0.004)
2024-07-10 15:10:17,154 -                train: [    INFO] - Test: [   0/19]  Time: 0.108 (0.108)  Loss:  0.9238 (0.9238)  Acc@1: 75.3906 (75.3906)  Acc@5: 93.1641 (93.1641)
2024-07-10 15:10:17,889 -                train: [    INFO] - Test: [  19/19]  Time: 0.024 (0.042)  Loss:  0.9355 (0.9029)  Acc@1: 73.5294 (75.6000)  Acc@5: 91.1765 (93.2700)
2024-07-10 15:10:18,118 -                train: [    INFO] - *** Best metric: 75.80000001220704 (epoch 233)
2024-07-10 15:10:18,466 -                train: [    INFO] - Train: 236 [   0/97 (  0%)]  Loss:  1.638403 (1.6384)  Time: 0.347s, 1477.32/s  (0.347s, 1477.32/s)  LR: 5.162e-04  Data: 0.076 (0.076)
2024-07-10 15:10:44,946 -                train: [    INFO] - Train: 236 [  96/97 (100%)]  Loss:  1.799519 (1.7190)  Time: 0.271s, 1889.82/s  (0.277s, 1851.41/s)  LR: 5.162e-04  Data: 0.000 (0.004)
2024-07-10 15:10:45,060 -                train: [    INFO] - Test: [   0/19]  Time: 0.112 (0.112)  Loss:  0.9038 (0.9038)  Acc@1: 74.8047 (74.8047)  Acc@5: 93.1641 (93.1641)
2024-07-10 15:10:45,789 -                train: [    INFO] - Test: [  19/19]  Time: 0.028 (0.042)  Loss:  0.9766 (0.8980)  Acc@1: 74.2647 (75.2600)  Acc@5: 90.8088 (93.7200)
2024-07-10 15:10:45,974 -                train: [    INFO] - *** Best metric: 75.80000001220704 (epoch 233)
2024-07-10 15:10:46,316 -                train: [    INFO] - Train: 237 [   0/97 (  0%)]  Loss:  1.835357 (1.8354)  Time: 0.340s, 1506.38/s  (0.340s, 1506.38/s)  LR: 5.109e-04  Data: 0.069 (0.069)
2024-07-10 15:11:13,115 -                train: [    INFO] - Train: 237 [  96/97 (100%)]  Loss:  1.549527 (1.6924)  Time: 0.275s, 1859.47/s  (0.280s, 1830.14/s)  LR: 5.109e-04  Data: 0.000 (0.005)
2024-07-10 15:11:13,237 -                train: [    INFO] - Test: [   0/19]  Time: 0.120 (0.120)  Loss:  0.8257 (0.8257)  Acc@1: 78.1250 (78.1250)  Acc@5: 94.1406 (94.1406)
2024-07-10 15:11:13,970 -                train: [    INFO] - Test: [  19/19]  Time: 0.027 (0.043)  Loss:  0.8896 (0.8782)  Acc@1: 77.2059 (76.0500)  Acc@5: 92.2794 (93.6000)
2024-07-10 15:11:14,212 - timm.utils.checkpoint_saver: [    INFO] - Current checkpoints:
 ('./output/train/20240710-131949-vitsnn-32/checkpoint-237.pth.tar', 76.04999991455078)
 ('./output/train/20240710-131949-vitsnn-32/checkpoint-233.pth.tar', 75.80000001220704)

2024-07-10 15:11:14,212 -                train: [    INFO] - *** Best metric: 76.04999991455078 (epoch 237)
2024-07-10 15:11:14,558 -                train: [    INFO] - Train: 238 [   0/97 (  0%)]  Loss:  1.050098 (1.0501)  Time: 0.344s, 1486.57/s  (0.344s, 1486.57/s)  LR: 5.057e-04  Data: 0.074 (0.074)
2024-07-10 15:11:41,194 -                train: [    INFO] - Train: 238 [  96/97 (100%)]  Loss:  1.456718 (1.2534)  Time: 0.272s, 1884.09/s  (0.278s, 1840.89/s)  LR: 5.057e-04  Data: 0.000 (0.004)
2024-07-10 15:11:41,305 -                train: [    INFO] - Test: [   0/19]  Time: 0.109 (0.109)  Loss:  0.8242 (0.8242)  Acc@1: 77.3438 (77.3438)  Acc@5: 94.7266 (94.7266)
2024-07-10 15:11:42,048 -                train: [    INFO] - Test: [  19/19]  Time: 0.027 (0.043)  Loss:  0.8691 (0.8593)  Acc@1: 77.5735 (75.6400)  Acc@5: 93.0147 (94.3000)
2024-07-10 15:11:42,261 -                train: [    INFO] - *** Best metric: 76.04999991455078 (epoch 237)
2024-07-10 15:11:42,613 -                train: [    INFO] - Train: 239 [   0/97 (  0%)]  Loss:  2.166206 (2.1662)  Time: 0.351s, 1458.04/s  (0.351s, 1458.04/s)  LR: 5.004e-04  Data: 0.075 (0.075)
2024-07-10 15:12:09,385 -                train: [    INFO] - Train: 239 [  96/97 (100%)]  Loss:  1.569350 (1.8678)  Time: 0.272s, 1885.11/s  (0.280s, 1831.17/s)  LR: 5.004e-04  Data: 0.000 (0.004)
2024-07-10 15:12:09,497 -                train: [    INFO] - Test: [   0/19]  Time: 0.110 (0.110)  Loss:  0.8291 (0.8291)  Acc@1: 76.7578 (76.7578)  Acc@5: 94.1406 (94.1406)
2024-07-10 15:12:10,239 -                train: [    INFO] - Test: [  19/19]  Time: 0.035 (0.043)  Loss:  0.8818 (0.8644)  Acc@1: 76.4706 (75.9700)  Acc@5: 92.2794 (94.1400)
2024-07-10 15:12:10,474 - timm.utils.checkpoint_saver: [    INFO] - Current checkpoints:
 ('./output/train/20240710-131949-vitsnn-32/checkpoint-237.pth.tar', 76.04999991455078)
 ('./output/train/20240710-131949-vitsnn-32/checkpoint-239.pth.tar', 75.97000001220704)

2024-07-10 15:12:10,475 -                train: [    INFO] - *** Best metric: 76.04999991455078 (epoch 237)
2024-07-10 15:12:10,845 -                train: [    INFO] - Train: 240 [   0/97 (  0%)]  Loss:  2.128236 (2.1282)  Time: 0.369s, 1388.33/s  (0.369s, 1388.33/s)  LR: 4.951e-04  Data: 0.097 (0.097)
2024-07-10 15:12:37,545 -                train: [    INFO] - Train: 240 [  96/97 (100%)]  Loss:  1.750759 (1.9395)  Time: 0.272s, 1885.18/s  (0.279s, 1834.81/s)  LR: 4.951e-04  Data: 0.000 (0.004)
2024-07-10 15:12:37,673 -                train: [    INFO] - Test: [   0/19]  Time: 0.126 (0.126)  Loss:  0.9395 (0.9395)  Acc@1: 74.4141 (74.4141)  Acc@5: 93.5547 (93.5547)
2024-07-10 15:12:38,399 -                train: [    INFO] - Test: [  19/19]  Time: 0.028 (0.043)  Loss:  0.9258 (0.9258)  Acc@1: 72.7941 (74.6800)  Acc@5: 94.1176 (93.5900)
2024-07-10 15:12:38,558 -                train: [    INFO] - *** Best metric: 76.04999991455078 (epoch 237)
2024-07-10 15:12:38,926 -                train: [    INFO] - Train: 241 [   0/97 (  0%)]  Loss:  1.855245 (1.8552)  Time: 0.366s, 1398.26/s  (0.366s, 1398.26/s)  LR: 4.899e-04  Data: 0.094 (0.094)
2024-07-10 15:13:05,530 -                train: [    INFO] - Train: 241 [  96/97 (100%)]  Loss:  2.204970 (2.0301)  Time: 0.272s, 1879.71/s  (0.278s, 1841.54/s)  LR: 4.899e-04  Data: 0.000 (0.004)
2024-07-10 15:13:05,639 -                train: [    INFO] - Test: [   0/19]  Time: 0.107 (0.107)  Loss:  0.9180 (0.9180)  Acc@1: 76.1719 (76.1719)  Acc@5: 94.3359 (94.3359)
2024-07-10 15:13:06,350 -                train: [    INFO] - Test: [  19/19]  Time: 0.023 (0.041)  Loss:  0.9873 (0.9011)  Acc@1: 74.6324 (75.6800)  Acc@5: 93.0147 (93.4000)
2024-07-10 15:13:06,514 -                train: [    INFO] - *** Best metric: 76.04999991455078 (epoch 237)
2024-07-10 15:13:06,867 -                train: [    INFO] - Train: 242 [   0/97 (  0%)]  Loss:  1.132278 (1.1323)  Time: 0.351s, 1456.88/s  (0.351s, 1456.88/s)  LR: 4.847e-04  Data: 0.078 (0.078)
2024-07-10 15:13:33,671 -                train: [    INFO] - Train: 242 [  96/97 (100%)]  Loss:  1.959090 (1.5457)  Time: 0.272s, 1885.36/s  (0.280s, 1829.04/s)  LR: 4.847e-04  Data: 0.000 (0.005)
2024-07-10 15:13:33,796 -                train: [    INFO] - Test: [   0/19]  Time: 0.124 (0.124)  Loss:  0.9385 (0.9385)  Acc@1: 74.2188 (74.2188)  Acc@5: 92.7734 (92.7734)
2024-07-10 15:13:34,541 -                train: [    INFO] - Test: [  19/19]  Time: 0.028 (0.043)  Loss:  0.8926 (0.9130)  Acc@1: 77.2059 (74.8500)  Acc@5: 93.3824 (93.4800)
2024-07-10 15:13:34,717 -                train: [    INFO] - *** Best metric: 76.04999991455078 (epoch 237)
2024-07-10 15:13:35,054 -                train: [    INFO] - Train: 243 [   0/97 (  0%)]  Loss:  1.567945 (1.5679)  Time: 0.336s, 1522.19/s  (0.336s, 1522.19/s)  LR: 4.795e-04  Data: 0.066 (0.066)
2024-07-10 15:14:01,722 -                train: [    INFO] - Train: 243 [  96/97 (100%)]  Loss:  1.121262 (1.3446)  Time: 0.272s, 1885.43/s  (0.278s, 1839.29/s)  LR: 4.795e-04  Data: 0.000 (0.004)
2024-07-10 15:14:01,839 -                train: [    INFO] - Test: [   0/19]  Time: 0.116 (0.116)  Loss:  0.9155 (0.9155)  Acc@1: 74.6094 (74.6094)  Acc@5: 93.1641 (93.1641)
2024-07-10 15:14:02,589 -                train: [    INFO] - Test: [  19/19]  Time: 0.027 (0.043)  Loss:  0.8940 (0.9094)  Acc@1: 76.1029 (75.3100)  Acc@5: 93.7500 (93.6900)
2024-07-10 15:14:02,815 -                train: [    INFO] - *** Best metric: 76.04999991455078 (epoch 237)
2024-07-10 15:14:03,185 -                train: [    INFO] - Train: 244 [   0/97 (  0%)]  Loss:  1.802723 (1.8027)  Time: 0.368s, 1392.67/s  (0.368s, 1392.67/s)  LR: 4.743e-04  Data: 0.098 (0.098)
2024-07-10 15:14:30,158 -                train: [    INFO] - Train: 244 [  96/97 (100%)]  Loss:  1.831749 (1.8172)  Time: 0.272s, 1879.27/s  (0.282s, 1816.63/s)  LR: 4.743e-04  Data: 0.000 (0.004)
2024-07-10 15:14:30,270 -                train: [    INFO] - Test: [   0/19]  Time: 0.110 (0.110)  Loss:  0.8950 (0.8950)  Acc@1: 76.3672 (76.3672)  Acc@5: 94.1406 (94.1406)
2024-07-10 15:14:30,993 -                train: [    INFO] - Test: [  19/19]  Time: 0.024 (0.042)  Loss:  0.9043 (0.9064)  Acc@1: 74.2647 (74.9700)  Acc@5: 93.7500 (93.5500)
2024-07-10 15:14:31,200 -                train: [    INFO] - *** Best metric: 76.04999991455078 (epoch 237)
2024-07-10 15:14:31,552 -                train: [    INFO] - Train: 245 [   0/97 (  0%)]  Loss:  1.542210 (1.5422)  Time: 0.351s, 1459.66/s  (0.351s, 1459.66/s)  LR: 4.691e-04  Data: 0.080 (0.080)
2024-07-10 15:14:58,140 -                train: [    INFO] - Train: 245 [  96/97 (100%)]  Loss:  1.791924 (1.6671)  Time: 0.272s, 1881.45/s  (0.278s, 1843.68/s)  LR: 4.691e-04  Data: 0.000 (0.004)
2024-07-10 15:14:58,256 -                train: [    INFO] - Test: [   0/19]  Time: 0.114 (0.114)  Loss:  0.8726 (0.8726)  Acc@1: 77.3438 (77.3438)  Acc@5: 93.7500 (93.7500)
2024-07-10 15:14:58,972 -                train: [    INFO] - Test: [  19/19]  Time: 0.023 (0.042)  Loss:  0.9434 (0.8853)  Acc@1: 74.2647 (75.8500)  Acc@5: 91.1765 (93.6600)
2024-07-10 15:14:59,182 -                train: [    INFO] - *** Best metric: 76.04999991455078 (epoch 237)
2024-07-10 15:14:59,543 -                train: [    INFO] - Train: 246 [   0/97 (  0%)]  Loss:  1.579671 (1.5797)  Time: 0.360s, 1422.27/s  (0.360s, 1422.27/s)  LR: 4.639e-04  Data: 0.074 (0.074)
2024-07-10 15:15:26,187 -                train: [    INFO] - Train: 246 [  96/97 (100%)]  Loss:  1.384323 (1.4820)  Time: 0.272s, 1885.34/s  (0.278s, 1839.25/s)  LR: 4.639e-04  Data: 0.000 (0.004)
2024-07-10 15:15:26,299 -                train: [    INFO] - Test: [   0/19]  Time: 0.110 (0.110)  Loss:  0.8359 (0.8359)  Acc@1: 77.7344 (77.7344)  Acc@5: 93.5547 (93.5547)
2024-07-10 15:15:27,027 -                train: [    INFO] - Test: [  19/19]  Time: 0.028 (0.042)  Loss:  0.9102 (0.8748)  Acc@1: 73.1618 (76.0100)  Acc@5: 93.3823 (93.6000)
2024-07-10 15:15:27,240 - timm.utils.checkpoint_saver: [    INFO] - Current checkpoints:
 ('./output/train/20240710-131949-vitsnn-32/checkpoint-237.pth.tar', 76.04999991455078)
 ('./output/train/20240710-131949-vitsnn-32/checkpoint-246.pth.tar', 76.00999982910156)

2024-07-10 15:15:27,240 -                train: [    INFO] - *** Best metric: 76.04999991455078 (epoch 237)
2024-07-10 15:15:27,579 -                train: [    INFO] - Train: 247 [   0/97 (  0%)]  Loss:  2.049606 (2.0496)  Time: 0.338s, 1515.73/s  (0.338s, 1515.73/s)  LR: 4.588e-04  Data: 0.061 (0.061)
2024-07-10 15:15:54,376 -                train: [    INFO] - Train: 247 [  96/97 (100%)]  Loss:  1.610255 (1.8299)  Time: 0.272s, 1882.10/s  (0.280s, 1830.40/s)  LR: 4.588e-04  Data: 0.000 (0.004)
2024-07-10 15:15:54,489 -                train: [    INFO] - Test: [   0/19]  Time: 0.111 (0.111)  Loss:  0.8872 (0.8872)  Acc@1: 76.9531 (76.9531)  Acc@5: 92.1875 (92.1875)
2024-07-10 15:15:55,230 -                train: [    INFO] - Test: [  19/19]  Time: 0.028 (0.043)  Loss:  0.9424 (0.9214)  Acc@1: 75.7353 (75.4100)  Acc@5: 91.1765 (93.4600)
2024-07-10 15:15:55,404 -                train: [    INFO] - *** Best metric: 76.04999991455078 (epoch 237)
2024-07-10 15:15:55,751 -                train: [    INFO] - Train: 248 [   0/97 (  0%)]  Loss:  1.305605 (1.3056)  Time: 0.345s, 1482.47/s  (0.345s, 1482.47/s)  LR: 4.536e-04  Data: 0.074 (0.074)
2024-07-10 15:16:22,399 -                train: [    INFO] - Train: 248 [  96/97 (100%)]  Loss:  1.354529 (1.3301)  Time: 0.272s, 1883.86/s  (0.278s, 1839.97/s)  LR: 4.536e-04  Data: 0.000 (0.004)
2024-07-10 15:16:22,513 -                train: [    INFO] - Test: [   0/19]  Time: 0.112 (0.112)  Loss:  0.8159 (0.8159)  Acc@1: 77.7344 (77.7344)  Acc@5: 94.9219 (94.9219)
2024-07-10 15:16:23,244 -                train: [    INFO] - Test: [  19/19]  Time: 0.024 (0.042)  Loss:  0.9409 (0.8693)  Acc@1: 75.3676 (76.1600)  Acc@5: 92.2794 (93.8700)
2024-07-10 15:16:23,421 - timm.utils.checkpoint_saver: [    INFO] - Current checkpoints:
 ('./output/train/20240710-131949-vitsnn-32/checkpoint-248.pth.tar', 76.15999995117187)
 ('./output/train/20240710-131949-vitsnn-32/checkpoint-237.pth.tar', 76.04999991455078)

2024-07-10 15:16:23,421 -                train: [    INFO] - *** Best metric: 76.15999995117187 (epoch 248)
2024-07-10 15:16:23,786 -                train: [    INFO] - Train: 249 [   0/97 (  0%)]  Loss:  1.650615 (1.6506)  Time: 0.362s, 1415.54/s  (0.362s, 1415.54/s)  LR: 4.485e-04  Data: 0.073 (0.073)
2024-07-10 15:16:50,696 -                train: [    INFO] - Train: 249 [  96/97 (100%)]  Loss:  1.110776 (1.3807)  Time: 0.271s, 1885.97/s  (0.281s, 1821.18/s)  LR: 4.485e-04  Data: 0.000 (0.004)
2024-07-10 15:16:50,807 -                train: [    INFO] - Test: [   0/19]  Time: 0.109 (0.109)  Loss:  0.8428 (0.8428)  Acc@1: 77.5391 (77.5391)  Acc@5: 93.9453 (93.9453)
2024-07-10 15:16:51,549 -                train: [    INFO] - Test: [  19/19]  Time: 0.035 (0.043)  Loss:  0.9297 (0.8863)  Acc@1: 74.6323 (75.9700)  Acc@5: 92.2794 (93.7700)
2024-07-10 15:16:51,708 -                train: [    INFO] - *** Best metric: 76.15999995117187 (epoch 248)
2024-07-10 15:16:52,045 -                train: [    INFO] - Train: 250 [   0/97 (  0%)]  Loss:  1.679722 (1.6797)  Time: 0.336s, 1522.62/s  (0.336s, 1522.62/s)  LR: 4.434e-04  Data: 0.064 (0.064)
2024-07-10 15:17:18,704 -                train: [    INFO] - Train: 250 [  96/97 (100%)]  Loss:  1.391844 (1.5358)  Time: 0.273s, 1876.80/s  (0.278s, 1839.95/s)  LR: 4.434e-04  Data: 0.000 (0.004)
2024-07-10 15:17:18,815 -                train: [    INFO] - Test: [   0/19]  Time: 0.109 (0.109)  Loss:  0.8857 (0.8857)  Acc@1: 76.7578 (76.7578)  Acc@5: 92.9688 (92.9688)
2024-07-10 15:17:19,541 -                train: [    INFO] - Test: [  19/19]  Time: 0.027 (0.042)  Loss:  0.9336 (0.8624)  Acc@1: 74.2647 (76.3900)  Acc@5: 91.5441 (93.7800)
2024-07-10 15:17:19,774 - timm.utils.checkpoint_saver: [    INFO] - Current checkpoints:
 ('./output/train/20240710-131949-vitsnn-32/checkpoint-250.pth.tar', 76.39000009765626)
 ('./output/train/20240710-131949-vitsnn-32/checkpoint-248.pth.tar', 76.15999995117187)

2024-07-10 15:17:19,775 -                train: [    INFO] - *** Best metric: 76.39000009765626 (epoch 250)
2024-07-10 15:17:20,117 -                train: [    INFO] - Train: 251 [   0/97 (  0%)]  Loss:  1.625432 (1.6254)  Time: 0.342s, 1498.64/s  (0.342s, 1498.64/s)  LR: 4.383e-04  Data: 0.072 (0.072)
2024-07-10 15:17:46,577 -                train: [    INFO] - Train: 251 [  96/97 (100%)]  Loss:  1.878883 (1.7522)  Time: 0.272s, 1882.09/s  (0.276s, 1853.17/s)  LR: 4.383e-04  Data: 0.000 (0.004)
2024-07-10 15:17:46,687 -                train: [    INFO] - Test: [   0/19]  Time: 0.109 (0.109)  Loss:  0.8789 (0.8789)  Acc@1: 76.1719 (76.1719)  Acc@5: 93.7500 (93.7500)
2024-07-10 15:17:47,425 -                train: [    INFO] - Test: [  19/19]  Time: 0.027 (0.042)  Loss:  0.9395 (0.8751)  Acc@1: 74.6324 (76.0100)  Acc@5: 91.1765 (93.8300)
2024-07-10 15:17:47,584 -                train: [    INFO] - *** Best metric: 76.39000009765626 (epoch 250)
2024-07-10 15:17:47,931 -                train: [    INFO] - Train: 252 [   0/97 (  0%)]  Loss:  1.399488 (1.3995)  Time: 0.346s, 1480.40/s  (0.346s, 1480.40/s)  LR: 4.333e-04  Data: 0.063 (0.063)
2024-07-10 15:18:14,604 -                train: [    INFO] - Train: 252 [  96/97 (100%)]  Loss:  1.521910 (1.4607)  Time: 0.272s, 1883.59/s  (0.279s, 1838.20/s)  LR: 4.333e-04  Data: 0.000 (0.004)
2024-07-10 15:18:14,718 -                train: [    INFO] - Test: [   0/19]  Time: 0.112 (0.112)  Loss:  0.8608 (0.8608)  Acc@1: 76.3672 (76.3672)  Acc@5: 93.3594 (93.3594)
2024-07-10 15:18:15,465 -                train: [    INFO] - Test: [  19/19]  Time: 0.028 (0.043)  Loss:  0.8594 (0.8579)  Acc@1: 76.1029 (76.3300)  Acc@5: 93.7500 (94.1300)
2024-07-10 15:18:15,700 - timm.utils.checkpoint_saver: [    INFO] - Current checkpoints:
 ('./output/train/20240710-131949-vitsnn-32/checkpoint-250.pth.tar', 76.39000009765626)
 ('./output/train/20240710-131949-vitsnn-32/checkpoint-252.pth.tar', 76.33000006103515)

2024-07-10 15:18:15,700 -                train: [    INFO] - *** Best metric: 76.39000009765626 (epoch 250)
2024-07-10 15:18:16,043 -                train: [    INFO] - Train: 253 [   0/97 (  0%)]  Loss:  2.202538 (2.2025)  Time: 0.342s, 1499.17/s  (0.342s, 1499.17/s)  LR: 4.282e-04  Data: 0.063 (0.063)
2024-07-10 15:18:42,661 -                train: [    INFO] - Train: 253 [  96/97 (100%)]  Loss:  1.497517 (1.8500)  Time: 0.272s, 1882.05/s  (0.278s, 1842.24/s)  LR: 4.282e-04  Data: 0.000 (0.004)
2024-07-10 15:18:42,772 -                train: [    INFO] - Test: [   0/19]  Time: 0.108 (0.108)  Loss:  0.8525 (0.8525)  Acc@1: 76.3672 (76.3672)  Acc@5: 93.3594 (93.3594)
2024-07-10 15:18:43,523 -                train: [    INFO] - Test: [  19/19]  Time: 0.028 (0.043)  Loss:  0.9277 (0.8841)  Acc@1: 77.5735 (75.8800)  Acc@5: 91.5441 (93.6200)
2024-07-10 15:18:43,723 -                train: [    INFO] - *** Best metric: 76.39000009765626 (epoch 250)
2024-07-10 15:18:44,088 -                train: [    INFO] - Train: 254 [   0/97 (  0%)]  Loss:  1.725334 (1.7253)  Time: 0.364s, 1407.27/s  (0.364s, 1407.27/s)  LR: 4.232e-04  Data: 0.093 (0.093)
2024-07-10 15:19:10,890 -                train: [    INFO] - Train: 254 [  96/97 (100%)]  Loss:  1.601163 (1.6632)  Time: 0.272s, 1885.38/s  (0.280s, 1828.26/s)  LR: 4.232e-04  Data: 0.000 (0.004)
2024-07-10 15:19:11,020 -                train: [    INFO] - Test: [   0/19]  Time: 0.128 (0.128)  Loss:  0.8486 (0.8486)  Acc@1: 77.5391 (77.5391)  Acc@5: 92.9688 (92.9688)
2024-07-10 15:19:11,745 -                train: [    INFO] - Test: [  19/19]  Time: 0.025 (0.043)  Loss:  0.9385 (0.8723)  Acc@1: 76.8382 (75.7900)  Acc@5: 92.6470 (94.1200)
2024-07-10 15:19:11,976 -                train: [    INFO] - *** Best metric: 76.39000009765626 (epoch 250)
2024-07-10 15:19:12,316 -                train: [    INFO] - Train: 255 [   0/97 (  0%)]  Loss:  1.806906 (1.8069)  Time: 0.339s, 1512.14/s  (0.339s, 1512.14/s)  LR: 4.182e-04  Data: 0.065 (0.065)
2024-07-10 15:19:38,959 -                train: [    INFO] - Train: 255 [  96/97 (100%)]  Loss:  1.529059 (1.6680)  Time: 0.272s, 1881.13/s  (0.278s, 1840.75/s)  LR: 4.182e-04  Data: 0.000 (0.004)
2024-07-10 15:19:39,075 -                train: [    INFO] - Test: [   0/19]  Time: 0.114 (0.114)  Loss:  0.9072 (0.9072)  Acc@1: 74.6094 (74.6094)  Acc@5: 93.9453 (93.9453)
2024-07-10 15:19:39,809 -                train: [    INFO] - Test: [  19/19]  Time: 0.024 (0.042)  Loss:  0.8965 (0.8900)  Acc@1: 75.7353 (75.9100)  Acc@5: 93.0147 (93.7100)
2024-07-10 15:19:40,002 -                train: [    INFO] - *** Best metric: 76.39000009765626 (epoch 250)
2024-07-10 15:19:40,347 -                train: [    INFO] - Train: 256 [   0/97 (  0%)]  Loss:  1.953085 (1.9531)  Time: 0.344s, 1490.04/s  (0.344s, 1490.04/s)  LR: 4.132e-04  Data: 0.073 (0.073)
2024-07-10 15:20:06,976 -                train: [    INFO] - Train: 256 [  96/97 (100%)]  Loss:  1.418825 (1.6860)  Time: 0.271s, 1890.02/s  (0.278s, 1841.40/s)  LR: 4.132e-04  Data: 0.000 (0.004)
2024-07-10 15:20:07,088 -                train: [    INFO] - Test: [   0/19]  Time: 0.110 (0.110)  Loss:  0.8633 (0.8633)  Acc@1: 77.3438 (77.3438)  Acc@5: 93.9453 (93.9453)
2024-07-10 15:20:07,839 -                train: [    INFO] - Test: [  19/19]  Time: 0.035 (0.043)  Loss:  0.9048 (0.8751)  Acc@1: 75.7353 (75.6500)  Acc@5: 92.2794 (93.7900)
2024-07-10 15:20:08,007 -                train: [    INFO] - *** Best metric: 76.39000009765626 (epoch 250)
2024-07-10 15:20:08,358 -                train: [    INFO] - Train: 257 [   0/97 (  0%)]  Loss:  1.511535 (1.5115)  Time: 0.348s, 1470.89/s  (0.348s, 1470.89/s)  LR: 4.082e-04  Data: 0.075 (0.075)
2024-07-10 15:20:35,051 -                train: [    INFO] - Train: 257 [  96/97 (100%)]  Loss:  1.503969 (1.5078)  Time: 0.272s, 1884.33/s  (0.279s, 1836.76/s)  LR: 4.082e-04  Data: 0.000 (0.004)
2024-07-10 15:20:35,182 -                train: [    INFO] - Test: [   0/19]  Time: 0.130 (0.130)  Loss:  0.8926 (0.8926)  Acc@1: 76.9531 (76.9531)  Acc@5: 93.3594 (93.3594)
2024-07-10 15:20:35,915 -                train: [    INFO] - Test: [  19/19]  Time: 0.028 (0.043)  Loss:  0.8984 (0.8757)  Acc@1: 75.0000 (75.3000)  Acc@5: 93.0147 (94.1200)
2024-07-10 15:20:36,106 -                train: [    INFO] - *** Best metric: 76.39000009765626 (epoch 250)
2024-07-10 15:20:36,446 -                train: [    INFO] - Train: 258 [   0/97 (  0%)]  Loss:  1.325279 (1.3253)  Time: 0.338s, 1512.66/s  (0.338s, 1512.66/s)  LR: 4.032e-04  Data: 0.068 (0.068)
2024-07-10 15:21:03,053 -                train: [    INFO] - Train: 258 [  96/97 (100%)]  Loss:  1.444629 (1.3850)  Time: 0.272s, 1885.18/s  (0.278s, 1843.28/s)  LR: 4.032e-04  Data: 0.000 (0.004)
2024-07-10 15:21:03,167 -                train: [    INFO] - Test: [   0/19]  Time: 0.113 (0.113)  Loss:  0.8950 (0.8950)  Acc@1: 75.9766 (75.9766)  Acc@5: 92.5781 (92.5781)
2024-07-10 15:21:03,920 -                train: [    INFO] - Test: [  19/19]  Time: 0.028 (0.043)  Loss:  0.9165 (0.8721)  Acc@1: 75.3677 (76.0200)  Acc@5: 93.3824 (93.8800)
2024-07-10 15:21:04,120 -                train: [    INFO] - *** Best metric: 76.39000009765626 (epoch 250)
2024-07-10 15:21:04,452 -                train: [    INFO] - Train: 259 [   0/97 (  0%)]  Loss:  1.897697 (1.8977)  Time: 0.331s, 1544.93/s  (0.331s, 1544.93/s)  LR: 3.983e-04  Data: 0.061 (0.061)
2024-07-10 15:21:31,402 -                train: [    INFO] - Train: 259 [  96/97 (100%)]  Loss:  1.700664 (1.7992)  Time: 0.272s, 1884.29/s  (0.281s, 1820.61/s)  LR: 3.983e-04  Data: 0.000 (0.004)
2024-07-10 15:21:31,512 -                train: [    INFO] - Test: [   0/19]  Time: 0.109 (0.109)  Loss:  0.9092 (0.9092)  Acc@1: 76.3672 (76.3672)  Acc@5: 93.9453 (93.9453)
2024-07-10 15:21:32,253 -                train: [    INFO] - Test: [  19/19]  Time: 0.024 (0.042)  Loss:  0.8496 (0.8788)  Acc@1: 77.9412 (76.1800)  Acc@5: 94.8529 (93.9000)
2024-07-10 15:21:32,478 -                train: [    INFO] - *** Best metric: 76.39000009765626 (epoch 250)
2024-07-10 15:21:32,814 -                train: [    INFO] - Train: 260 [   0/97 (  0%)]  Loss:  1.532778 (1.5328)  Time: 0.334s, 1534.38/s  (0.334s, 1534.38/s)  LR: 3.934e-04  Data: 0.064 (0.064)
2024-07-10 15:21:59,473 -                train: [    INFO] - Train: 260 [  96/97 (100%)]  Loss:  1.726353 (1.6296)  Time: 0.271s, 1890.24/s  (0.278s, 1840.01/s)  LR: 3.934e-04  Data: 0.000 (0.004)
2024-07-10 15:21:59,586 -                train: [    INFO] - Test: [   0/19]  Time: 0.111 (0.111)  Loss:  0.8687 (0.8687)  Acc@1: 77.7344 (77.7344)  Acc@5: 93.1641 (93.1641)
2024-07-10 15:22:00,319 -                train: [    INFO] - Test: [  19/19]  Time: 0.027 (0.042)  Loss:  0.8887 (0.8604)  Acc@1: 74.2647 (76.0100)  Acc@5: 94.1176 (94.0400)
2024-07-10 15:22:00,487 -                train: [    INFO] - *** Best metric: 76.39000009765626 (epoch 250)
2024-07-10 15:22:00,838 -                train: [    INFO] - Train: 261 [   0/97 (  0%)]  Loss:  1.720740 (1.7207)  Time: 0.349s, 1466.80/s  (0.349s, 1466.80/s)  LR: 3.885e-04  Data: 0.075 (0.075)
2024-07-10 15:22:27,525 -                train: [    INFO] - Train: 261 [  96/97 (100%)]  Loss:  2.202438 (1.9616)  Time: 0.275s, 1862.73/s  (0.279s, 1837.02/s)  LR: 3.885e-04  Data: 0.000 (0.005)
2024-07-10 15:22:27,643 -                train: [    INFO] - Test: [   0/19]  Time: 0.116 (0.116)  Loss:  0.8960 (0.8960)  Acc@1: 76.3672 (76.3672)  Acc@5: 92.5781 (92.5781)
2024-07-10 15:22:28,386 -                train: [    INFO] - Test: [  19/19]  Time: 0.028 (0.043)  Loss:  0.8335 (0.8730)  Acc@1: 77.2059 (76.0400)  Acc@5: 93.0147 (93.9500)
2024-07-10 15:22:28,589 -                train: [    INFO] - *** Best metric: 76.39000009765626 (epoch 250)
2024-07-10 15:22:28,938 -                train: [    INFO] - Train: 262 [   0/97 (  0%)]  Loss:  1.536764 (1.5368)  Time: 0.347s, 1477.27/s  (0.347s, 1477.27/s)  LR: 3.836e-04  Data: 0.077 (0.077)
2024-07-10 15:22:55,738 -                train: [    INFO] - Train: 262 [  96/97 (100%)]  Loss:  1.111530 (1.3241)  Time: 0.271s, 1888.92/s  (0.280s, 1829.61/s)  LR: 3.836e-04  Data: 0.000 (0.004)
2024-07-10 15:22:55,851 -                train: [    INFO] - Test: [   0/19]  Time: 0.112 (0.112)  Loss:  0.9048 (0.9048)  Acc@1: 76.7578 (76.7578)  Acc@5: 92.5781 (92.5781)
2024-07-10 15:22:56,584 -                train: [    INFO] - Test: [  19/19]  Time: 0.027 (0.042)  Loss:  0.8643 (0.8872)  Acc@1: 78.6765 (75.7700)  Acc@5: 93.3823 (93.7600)
2024-07-10 15:22:56,759 -                train: [    INFO] - *** Best metric: 76.39000009765626 (epoch 250)
2024-07-10 15:22:57,108 -                train: [    INFO] - Train: 263 [   0/97 (  0%)]  Loss:  1.751236 (1.7512)  Time: 0.348s, 1473.07/s  (0.348s, 1473.07/s)  LR: 3.787e-04  Data: 0.077 (0.077)
2024-07-10 15:23:23,752 -                train: [    INFO] - Train: 263 [  96/97 (100%)]  Loss:  1.916441 (1.8338)  Time: 0.271s, 1890.37/s  (0.278s, 1840.09/s)  LR: 3.787e-04  Data: 0.000 (0.004)
2024-07-10 15:23:23,873 -                train: [    INFO] - Test: [   0/19]  Time: 0.119 (0.119)  Loss:  0.8735 (0.8735)  Acc@1: 77.9297 (77.9297)  Acc@5: 92.5781 (92.5781)
2024-07-10 15:23:24,628 -                train: [    INFO] - Test: [  19/19]  Time: 0.034 (0.044)  Loss:  0.8447 (0.8725)  Acc@1: 74.6324 (76.1700)  Acc@5: 93.3824 (94.0100)
2024-07-10 15:23:24,834 -                train: [    INFO] - *** Best metric: 76.39000009765626 (epoch 250)
2024-07-10 15:23:25,186 -                train: [    INFO] - Train: 264 [   0/97 (  0%)]  Loss:  1.871611 (1.8716)  Time: 0.350s, 1464.51/s  (0.350s, 1464.51/s)  LR: 3.739e-04  Data: 0.079 (0.079)
2024-07-10 15:23:51,933 -                train: [    INFO] - Train: 264 [  96/97 (100%)]  Loss:  1.647234 (1.7594)  Time: 0.271s, 1889.57/s  (0.279s, 1832.96/s)  LR: 3.739e-04  Data: 0.000 (0.004)
2024-07-10 15:23:52,056 -                train: [    INFO] - Test: [   0/19]  Time: 0.122 (0.122)  Loss:  0.8813 (0.8813)  Acc@1: 76.1719 (76.1719)  Acc@5: 93.5547 (93.5547)
2024-07-10 15:23:52,799 -                train: [    INFO] - Test: [  19/19]  Time: 0.027 (0.043)  Loss:  0.9170 (0.8680)  Acc@1: 71.3235 (75.9200)  Acc@5: 93.7500 (93.9300)
2024-07-10 15:23:53,028 -                train: [    INFO] - *** Best metric: 76.39000009765626 (epoch 250)
2024-07-10 15:23:53,373 -                train: [    INFO] - Train: 265 [   0/97 (  0%)]  Loss:  1.751509 (1.7515)  Time: 0.342s, 1495.48/s  (0.342s, 1495.48/s)  LR: 3.690e-04  Data: 0.072 (0.072)
2024-07-10 15:24:19,829 -                train: [    INFO] - Train: 265 [  96/97 (100%)]  Loss:  2.089872 (1.9207)  Time: 0.272s, 1885.12/s  (0.276s, 1853.41/s)  LR: 3.690e-04  Data: 0.000 (0.004)
2024-07-10 15:24:19,949 -                train: [    INFO] - Test: [   0/19]  Time: 0.119 (0.119)  Loss:  0.8193 (0.8193)  Acc@1: 81.0547 (81.0547)  Acc@5: 94.7266 (94.7266)
2024-07-10 15:24:20,698 -                train: [    INFO] - Test: [  19/19]  Time: 0.035 (0.043)  Loss:  0.8887 (0.8613)  Acc@1: 73.5294 (76.4400)  Acc@5: 94.1176 (94.2100)
2024-07-10 15:24:20,890 - timm.utils.checkpoint_saver: [    INFO] - Current checkpoints:
 ('./output/train/20240710-131949-vitsnn-32/checkpoint-265.pth.tar', 76.43999998779297)
 ('./output/train/20240710-131949-vitsnn-32/checkpoint-250.pth.tar', 76.39000009765626)

2024-07-10 15:24:20,891 -                train: [    INFO] - *** Best metric: 76.43999998779297 (epoch 265)
2024-07-10 15:24:21,248 -                train: [    INFO] - Train: 266 [   0/97 (  0%)]  Loss:  2.086146 (2.0861)  Time: 0.355s, 1441.40/s  (0.355s, 1441.40/s)  LR: 3.642e-04  Data: 0.080 (0.080)
2024-07-10 15:24:48,026 -                train: [    INFO] - Train: 266 [  96/97 (100%)]  Loss:  1.772145 (1.9291)  Time: 0.271s, 1890.49/s  (0.280s, 1830.52/s)  LR: 3.642e-04  Data: 0.000 (0.004)
2024-07-10 15:24:48,141 -                train: [    INFO] - Test: [   0/19]  Time: 0.114 (0.114)  Loss:  0.8633 (0.8633)  Acc@1: 75.9766 (75.9766)  Acc@5: 93.7500 (93.7500)
2024-07-10 15:24:48,874 -                train: [    INFO] - Test: [  19/19]  Time: 0.028 (0.042)  Loss:  0.9287 (0.8725)  Acc@1: 73.8971 (75.8700)  Acc@5: 92.2794 (93.9500)
2024-07-10 15:24:49,037 -                train: [    INFO] - *** Best metric: 76.43999998779297 (epoch 265)
2024-07-10 15:24:49,403 -                train: [    INFO] - Train: 267 [   0/97 (  0%)]  Loss:  1.604964 (1.6050)  Time: 0.365s, 1402.05/s  (0.365s, 1402.05/s)  LR: 3.595e-04  Data: 0.087 (0.087)
2024-07-10 15:25:16,100 -                train: [    INFO] - Train: 267 [  96/97 (100%)]  Loss:  1.667857 (1.6364)  Time: 0.271s, 1886.04/s  (0.279s, 1835.37/s)  LR: 3.595e-04  Data: 0.000 (0.004)
2024-07-10 15:25:16,213 -                train: [    INFO] - Test: [   0/19]  Time: 0.111 (0.111)  Loss:  0.8838 (0.8838)  Acc@1: 75.3906 (75.3906)  Acc@5: 92.7734 (92.7734)
2024-07-10 15:25:16,954 -                train: [    INFO] - Test: [  19/19]  Time: 0.035 (0.043)  Loss:  0.8887 (0.8690)  Acc@1: 75.7353 (76.1100)  Acc@5: 92.6471 (93.9700)
2024-07-10 15:25:17,153 -                train: [    INFO] - *** Best metric: 76.43999998779297 (epoch 265)
2024-07-10 15:25:17,516 -                train: [    INFO] - Train: 268 [   0/97 (  0%)]  Loss:  1.429705 (1.4297)  Time: 0.361s, 1417.66/s  (0.361s, 1417.66/s)  LR: 3.547e-04  Data: 0.088 (0.088)
2024-07-10 15:25:44,136 -                train: [    INFO] - Train: 268 [  96/97 (100%)]  Loss:  2.030684 (1.7302)  Time: 0.271s, 1890.70/s  (0.278s, 1840.84/s)  LR: 3.547e-04  Data: 0.000 (0.004)
2024-07-10 15:25:44,248 -                train: [    INFO] - Test: [   0/19]  Time: 0.111 (0.111)  Loss:  0.9121 (0.9121)  Acc@1: 75.9766 (75.9766)  Acc@5: 93.1641 (93.1641)
2024-07-10 15:25:44,958 -                train: [    INFO] - Test: [  19/19]  Time: 0.024 (0.041)  Loss:  0.8721 (0.8932)  Acc@1: 75.0000 (75.7800)  Acc@5: 93.3824 (94.0600)
2024-07-10 15:25:45,128 -                train: [    INFO] - *** Best metric: 76.43999998779297 (epoch 265)
2024-07-10 15:25:45,468 -                train: [    INFO] - Train: 269 [   0/97 (  0%)]  Loss:  1.496311 (1.4963)  Time: 0.338s, 1514.69/s  (0.338s, 1514.69/s)  LR: 3.500e-04  Data: 0.067 (0.067)
2024-07-10 15:26:12,302 -                train: [    INFO] - Train: 269 [  96/97 (100%)]  Loss:  1.865897 (1.6811)  Time: 0.272s, 1884.88/s  (0.280s, 1827.96/s)  LR: 3.500e-04  Data: 0.000 (0.004)
2024-07-10 15:26:12,413 -                train: [    INFO] - Test: [   0/19]  Time: 0.110 (0.110)  Loss:  0.8765 (0.8765)  Acc@1: 76.5625 (76.5625)  Acc@5: 93.5547 (93.5547)
2024-07-10 15:26:13,149 -                train: [    INFO] - Test: [  19/19]  Time: 0.028 (0.042)  Loss:  0.9404 (0.9061)  Acc@1: 74.2647 (75.4300)  Acc@5: 93.7500 (93.7400)
2024-07-10 15:26:13,326 -                train: [    INFO] - *** Best metric: 76.43999998779297 (epoch 265)
2024-07-10 15:26:13,663 -                train: [    INFO] - Train: 270 [   0/97 (  0%)]  Loss:  1.921211 (1.9212)  Time: 0.336s, 1525.92/s  (0.336s, 1525.92/s)  LR: 3.453e-04  Data: 0.065 (0.065)
2024-07-10 15:26:40,240 -                train: [    INFO] - Train: 270 [  96/97 (100%)]  Loss:  1.326730 (1.6240)  Time: 0.271s, 1886.16/s  (0.277s, 1845.51/s)  LR: 3.453e-04  Data: 0.000 (0.004)
2024-07-10 15:26:40,350 -                train: [    INFO] - Test: [   0/19]  Time: 0.109 (0.109)  Loss:  0.8691 (0.8691)  Acc@1: 75.9766 (75.9766)  Acc@5: 93.9453 (93.9453)
2024-07-10 15:26:41,088 -                train: [    INFO] - Test: [  19/19]  Time: 0.027 (0.042)  Loss:  0.8540 (0.8465)  Acc@1: 77.2059 (76.1900)  Acc@5: 94.1176 (94.3500)
2024-07-10 15:26:41,308 -                train: [    INFO] - *** Best metric: 76.43999998779297 (epoch 265)
2024-07-10 15:26:41,651 -                train: [    INFO] - Train: 271 [   0/97 (  0%)]  Loss:  2.259913 (2.2599)  Time: 0.342s, 1498.37/s  (0.342s, 1498.37/s)  LR: 3.406e-04  Data: 0.071 (0.071)
2024-07-10 15:27:08,290 -                train: [    INFO] - Train: 271 [  96/97 (100%)]  Loss:  1.329848 (1.7949)  Time: 0.271s, 1890.62/s  (0.278s, 1840.87/s)  LR: 3.406e-04  Data: 0.000 (0.004)
2024-07-10 15:27:08,404 -                train: [    INFO] - Test: [   0/19]  Time: 0.113 (0.113)  Loss:  0.8491 (0.8491)  Acc@1: 76.5625 (76.5625)  Acc@5: 92.9688 (92.9688)
2024-07-10 15:27:09,121 -                train: [    INFO] - Test: [  19/19]  Time: 0.025 (0.041)  Loss:  0.8848 (0.8475)  Acc@1: 76.8382 (76.6600)  Acc@5: 91.9118 (94.0000)
2024-07-10 15:27:09,349 - timm.utils.checkpoint_saver: [    INFO] - Current checkpoints:
 ('./output/train/20240710-131949-vitsnn-32/checkpoint-271.pth.tar', 76.66000017089844)
 ('./output/train/20240710-131949-vitsnn-32/checkpoint-265.pth.tar', 76.43999998779297)

2024-07-10 15:27:09,349 -                train: [    INFO] - *** Best metric: 76.66000017089844 (epoch 271)
2024-07-10 15:27:09,687 -                train: [    INFO] - Train: 272 [   0/97 (  0%)]  Loss:  1.379233 (1.3792)  Time: 0.336s, 1522.28/s  (0.336s, 1522.28/s)  LR: 3.359e-04  Data: 0.066 (0.066)
2024-07-10 15:27:36,528 -                train: [    INFO] - Train: 272 [  96/97 (100%)]  Loss:  1.224084 (1.3017)  Time: 0.274s, 1866.61/s  (0.280s, 1827.59/s)  LR: 3.359e-04  Data: 0.000 (0.004)
2024-07-10 15:27:36,641 -                train: [    INFO] - Test: [   0/19]  Time: 0.112 (0.112)  Loss:  0.8662 (0.8662)  Acc@1: 78.3203 (78.3203)  Acc@5: 93.3594 (93.3594)
2024-07-10 15:27:37,357 -                train: [    INFO] - Test: [  19/19]  Time: 0.024 (0.041)  Loss:  0.8638 (0.8625)  Acc@1: 76.4706 (76.5100)  Acc@5: 93.3824 (94.1700)
2024-07-10 15:27:37,529 - timm.utils.checkpoint_saver: [    INFO] - Current checkpoints:
 ('./output/train/20240710-131949-vitsnn-32/checkpoint-271.pth.tar', 76.66000017089844)
 ('./output/train/20240710-131949-vitsnn-32/checkpoint-272.pth.tar', 76.51000001220703)

2024-07-10 15:27:37,529 -                train: [    INFO] - *** Best metric: 76.66000017089844 (epoch 271)
2024-07-10 15:27:37,879 -                train: [    INFO] - Train: 273 [   0/97 (  0%)]  Loss:  1.573730 (1.5737)  Time: 0.349s, 1468.47/s  (0.349s, 1468.47/s)  LR: 3.313e-04  Data: 0.077 (0.077)
2024-07-10 15:28:04,510 -                train: [    INFO] - Train: 273 [  96/97 (100%)]  Loss:  2.160971 (1.8674)  Time: 0.352s, 1454.38/s  (0.278s, 1840.93/s)  LR: 3.313e-04  Data: 0.000 (0.004)
2024-07-10 15:28:04,627 -                train: [    INFO] - Test: [   0/19]  Time: 0.115 (0.115)  Loss:  0.8662 (0.8662)  Acc@1: 77.1484 (77.1484)  Acc@5: 92.5781 (92.5781)
2024-07-10 15:28:05,346 -                train: [    INFO] - Test: [  19/19]  Time: 0.024 (0.042)  Loss:  0.9097 (0.8758)  Acc@1: 72.4265 (75.9400)  Acc@5: 94.4853 (93.8700)
2024-07-10 15:28:05,506 -                train: [    INFO] - *** Best metric: 76.66000017089844 (epoch 271)
2024-07-10 15:28:05,883 -                train: [    INFO] - Train: 274 [   0/97 (  0%)]  Loss:  1.639071 (1.6391)  Time: 0.373s, 1373.23/s  (0.373s, 1373.23/s)  LR: 3.266e-04  Data: 0.102 (0.102)
2024-07-10 15:28:32,522 -                train: [    INFO] - Train: 274 [  96/97 (100%)]  Loss:  2.120890 (1.8800)  Time: 0.272s, 1884.56/s  (0.278s, 1838.72/s)  LR: 3.266e-04  Data: 0.000 (0.004)
2024-07-10 15:28:32,632 -                train: [    INFO] - Test: [   0/19]  Time: 0.108 (0.108)  Loss:  0.8906 (0.8906)  Acc@1: 75.5859 (75.5859)  Acc@5: 92.1875 (92.1875)
2024-07-10 15:28:33,399 -                train: [    INFO] - Test: [  19/19]  Time: 0.035 (0.044)  Loss:  0.9419 (0.8872)  Acc@1: 73.8971 (75.5600)  Acc@5: 91.5441 (93.6600)
2024-07-10 15:28:33,574 -                train: [    INFO] - *** Best metric: 76.66000017089844 (epoch 271)
2024-07-10 15:28:33,915 -                train: [    INFO] - Train: 275 [   0/97 (  0%)]  Loss:  2.030434 (2.0304)  Time: 0.340s, 1506.81/s  (0.340s, 1506.81/s)  LR: 3.220e-04  Data: 0.069 (0.069)
2024-07-10 15:29:00,464 -                train: [    INFO] - Train: 275 [  96/97 (100%)]  Loss:  1.771156 (1.9008)  Time: 0.271s, 1887.39/s  (0.277s, 1847.13/s)  LR: 3.220e-04  Data: 0.000 (0.004)
2024-07-10 15:29:00,574 -                train: [    INFO] - Test: [   0/19]  Time: 0.109 (0.109)  Loss:  0.8428 (0.8428)  Acc@1: 79.8828 (79.8828)  Acc@5: 93.5547 (93.5547)
2024-07-10 15:29:01,306 -                train: [    INFO] - Test: [  19/19]  Time: 0.034 (0.042)  Loss:  0.8926 (0.8504)  Acc@1: 73.8971 (76.0600)  Acc@5: 93.0147 (94.2900)
2024-07-10 15:29:01,480 -                train: [    INFO] - *** Best metric: 76.66000017089844 (epoch 271)
2024-07-10 15:29:01,840 -                train: [    INFO] - Train: 276 [   0/97 (  0%)]  Loss:  2.169474 (2.1695)  Time: 0.359s, 1427.68/s  (0.359s, 1427.68/s)  LR: 3.175e-04  Data: 0.079 (0.079)
2024-07-10 15:29:28,549 -                train: [    INFO] - Train: 276 [  96/97 (100%)]  Loss:  1.991443 (2.0805)  Time: 0.271s, 1886.14/s  (0.279s, 1834.94/s)  LR: 3.175e-04  Data: 0.000 (0.004)
2024-07-10 15:29:28,661 -                train: [    INFO] - Test: [   0/19]  Time: 0.111 (0.111)  Loss:  0.8691 (0.8691)  Acc@1: 77.3438 (77.3438)  Acc@5: 94.1406 (94.1406)
2024-07-10 15:29:29,394 -                train: [    INFO] - Test: [  19/19]  Time: 0.027 (0.042)  Loss:  0.8979 (0.8781)  Acc@1: 77.2059 (76.3500)  Acc@5: 92.6471 (93.9600)
2024-07-10 15:29:29,596 -                train: [    INFO] - *** Best metric: 76.66000017089844 (epoch 271)
2024-07-10 15:29:29,944 -                train: [    INFO] - Train: 277 [   0/97 (  0%)]  Loss:  1.577588 (1.5776)  Time: 0.346s, 1479.50/s  (0.346s, 1479.50/s)  LR: 3.129e-04  Data: 0.076 (0.076)
2024-07-10 15:29:56,697 -                train: [    INFO] - Train: 277 [  96/97 (100%)]  Loss:  1.625678 (1.6016)  Time: 0.275s, 1862.90/s  (0.279s, 1832.81/s)  LR: 3.129e-04  Data: 0.000 (0.005)
2024-07-10 15:29:56,807 -                train: [    INFO] - Test: [   0/19]  Time: 0.108 (0.108)  Loss:  0.8179 (0.8179)  Acc@1: 76.7578 (76.7578)  Acc@5: 94.1406 (94.1406)
2024-07-10 15:29:57,538 -                train: [    INFO] - Test: [  19/19]  Time: 0.027 (0.042)  Loss:  0.8740 (0.8424)  Acc@1: 76.1029 (76.7500)  Acc@5: 92.6470 (94.0200)
2024-07-10 15:29:57,733 - timm.utils.checkpoint_saver: [    INFO] - Current checkpoints:
 ('./output/train/20240710-131949-vitsnn-32/checkpoint-277.pth.tar', 76.74999985351562)
 ('./output/train/20240710-131949-vitsnn-32/checkpoint-271.pth.tar', 76.66000017089844)

2024-07-10 15:29:57,733 -                train: [    INFO] - *** Best metric: 76.74999985351562 (epoch 277)
2024-07-10 15:29:58,062 -                train: [    INFO] - Train: 278 [   0/97 (  0%)]  Loss:  1.730554 (1.7306)  Time: 0.327s, 1566.90/s  (0.327s, 1566.90/s)  LR: 3.084e-04  Data: 0.057 (0.057)
2024-07-10 15:30:24,901 -                train: [    INFO] - Train: 278 [  96/97 (100%)]  Loss:  1.683533 (1.7070)  Time: 0.271s, 1886.72/s  (0.280s, 1828.36/s)  LR: 3.084e-04  Data: 0.000 (0.004)
2024-07-10 15:30:25,013 -                train: [    INFO] - Test: [   0/19]  Time: 0.111 (0.111)  Loss:  0.8477 (0.8477)  Acc@1: 77.3438 (77.3438)  Acc@5: 93.9453 (93.9453)
2024-07-10 15:30:25,761 -                train: [    INFO] - Test: [  19/19]  Time: 0.027 (0.043)  Loss:  0.8354 (0.8397)  Acc@1: 78.6765 (76.9500)  Acc@5: 92.6471 (94.3000)
2024-07-10 15:30:25,961 - timm.utils.checkpoint_saver: [    INFO] - Current checkpoints:
 ('./output/train/20240710-131949-vitsnn-32/checkpoint-278.pth.tar', 76.94999992675781)
 ('./output/train/20240710-131949-vitsnn-32/checkpoint-277.pth.tar', 76.74999985351562)

2024-07-10 15:30:25,961 -                train: [    INFO] - *** Best metric: 76.94999992675781 (epoch 278)
2024-07-10 15:30:26,296 -                train: [    INFO] - Train: 279 [   0/97 (  0%)]  Loss:  1.604287 (1.6043)  Time: 0.334s, 1533.80/s  (0.334s, 1533.80/s)  LR: 3.039e-04  Data: 0.063 (0.063)
2024-07-10 15:30:52,938 -                train: [    INFO] - Train: 279 [  96/97 (100%)]  Loss:  1.962376 (1.7833)  Time: 0.271s, 1886.62/s  (0.278s, 1841.22/s)  LR: 3.039e-04  Data: 0.000 (0.004)
2024-07-10 15:30:53,057 -                train: [    INFO] - Test: [   0/19]  Time: 0.118 (0.118)  Loss:  0.8638 (0.8638)  Acc@1: 76.3672 (76.3672)  Acc@5: 93.3594 (93.3594)
2024-07-10 15:30:53,791 -                train: [    INFO] - Test: [  19/19]  Time: 0.027 (0.043)  Loss:  0.9043 (0.8478)  Acc@1: 75.0000 (76.5500)  Acc@5: 94.8529 (94.1800)
2024-07-10 15:30:54,002 -                train: [    INFO] - *** Best metric: 76.94999992675781 (epoch 278)
2024-07-10 15:30:54,370 -                train: [    INFO] - Train: 280 [   0/97 (  0%)]  Loss:  1.692945 (1.6929)  Time: 0.367s, 1395.50/s  (0.367s, 1395.50/s)  LR: 2.994e-04  Data: 0.096 (0.096)
2024-07-10 15:31:20,930 -                train: [    INFO] - Train: 280 [  96/97 (100%)]  Loss:  1.986192 (1.8396)  Time: 0.271s, 1891.61/s  (0.278s, 1844.52/s)  LR: 2.994e-04  Data: 0.000 (0.004)
2024-07-10 15:31:21,041 -                train: [    INFO] - Test: [   0/19]  Time: 0.110 (0.110)  Loss:  0.8730 (0.8730)  Acc@1: 76.1719 (76.1719)  Acc@5: 93.5547 (93.5547)
2024-07-10 15:31:21,766 -                train: [    INFO] - Test: [  19/19]  Time: 0.024 (0.042)  Loss:  0.8716 (0.8485)  Acc@1: 75.7353 (76.8100)  Acc@5: 93.0147 (94.1400)
2024-07-10 15:31:21,983 - timm.utils.checkpoint_saver: [    INFO] - Current checkpoints:
 ('./output/train/20240710-131949-vitsnn-32/checkpoint-278.pth.tar', 76.94999992675781)
 ('./output/train/20240710-131949-vitsnn-32/checkpoint-280.pth.tar', 76.81000010986328)

2024-07-10 15:31:21,984 -                train: [    INFO] - *** Best metric: 76.94999992675781 (epoch 278)
2024-07-10 15:31:22,357 -                train: [    INFO] - Train: 281 [   0/97 (  0%)]  Loss:  1.769430 (1.7694)  Time: 0.371s, 1378.37/s  (0.371s, 1378.37/s)  LR: 2.950e-04  Data: 0.102 (0.102)
2024-07-10 15:31:48,969 -                train: [    INFO] - Train: 281 [  96/97 (100%)]  Loss:  1.419018 (1.5942)  Time: 0.271s, 1891.12/s  (0.278s, 1840.65/s)  LR: 2.950e-04  Data: 0.000 (0.004)
2024-07-10 15:31:49,083 -                train: [    INFO] - Test: [   0/19]  Time: 0.113 (0.113)  Loss:  0.8916 (0.8916)  Acc@1: 76.9531 (76.9531)  Acc@5: 93.5547 (93.5547)
2024-07-10 15:31:49,831 -                train: [    INFO] - Test: [  19/19]  Time: 0.027 (0.043)  Loss:  0.8760 (0.8718)  Acc@1: 76.8382 (76.4200)  Acc@5: 93.3823 (93.9400)
2024-07-10 15:31:49,995 -                train: [    INFO] - *** Best metric: 76.94999992675781 (epoch 278)
2024-07-10 15:31:50,344 -                train: [    INFO] - Train: 282 [   0/97 (  0%)]  Loss:  1.495422 (1.4954)  Time: 0.347s, 1474.40/s  (0.347s, 1474.40/s)  LR: 2.905e-04  Data: 0.075 (0.075)
2024-07-10 15:32:16,880 -                train: [    INFO] - Train: 282 [  96/97 (100%)]  Loss:  1.656234 (1.5758)  Time: 0.271s, 1886.69/s  (0.277s, 1847.51/s)  LR: 2.905e-04  Data: 0.000 (0.004)
2024-07-10 15:32:16,997 -                train: [    INFO] - Test: [   0/19]  Time: 0.116 (0.116)  Loss:  0.8374 (0.8374)  Acc@1: 77.9297 (77.9297)  Acc@5: 92.3828 (92.3828)
2024-07-10 15:32:17,738 -                train: [    INFO] - Test: [  19/19]  Time: 0.030 (0.043)  Loss:  0.9141 (0.8361)  Acc@1: 75.7353 (76.9100)  Acc@5: 92.2794 (94.0600)
2024-07-10 15:32:17,969 - timm.utils.checkpoint_saver: [    INFO] - Current checkpoints:
 ('./output/train/20240710-131949-vitsnn-32/checkpoint-278.pth.tar', 76.94999992675781)
 ('./output/train/20240710-131949-vitsnn-32/checkpoint-282.pth.tar', 76.90999990234376)

2024-07-10 15:32:17,969 -                train: [    INFO] - *** Best metric: 76.94999992675781 (epoch 278)
2024-07-10 15:32:18,338 -                train: [    INFO] - Train: 283 [   0/97 (  0%)]  Loss:  1.915030 (1.9150)  Time: 0.368s, 1393.09/s  (0.368s, 1393.09/s)  LR: 2.862e-04  Data: 0.097 (0.097)
2024-07-10 15:32:45,069 -                train: [    INFO] - Train: 283 [  96/97 (100%)]  Loss:  2.135772 (2.0254)  Time: 0.271s, 1886.00/s  (0.279s, 1832.89/s)  LR: 2.862e-04  Data: 0.000 (0.004)
2024-07-10 15:32:45,182 -                train: [    INFO] - Test: [   0/19]  Time: 0.112 (0.112)  Loss:  0.8647 (0.8647)  Acc@1: 78.1250 (78.1250)  Acc@5: 92.9688 (92.9688)
2024-07-10 15:32:45,930 -                train: [    INFO] - Test: [  19/19]  Time: 0.027 (0.043)  Loss:  0.8281 (0.8379)  Acc@1: 76.4706 (76.8200)  Acc@5: 93.3824 (94.0500)
2024-07-10 15:32:46,122 -                train: [    INFO] - *** Best metric: 76.94999992675781 (epoch 278)
2024-07-10 15:32:46,454 -                train: [    INFO] - Train: 284 [   0/97 (  0%)]  Loss:  1.931833 (1.9318)  Time: 0.330s, 1550.12/s  (0.330s, 1550.12/s)  LR: 2.818e-04  Data: 0.058 (0.058)
2024-07-10 15:33:13,314 -                train: [    INFO] - Train: 284 [  96/97 (100%)]  Loss:  1.538738 (1.7353)  Time: 0.274s, 1866.57/s  (0.280s, 1826.65/s)  LR: 2.818e-04  Data: 0.000 (0.004)
2024-07-10 15:33:13,430 -                train: [    INFO] - Test: [   0/19]  Time: 0.114 (0.114)  Loss:  0.8613 (0.8613)  Acc@1: 76.7578 (76.7578)  Acc@5: 93.1641 (93.1641)
2024-07-10 15:33:14,186 -                train: [    INFO] - Test: [  19/19]  Time: 0.027 (0.043)  Loss:  0.9209 (0.8705)  Acc@1: 76.8382 (76.3000)  Acc@5: 91.1765 (93.9200)
2024-07-10 15:33:14,412 -                train: [    INFO] - *** Best metric: 76.94999992675781 (epoch 278)
2024-07-10 15:33:14,745 -                train: [    INFO] - Train: 285 [   0/97 (  0%)]  Loss:  1.956382 (1.9564)  Time: 0.332s, 1542.07/s  (0.332s, 1542.07/s)  LR: 2.774e-04  Data: 0.062 (0.062)
2024-07-10 15:33:41,248 -                train: [    INFO] - Train: 285 [  96/97 (100%)]  Loss:  1.441798 (1.6991)  Time: 0.272s, 1884.89/s  (0.277s, 1850.85/s)  LR: 2.774e-04  Data: 0.000 (0.004)
2024-07-10 15:33:41,360 -                train: [    INFO] - Test: [   0/19]  Time: 0.110 (0.110)  Loss:  0.8467 (0.8467)  Acc@1: 78.7109 (78.7109)  Acc@5: 92.9688 (92.9688)
2024-07-10 15:33:42,096 -                train: [    INFO] - Test: [  19/19]  Time: 0.027 (0.042)  Loss:  0.8462 (0.8470)  Acc@1: 75.3676 (76.9700)  Acc@5: 93.7500 (93.9700)
2024-07-10 15:33:42,344 - timm.utils.checkpoint_saver: [    INFO] - Current checkpoints:
 ('./output/train/20240710-131949-vitsnn-32/checkpoint-285.pth.tar', 76.96999995117187)
 ('./output/train/20240710-131949-vitsnn-32/checkpoint-278.pth.tar', 76.94999992675781)

2024-07-10 15:33:42,345 -                train: [    INFO] - *** Best metric: 76.96999995117187 (epoch 285)
2024-07-10 15:33:42,695 -                train: [    INFO] - Train: 286 [   0/97 (  0%)]  Loss:  1.852497 (1.8525)  Time: 0.349s, 1466.21/s  (0.349s, 1466.21/s)  LR: 2.731e-04  Data: 0.070 (0.070)
2024-07-10 15:34:09,406 -                train: [    INFO] - Train: 286 [  96/97 (100%)]  Loss:  1.596927 (1.7247)  Time: 0.271s, 1887.92/s  (0.279s, 1835.45/s)  LR: 2.731e-04  Data: 0.000 (0.004)
2024-07-10 15:34:09,515 -                train: [    INFO] - Test: [   0/19]  Time: 0.107 (0.107)  Loss:  0.8770 (0.8770)  Acc@1: 76.5625 (76.5625)  Acc@5: 93.9453 (93.9453)
2024-07-10 15:34:10,253 -                train: [    INFO] - Test: [  19/19]  Time: 0.028 (0.042)  Loss:  0.8750 (0.8401)  Acc@1: 75.7353 (76.7900)  Acc@5: 93.0147 (94.0700)
2024-07-10 15:34:10,415 -                train: [    INFO] - *** Best metric: 76.96999995117187 (epoch 285)
2024-07-10 15:34:10,769 -                train: [    INFO] - Train: 287 [   0/97 (  0%)]  Loss:  1.463095 (1.4631)  Time: 0.352s, 1452.82/s  (0.352s, 1452.82/s)  LR: 2.688e-04  Data: 0.079 (0.079)
2024-07-10 15:34:37,398 -                train: [    INFO] - Train: 287 [  96/97 (100%)]  Loss:  1.452592 (1.4578)  Time: 0.272s, 1884.96/s  (0.278s, 1840.78/s)  LR: 2.688e-04  Data: 0.000 (0.004)
2024-07-10 15:34:37,513 -                train: [    INFO] - Test: [   0/19]  Time: 0.113 (0.113)  Loss:  0.8687 (0.8687)  Acc@1: 76.9531 (76.9531)  Acc@5: 92.3828 (92.3828)
2024-07-10 15:34:38,265 -                train: [    INFO] - Test: [  19/19]  Time: 0.039 (0.043)  Loss:  0.8774 (0.8655)  Acc@1: 78.3088 (76.5900)  Acc@5: 93.3824 (94.1900)
2024-07-10 15:34:38,480 -                train: [    INFO] - *** Best metric: 76.96999995117187 (epoch 285)
2024-07-10 15:34:38,818 -                train: [    INFO] - Train: 288 [   0/97 (  0%)]  Loss:  1.402549 (1.4025)  Time: 0.336s, 1525.69/s  (0.336s, 1525.69/s)  LR: 2.646e-04  Data: 0.064 (0.064)
2024-07-10 15:35:05,554 -                train: [    INFO] - Train: 288 [  96/97 (100%)]  Loss:  1.781814 (1.5922)  Time: 0.271s, 1889.61/s  (0.279s, 1834.66/s)  LR: 2.646e-04  Data: 0.000 (0.004)
2024-07-10 15:35:05,669 -                train: [    INFO] - Test: [   0/19]  Time: 0.114 (0.114)  Loss:  0.8672 (0.8672)  Acc@1: 77.7344 (77.7344)  Acc@5: 93.1641 (93.1641)
2024-07-10 15:35:06,396 -                train: [    INFO] - Test: [  19/19]  Time: 0.027 (0.042)  Loss:  0.8218 (0.8253)  Acc@1: 77.9412 (77.5700)  Acc@5: 93.3823 (94.3400)
2024-07-10 15:35:06,631 - timm.utils.checkpoint_saver: [    INFO] - Current checkpoints:
 ('./output/train/20240710-131949-vitsnn-32/checkpoint-288.pth.tar', 77.57000002441406)
 ('./output/train/20240710-131949-vitsnn-32/checkpoint-285.pth.tar', 76.96999995117187)

2024-07-10 15:35:06,631 -                train: [    INFO] - *** Best metric: 77.57000002441406 (epoch 288)
2024-07-10 15:35:06,958 -                train: [    INFO] - Train: 289 [   0/97 (  0%)]  Loss:  1.878720 (1.8787)  Time: 0.325s, 1576.18/s  (0.325s, 1576.18/s)  LR: 2.603e-04  Data: 0.054 (0.054)
2024-07-10 15:35:33,726 -                train: [    INFO] - Train: 289 [  96/97 (100%)]  Loss:  1.518071 (1.6984)  Time: 0.271s, 1890.05/s  (0.279s, 1833.24/s)  LR: 2.603e-04  Data: 0.000 (0.004)
2024-07-10 15:35:33,837 -                train: [    INFO] - Test: [   0/19]  Time: 0.109 (0.109)  Loss:  0.8774 (0.8774)  Acc@1: 77.3438 (77.3438)  Acc@5: 93.7500 (93.7500)
2024-07-10 15:35:34,574 -                train: [    INFO] - Test: [  19/19]  Time: 0.028 (0.042)  Loss:  0.8750 (0.8666)  Acc@1: 76.4706 (76.5700)  Acc@5: 92.6471 (94.1200)
2024-07-10 15:35:34,787 -                train: [    INFO] - *** Best metric: 77.57000002441406 (epoch 288)
2024-07-10 15:35:35,117 -                train: [    INFO] - Train: 290 [   0/97 (  0%)]  Loss:  1.729015 (1.7290)  Time: 0.329s, 1555.60/s  (0.329s, 1555.60/s)  LR: 2.561e-04  Data: 0.058 (0.058)
2024-07-10 15:36:01,642 -                train: [    INFO] - Train: 290 [  96/97 (100%)]  Loss:  1.433674 (1.5813)  Time: 0.271s, 1890.88/s  (0.277s, 1849.54/s)  LR: 2.561e-04  Data: 0.000 (0.004)
2024-07-10 15:36:01,756 -                train: [    INFO] - Test: [   0/19]  Time: 0.112 (0.112)  Loss:  0.8169 (0.8169)  Acc@1: 78.3203 (78.3203)  Acc@5: 92.7734 (92.7734)
2024-07-10 15:36:02,493 -                train: [    INFO] - Test: [  19/19]  Time: 0.028 (0.042)  Loss:  0.8447 (0.8312)  Acc@1: 77.9412 (77.3700)  Acc@5: 92.6471 (94.3500)
2024-07-10 15:36:02,744 - timm.utils.checkpoint_saver: [    INFO] - Current checkpoints:
 ('./output/train/20240710-131949-vitsnn-32/checkpoint-288.pth.tar', 77.57000002441406)
 ('./output/train/20240710-131949-vitsnn-32/checkpoint-290.pth.tar', 77.37000002441407)

2024-07-10 15:36:02,744 -                train: [    INFO] - *** Best metric: 77.57000002441406 (epoch 288)
2024-07-10 15:36:03,112 -                train: [    INFO] - Train: 291 [   0/97 (  0%)]  Loss:  1.475803 (1.4758)  Time: 0.367s, 1396.58/s  (0.367s, 1396.58/s)  LR: 2.519e-04  Data: 0.095 (0.095)
2024-07-10 15:36:29,729 -                train: [    INFO] - Train: 291 [  96/97 (100%)]  Loss:  1.205917 (1.3409)  Time: 0.271s, 1886.38/s  (0.278s, 1840.66/s)  LR: 2.519e-04  Data: 0.000 (0.004)
2024-07-10 15:36:29,839 -                train: [    INFO] - Test: [   0/19]  Time: 0.109 (0.109)  Loss:  0.8022 (0.8022)  Acc@1: 80.0781 (80.0781)  Acc@5: 94.3359 (94.3359)
2024-07-10 15:36:30,583 -                train: [    INFO] - Test: [  19/19]  Time: 0.027 (0.043)  Loss:  0.7817 (0.8187)  Acc@1: 77.9412 (77.3700)  Acc@5: 94.4853 (94.4100)
2024-07-10 15:36:30,768 -                train: [    INFO] - *** Best metric: 77.57000002441406 (epoch 288)
2024-07-10 15:36:31,109 -                train: [    INFO] - Train: 292 [   0/97 (  0%)]  Loss:  1.347774 (1.3478)  Time: 0.339s, 1512.15/s  (0.339s, 1512.15/s)  LR: 2.478e-04  Data: 0.068 (0.068)
2024-07-10 15:36:57,577 -                train: [    INFO] - Train: 292 [  96/97 (100%)]  Loss:  1.826965 (1.5874)  Time: 0.272s, 1885.24/s  (0.276s, 1852.81/s)  LR: 2.478e-04  Data: 0.000 (0.004)
2024-07-10 15:36:57,688 -                train: [    INFO] - Test: [   0/19]  Time: 0.109 (0.109)  Loss:  0.8506 (0.8506)  Acc@1: 76.3672 (76.3672)  Acc@5: 92.7734 (92.7734)
2024-07-10 15:36:58,439 -                train: [    INFO] - Test: [  19/19]  Time: 0.035 (0.043)  Loss:  0.9121 (0.8583)  Acc@1: 76.1029 (76.8500)  Acc@5: 92.6471 (93.8800)
2024-07-10 15:36:58,627 -                train: [    INFO] - *** Best metric: 77.57000002441406 (epoch 288)
2024-07-10 15:36:58,962 -                train: [    INFO] - Train: 293 [   0/97 (  0%)]  Loss:  1.868874 (1.8689)  Time: 0.334s, 1534.81/s  (0.334s, 1534.81/s)  LR: 2.437e-04  Data: 0.063 (0.063)
2024-07-10 15:37:25,582 -                train: [    INFO] - Train: 293 [  96/97 (100%)]  Loss:  1.718782 (1.7938)  Time: 0.271s, 1890.47/s  (0.278s, 1842.72/s)  LR: 2.437e-04  Data: 0.000 (0.004)
2024-07-10 15:37:25,694 -                train: [    INFO] - Test: [   0/19]  Time: 0.111 (0.111)  Loss:  0.8340 (0.8340)  Acc@1: 77.3438 (77.3438)  Acc@5: 93.9453 (93.9453)
2024-07-10 15:37:26,438 -                train: [    INFO] - Test: [  19/19]  Time: 0.028 (0.043)  Loss:  0.8301 (0.8485)  Acc@1: 77.5735 (76.9400)  Acc@5: 94.1176 (94.1700)
2024-07-10 15:37:26,605 -                train: [    INFO] - *** Best metric: 77.57000002441406 (epoch 288)
2024-07-10 15:37:26,946 -                train: [    INFO] - Train: 294 [   0/97 (  0%)]  Loss:  1.426193 (1.4262)  Time: 0.339s, 1509.38/s  (0.339s, 1509.38/s)  LR: 2.396e-04  Data: 0.068 (0.068)
2024-07-10 15:37:53,758 -                train: [    INFO] - Train: 294 [  96/97 (100%)]  Loss:  1.587339 (1.5068)  Time: 0.272s, 1883.75/s  (0.280s, 1829.29/s)  LR: 2.396e-04  Data: 0.000 (0.004)
2024-07-10 15:37:53,880 -                train: [    INFO] - Test: [   0/19]  Time: 0.121 (0.121)  Loss:  0.8169 (0.8169)  Acc@1: 79.8828 (79.8828)  Acc@5: 94.5312 (94.5312)
2024-07-10 15:37:54,602 -                train: [    INFO] - Test: [  19/19]  Time: 0.024 (0.042)  Loss:  0.8164 (0.8362)  Acc@1: 76.8382 (77.0300)  Acc@5: 94.1176 (94.1900)
2024-07-10 15:37:54,816 -                train: [    INFO] - *** Best metric: 77.57000002441406 (epoch 288)
2024-07-10 15:37:55,147 -                train: [    INFO] - Train: 295 [   0/97 (  0%)]  Loss:  1.033095 (1.0331)  Time: 0.329s, 1557.27/s  (0.329s, 1557.27/s)  LR: 2.355e-04  Data: 0.059 (0.059)
2024-07-10 15:38:21,709 -                train: [    INFO] - Train: 295 [  96/97 (100%)]  Loss:  1.782183 (1.4076)  Time: 0.271s, 1886.79/s  (0.277s, 1847.00/s)  LR: 2.355e-04  Data: 0.000 (0.004)
2024-07-10 15:38:21,819 -                train: [    INFO] - Test: [   0/19]  Time: 0.108 (0.108)  Loss:  0.7690 (0.7690)  Acc@1: 79.1016 (79.1016)  Acc@5: 94.9219 (94.9219)
2024-07-10 15:38:22,570 -                train: [    INFO] - Test: [  19/19]  Time: 0.029 (0.043)  Loss:  0.8530 (0.8235)  Acc@1: 75.3676 (76.8300)  Acc@5: 95.5882 (94.5200)
2024-07-10 15:38:22,794 -                train: [    INFO] - *** Best metric: 77.57000002441406 (epoch 288)
2024-07-10 15:38:23,130 -                train: [    INFO] - Train: 296 [   0/97 (  0%)]  Loss:  1.513561 (1.5136)  Time: 0.335s, 1529.57/s  (0.335s, 1529.57/s)  LR: 2.315e-04  Data: 0.065 (0.065)
2024-07-10 15:38:49,725 -                train: [    INFO] - Train: 296 [  96/97 (100%)]  Loss:  1.745540 (1.6296)  Time: 0.271s, 1887.45/s  (0.278s, 1844.36/s)  LR: 2.315e-04  Data: 0.000 (0.004)
2024-07-10 15:38:49,860 -                train: [    INFO] - Test: [   0/19]  Time: 0.133 (0.133)  Loss:  0.8257 (0.8257)  Acc@1: 78.7109 (78.7109)  Acc@5: 93.5547 (93.5547)
2024-07-10 15:38:50,625 -                train: [    INFO] - Test: [  19/19]  Time: 0.027 (0.045)  Loss:  0.8281 (0.8394)  Acc@1: 80.5147 (76.9900)  Acc@5: 93.7500 (94.2400)
2024-07-10 15:38:50,842 -                train: [    INFO] - *** Best metric: 77.57000002441406 (epoch 288)
2024-07-10 15:38:51,180 -                train: [    INFO] - Train: 297 [   0/97 (  0%)]  Loss:  1.891171 (1.8912)  Time: 0.336s, 1525.58/s  (0.336s, 1525.58/s)  LR: 2.275e-04  Data: 0.066 (0.066)
2024-07-10 15:39:17,756 -                train: [    INFO] - Train: 297 [  96/97 (100%)]  Loss:  2.089011 (1.9901)  Time: 0.272s, 1885.40/s  (0.277s, 1845.72/s)  LR: 2.275e-04  Data: 0.000 (0.004)
2024-07-10 15:39:17,864 -                train: [    INFO] - Test: [   0/19]  Time: 0.106 (0.106)  Loss:  0.8423 (0.8423)  Acc@1: 77.7344 (77.7344)  Acc@5: 93.5547 (93.5547)
2024-07-10 15:39:18,625 -                train: [    INFO] - Test: [  19/19]  Time: 0.041 (0.043)  Loss:  0.8145 (0.8415)  Acc@1: 77.5735 (77.3200)  Acc@5: 93.3823 (94.4300)
2024-07-10 15:39:18,798 -                train: [    INFO] - *** Best metric: 77.57000002441406 (epoch 288)
2024-07-10 15:39:19,137 -                train: [    INFO] - Train: 298 [   0/97 (  0%)]  Loss:  1.554008 (1.5540)  Time: 0.337s, 1518.14/s  (0.337s, 1518.14/s)  LR: 2.235e-04  Data: 0.066 (0.066)
2024-07-10 15:39:45,886 -                train: [    INFO] - Train: 298 [  96/97 (100%)]  Loss:  1.704428 (1.6292)  Time: 0.272s, 1884.92/s  (0.279s, 1833.67/s)  LR: 2.235e-04  Data: 0.000 (0.004)
2024-07-10 15:39:45,996 -                train: [    INFO] - Test: [   0/19]  Time: 0.108 (0.108)  Loss:  0.8535 (0.8535)  Acc@1: 78.1250 (78.1250)  Acc@5: 92.7734 (92.7734)
2024-07-10 15:39:46,733 -                train: [    INFO] - Test: [  19/19]  Time: 0.027 (0.042)  Loss:  0.8574 (0.8460)  Acc@1: 78.3088 (77.1200)  Acc@5: 93.3824 (94.1100)
2024-07-10 15:39:46,953 -                train: [    INFO] - *** Best metric: 77.57000002441406 (epoch 288)
2024-07-10 15:39:47,313 -                train: [    INFO] - Train: 299 [   0/97 (  0%)]  Loss:  1.599548 (1.5995)  Time: 0.358s, 1429.25/s  (0.358s, 1429.25/s)  LR: 2.196e-04  Data: 0.087 (0.087)
2024-07-10 15:40:14,049 -                train: [    INFO] - Train: 299 [  96/97 (100%)]  Loss:  1.312682 (1.4561)  Time: 0.272s, 1883.02/s  (0.279s, 1833.11/s)  LR: 2.196e-04  Data: 0.000 (0.004)
2024-07-10 15:40:14,161 -                train: [    INFO] - Test: [   0/19]  Time: 0.110 (0.110)  Loss:  0.7900 (0.7900)  Acc@1: 78.3203 (78.3203)  Acc@5: 94.9219 (94.9219)
2024-07-10 15:40:14,900 -                train: [    INFO] - Test: [  19/19]  Time: 0.027 (0.042)  Loss:  0.7788 (0.8072)  Acc@1: 80.8824 (77.7200)  Acc@5: 94.8529 (94.5400)
2024-07-10 15:40:15,135 - timm.utils.checkpoint_saver: [    INFO] - Current checkpoints:
 ('./output/train/20240710-131949-vitsnn-32/checkpoint-299.pth.tar', 77.72000004882813)
 ('./output/train/20240710-131949-vitsnn-32/checkpoint-288.pth.tar', 77.57000002441406)

2024-07-10 15:40:15,135 -                train: [    INFO] - *** Best metric: 77.72000004882813 (epoch 299)
2024-07-10 15:40:15,469 -                train: [    INFO] - Train: 300 [   0/97 (  0%)]  Loss:  1.607445 (1.6074)  Time: 0.333s, 1537.89/s  (0.333s, 1537.89/s)  LR: 2.156e-04  Data: 0.062 (0.062)
2024-07-10 15:40:42,186 -                train: [    INFO] - Train: 300 [  96/97 (100%)]  Loss:  1.981839 (1.7946)  Time: 0.272s, 1883.00/s  (0.279s, 1836.16/s)  LR: 2.156e-04  Data: 0.000 (0.004)
2024-07-10 15:40:42,297 -                train: [    INFO] - Test: [   0/19]  Time: 0.110 (0.110)  Loss:  0.8062 (0.8062)  Acc@1: 79.2969 (79.2969)  Acc@5: 93.9453 (93.9453)
2024-07-10 15:40:43,030 -                train: [    INFO] - Test: [  19/19]  Time: 0.028 (0.042)  Loss:  0.7954 (0.8215)  Acc@1: 78.3088 (77.5000)  Acc@5: 92.6471 (94.0500)
2024-07-10 15:40:43,187 -                train: [    INFO] - *** Best metric: 77.72000004882813 (epoch 299)
2024-07-10 15:40:43,537 -                train: [    INFO] - Train: 301 [   0/97 (  0%)]  Loss:  1.081183 (1.0812)  Time: 0.349s, 1468.45/s  (0.349s, 1468.45/s)  LR: 2.118e-04  Data: 0.065 (0.065)
2024-07-10 15:41:10,062 -                train: [    INFO] - Train: 301 [  96/97 (100%)]  Loss:  1.322198 (1.2017)  Time: 0.272s, 1884.56/s  (0.277s, 1848.12/s)  LR: 2.118e-04  Data: 0.000 (0.004)
2024-07-10 15:41:10,175 -                train: [    INFO] - Test: [   0/19]  Time: 0.111 (0.111)  Loss:  0.8232 (0.8232)  Acc@1: 77.9297 (77.9297)  Acc@5: 93.3594 (93.3594)
2024-07-10 15:41:10,900 -                train: [    INFO] - Test: [  19/19]  Time: 0.025 (0.042)  Loss:  0.8291 (0.8158)  Acc@1: 77.9412 (77.5700)  Acc@5: 92.2794 (94.5900)
2024-07-10 15:41:11,149 -                train: [    INFO] - *** Best metric: 77.72000004882813 (epoch 299)
2024-07-10 15:41:11,487 -                train: [    INFO] - Train: 302 [   0/97 (  0%)]  Loss:  1.416536 (1.4165)  Time: 0.331s, 1547.43/s  (0.331s, 1547.43/s)  LR: 2.079e-04  Data: 0.060 (0.060)
2024-07-10 15:41:38,072 -                train: [    INFO] - Train: 302 [  96/97 (100%)]  Loss:  1.888288 (1.6524)  Time: 0.272s, 1883.99/s  (0.277s, 1845.25/s)  LR: 2.079e-04  Data: 0.000 (0.004)
2024-07-10 15:41:38,184 -                train: [    INFO] - Test: [   0/19]  Time: 0.110 (0.110)  Loss:  0.8125 (0.8125)  Acc@1: 78.9062 (78.9062)  Acc@5: 93.7500 (93.7500)
2024-07-10 15:41:38,903 -                train: [    INFO] - Test: [  19/19]  Time: 0.023 (0.041)  Loss:  0.8315 (0.8245)  Acc@1: 78.3088 (77.5400)  Acc@5: 94.1176 (94.3200)
2024-07-10 15:41:39,122 -                train: [    INFO] - *** Best metric: 77.72000004882813 (epoch 299)
2024-07-10 15:41:39,490 -                train: [    INFO] - Train: 303 [   0/97 (  0%)]  Loss:  1.131503 (1.1315)  Time: 0.364s, 1404.85/s  (0.364s, 1404.85/s)  LR: 2.041e-04  Data: 0.094 (0.094)
2024-07-10 15:42:06,347 -                train: [    INFO] - Train: 303 [  96/97 (100%)]  Loss:  1.650611 (1.3911)  Time: 0.272s, 1881.52/s  (0.281s, 1824.57/s)  LR: 2.041e-04  Data: 0.000 (0.004)
2024-07-10 15:42:06,460 -                train: [    INFO] - Test: [   0/19]  Time: 0.111 (0.111)  Loss:  0.8188 (0.8188)  Acc@1: 78.5156 (78.5156)  Acc@5: 93.7500 (93.7500)
2024-07-10 15:42:07,195 -                train: [    INFO] - Test: [  19/19]  Time: 0.028 (0.042)  Loss:  0.7764 (0.8204)  Acc@1: 78.6765 (77.3000)  Acc@5: 94.4853 (94.4900)
2024-07-10 15:42:07,417 -                train: [    INFO] - *** Best metric: 77.72000004882813 (epoch 299)
2024-07-10 15:42:07,779 -                train: [    INFO] - Train: 304 [   0/97 (  0%)]  Loss:  0.996551 (0.9966)  Time: 0.361s, 1419.69/s  (0.361s, 1419.69/s)  LR: 2.003e-04  Data: 0.073 (0.073)
2024-07-10 15:42:34,414 -                train: [    INFO] - Train: 304 [  96/97 (100%)]  Loss:  2.257941 (1.6272)  Time: 0.272s, 1881.02/s  (0.278s, 1839.82/s)  LR: 2.003e-04  Data: 0.000 (0.004)
2024-07-10 15:42:34,528 -                train: [    INFO] - Test: [   0/19]  Time: 0.111 (0.111)  Loss:  0.8218 (0.8218)  Acc@1: 79.8828 (79.8828)  Acc@5: 92.7734 (92.7734)
2024-07-10 15:42:35,242 -                train: [    INFO] - Test: [  19/19]  Time: 0.025 (0.041)  Loss:  0.8135 (0.8324)  Acc@1: 76.4706 (77.1800)  Acc@5: 94.1176 (94.2300)
2024-07-10 15:42:35,463 -                train: [    INFO] - *** Best metric: 77.72000004882813 (epoch 299)
2024-07-10 15:42:35,793 -                train: [    INFO] - Train: 305 [   0/97 (  0%)]  Loss:  1.155753 (1.1558)  Time: 0.329s, 1557.12/s  (0.329s, 1557.12/s)  LR: 1.965e-04  Data: 0.059 (0.059)
2024-07-10 15:43:02,589 -                train: [    INFO] - Train: 305 [  96/97 (100%)]  Loss:  1.489877 (1.3228)  Time: 0.272s, 1881.12/s  (0.280s, 1831.05/s)  LR: 1.965e-04  Data: 0.000 (0.004)
2024-07-10 15:43:02,703 -                train: [    INFO] - Test: [   0/19]  Time: 0.112 (0.112)  Loss:  0.8369 (0.8369)  Acc@1: 78.1250 (78.1250)  Acc@5: 93.3594 (93.3594)
2024-07-10 15:43:03,424 -                train: [    INFO] - Test: [  19/19]  Time: 0.024 (0.042)  Loss:  0.7861 (0.8280)  Acc@1: 77.2059 (77.0600)  Acc@5: 94.1176 (94.2900)
2024-07-10 15:43:03,669 -                train: [    INFO] - *** Best metric: 77.72000004882813 (epoch 299)
2024-07-10 15:43:04,008 -                train: [    INFO] - Train: 306 [   0/97 (  0%)]  Loss:  1.328350 (1.3283)  Time: 0.337s, 1518.42/s  (0.337s, 1518.42/s)  LR: 1.928e-04  Data: 0.066 (0.066)
2024-07-10 15:43:30,661 -                train: [    INFO] - Train: 306 [  96/97 (100%)]  Loss:  2.106381 (1.7174)  Time: 0.272s, 1884.78/s  (0.278s, 1840.13/s)  LR: 1.928e-04  Data: 0.000 (0.004)
2024-07-10 15:43:30,773 -                train: [    INFO] - Test: [   0/19]  Time: 0.109 (0.109)  Loss:  0.8813 (0.8813)  Acc@1: 77.3438 (77.3438)  Acc@5: 91.7969 (91.7969)
2024-07-10 15:43:31,522 -                train: [    INFO] - Test: [  19/19]  Time: 0.028 (0.043)  Loss:  0.8569 (0.8472)  Acc@1: 75.3676 (77.0400)  Acc@5: 93.3823 (94.1300)
2024-07-10 15:43:31,698 -                train: [    INFO] - *** Best metric: 77.72000004882813 (epoch 299)
2024-07-10 15:43:32,033 -                train: [    INFO] - Train: 307 [   0/97 (  0%)]  Loss:  1.886672 (1.8867)  Time: 0.333s, 1535.28/s  (0.333s, 1535.28/s)  LR: 1.891e-04  Data: 0.062 (0.062)
2024-07-10 15:43:58,547 -                train: [    INFO] - Train: 307 [  96/97 (100%)]  Loss:  1.228020 (1.5573)  Time: 0.272s, 1880.56/s  (0.277s, 1849.94/s)  LR: 1.891e-04  Data: 0.000 (0.004)
2024-07-10 15:43:58,662 -                train: [    INFO] - Test: [   0/19]  Time: 0.113 (0.113)  Loss:  0.7988 (0.7988)  Acc@1: 78.7109 (78.7109)  Acc@5: 93.7500 (93.7500)
2024-07-10 15:43:59,397 -                train: [    INFO] - Test: [  19/19]  Time: 0.028 (0.042)  Loss:  0.8013 (0.8076)  Acc@1: 76.4706 (77.9000)  Acc@5: 93.0147 (94.4200)
2024-07-10 15:43:59,584 - timm.utils.checkpoint_saver: [    INFO] - Current checkpoints:
 ('./output/train/20240710-131949-vitsnn-32/checkpoint-307.pth.tar', 77.90000001220703)
 ('./output/train/20240710-131949-vitsnn-32/checkpoint-299.pth.tar', 77.72000004882813)

2024-07-10 15:43:59,585 -                train: [    INFO] - *** Best metric: 77.90000001220703 (epoch 307)
2024-07-10 15:43:59,935 -                train: [    INFO] - Train: 308 [   0/97 (  0%)]  Loss:  1.610713 (1.6107)  Time: 0.350s, 1464.53/s  (0.350s, 1464.53/s)  LR: 1.854e-04  Data: 0.070 (0.070)
2024-07-10 15:44:26,565 -                train: [    INFO] - Train: 308 [  96/97 (100%)]  Loss:  1.305627 (1.4582)  Time: 0.272s, 1880.79/s  (0.278s, 1840.96/s)  LR: 1.854e-04  Data: 0.000 (0.004)
2024-07-10 15:44:26,678 -                train: [    INFO] - Test: [   0/19]  Time: 0.111 (0.111)  Loss:  0.8047 (0.8047)  Acc@1: 78.9062 (78.9062)  Acc@5: 93.9453 (93.9453)
2024-07-10 15:44:27,404 -                train: [    INFO] - Test: [  19/19]  Time: 0.024 (0.042)  Loss:  0.8018 (0.7994)  Acc@1: 80.1471 (77.8900)  Acc@5: 94.8529 (94.6600)
2024-07-10 15:44:27,572 - timm.utils.checkpoint_saver: [    INFO] - Current checkpoints:
 ('./output/train/20240710-131949-vitsnn-32/checkpoint-307.pth.tar', 77.90000001220703)
 ('./output/train/20240710-131949-vitsnn-32/checkpoint-308.pth.tar', 77.89000014648437)

2024-07-10 15:44:27,572 -                train: [    INFO] - *** Best metric: 77.90000001220703 (epoch 307)
2024-07-10 15:44:27,919 -                train: [    INFO] - Train: 309 [   0/97 (  0%)]  Loss:  1.745850 (1.7458)  Time: 0.345s, 1482.89/s  (0.345s, 1482.89/s)  LR: 1.818e-04  Data: 0.071 (0.071)
2024-07-10 15:44:54,544 -                train: [    INFO] - Train: 309 [  96/97 (100%)]  Loss:  1.808052 (1.7770)  Time: 0.271s, 1886.97/s  (0.278s, 1841.52/s)  LR: 1.818e-04  Data: 0.000 (0.004)
2024-07-10 15:44:54,657 -                train: [    INFO] - Test: [   0/19]  Time: 0.111 (0.111)  Loss:  0.8101 (0.8101)  Acc@1: 77.5391 (77.5391)  Acc@5: 94.1406 (94.1406)
2024-07-10 15:44:55,400 -                train: [    INFO] - Test: [  19/19]  Time: 0.028 (0.043)  Loss:  0.8774 (0.8262)  Acc@1: 78.3088 (77.6600)  Acc@5: 92.2794 (94.4200)
2024-07-10 15:44:55,617 -                train: [    INFO] - *** Best metric: 77.90000001220703 (epoch 307)
2024-07-10 15:44:55,975 -                train: [    INFO] - Train: 310 [   0/97 (  0%)]  Loss:  1.953636 (1.9536)  Time: 0.357s, 1436.18/s  (0.357s, 1436.18/s)  LR: 1.782e-04  Data: 0.075 (0.075)
2024-07-10 15:45:22,816 -                train: [    INFO] - Train: 310 [  96/97 (100%)]  Loss:  1.268515 (1.6111)  Time: 0.272s, 1881.27/s  (0.280s, 1826.17/s)  LR: 1.782e-04  Data: 0.000 (0.004)
2024-07-10 15:45:22,934 -                train: [    INFO] - Test: [   0/19]  Time: 0.117 (0.117)  Loss:  0.7974 (0.7974)  Acc@1: 79.2969 (79.2969)  Acc@5: 94.5312 (94.5312)
2024-07-10 15:45:23,687 -                train: [    INFO] - Test: [  19/19]  Time: 0.041 (0.043)  Loss:  0.8335 (0.8308)  Acc@1: 76.8382 (77.2700)  Acc@5: 93.3824 (94.1800)
2024-07-10 15:45:23,871 -                train: [    INFO] - *** Best metric: 77.90000001220703 (epoch 307)
2024-07-10 15:45:24,219 -                train: [    INFO] - Train: 311 [   0/97 (  0%)]  Loss:  1.763672 (1.7637)  Time: 0.346s, 1478.95/s  (0.346s, 1478.95/s)  LR: 1.747e-04  Data: 0.076 (0.076)
2024-07-10 15:45:50,744 -                train: [    INFO] - Train: 311 [  96/97 (100%)]  Loss:  2.017499 (1.8906)  Time: 0.272s, 1885.00/s  (0.277s, 1848.33/s)  LR: 1.747e-04  Data: 0.000 (0.004)
2024-07-10 15:45:50,858 -                train: [    INFO] - Test: [   0/19]  Time: 0.112 (0.112)  Loss:  0.8145 (0.8145)  Acc@1: 78.3203 (78.3203)  Acc@5: 93.5547 (93.5547)
2024-07-10 15:45:51,571 -                train: [    INFO] - Test: [  19/19]  Time: 0.024 (0.041)  Loss:  0.8433 (0.8398)  Acc@1: 77.5735 (77.1900)  Acc@5: 94.1176 (94.3200)
2024-07-10 15:45:51,793 -                train: [    INFO] - *** Best metric: 77.90000001220703 (epoch 307)
2024-07-10 15:45:52,137 -                train: [    INFO] - Train: 312 [   0/97 (  0%)]  Loss:  1.605913 (1.6059)  Time: 0.343s, 1493.45/s  (0.343s, 1493.45/s)  LR: 1.711e-04  Data: 0.064 (0.064)
2024-07-10 15:46:18,693 -                train: [    INFO] - Train: 312 [  96/97 (100%)]  Loss:  2.439024 (2.0225)  Time: 0.272s, 1882.51/s  (0.277s, 1846.47/s)  LR: 1.711e-04  Data: 0.000 (0.004)
2024-07-10 15:46:18,807 -                train: [    INFO] - Test: [   0/19]  Time: 0.112 (0.112)  Loss:  0.8228 (0.8228)  Acc@1: 77.1484 (77.1484)  Acc@5: 93.7500 (93.7500)
2024-07-10 15:46:19,530 -                train: [    INFO] - Test: [  19/19]  Time: 0.024 (0.042)  Loss:  0.8584 (0.8321)  Acc@1: 78.3088 (77.4200)  Acc@5: 93.7500 (94.5400)
2024-07-10 15:46:19,751 -                train: [    INFO] - *** Best metric: 77.90000001220703 (epoch 307)
2024-07-10 15:46:20,098 -                train: [    INFO] - Train: 313 [   0/97 (  0%)]  Loss:  1.136180 (1.1362)  Time: 0.346s, 1479.38/s  (0.346s, 1479.38/s)  LR: 1.676e-04  Data: 0.068 (0.068)
2024-07-10 15:46:46,948 -                train: [    INFO] - Train: 313 [  96/97 (100%)]  Loss:  1.474149 (1.3052)  Time: 0.363s, 1410.29/s  (0.280s, 1826.26/s)  LR: 1.676e-04  Data: 0.000 (0.004)
2024-07-10 15:46:47,060 -                train: [    INFO] - Test: [   0/19]  Time: 0.109 (0.109)  Loss:  0.8096 (0.8096)  Acc@1: 78.1250 (78.1250)  Acc@5: 94.5312 (94.5312)
2024-07-10 15:46:47,810 -                train: [    INFO] - Test: [  19/19]  Time: 0.027 (0.043)  Loss:  0.8892 (0.8397)  Acc@1: 75.7353 (77.2600)  Acc@5: 92.2794 (94.3000)
2024-07-10 15:46:47,979 -                train: [    INFO] - *** Best metric: 77.90000001220703 (epoch 307)
2024-07-10 15:46:48,332 -                train: [    INFO] - Train: 314 [   0/97 (  0%)]  Loss:  1.864013 (1.8640)  Time: 0.352s, 1455.58/s  (0.352s, 1455.58/s)  LR: 1.642e-04  Data: 0.081 (0.081)
2024-07-10 15:47:14,944 -                train: [    INFO] - Train: 314 [  96/97 (100%)]  Loss:  1.415974 (1.6400)  Time: 0.272s, 1881.36/s  (0.278s, 1841.98/s)  LR: 1.642e-04  Data: 0.000 (0.004)
2024-07-10 15:47:15,055 -                train: [    INFO] - Test: [   0/19]  Time: 0.108 (0.108)  Loss:  0.8330 (0.8330)  Acc@1: 78.7109 (78.7109)  Acc@5: 93.9453 (93.9453)
2024-07-10 15:47:15,802 -                train: [    INFO] - Test: [  19/19]  Time: 0.027 (0.043)  Loss:  0.7939 (0.8044)  Acc@1: 81.2500 (77.9000)  Acc@5: 94.4853 (94.5000)
2024-07-10 15:47:16,036 - timm.utils.checkpoint_saver: [    INFO] - Current checkpoints:
 ('./output/train/20240710-131949-vitsnn-32/checkpoint-314.pth.tar', 77.90000020751953)
 ('./output/train/20240710-131949-vitsnn-32/checkpoint-307.pth.tar', 77.90000001220703)

2024-07-10 15:47:16,037 -                train: [    INFO] - *** Best metric: 77.90000020751953 (epoch 314)
2024-07-10 15:47:16,375 -                train: [    INFO] - Train: 315 [   0/97 (  0%)]  Loss:  1.461868 (1.4619)  Time: 0.337s, 1519.27/s  (0.337s, 1519.27/s)  LR: 1.607e-04  Data: 0.066 (0.066)
2024-07-10 15:47:43,103 -                train: [    INFO] - Train: 315 [  96/97 (100%)]  Loss:  1.944759 (1.7033)  Time: 0.272s, 1882.17/s  (0.279s, 1835.03/s)  LR: 1.607e-04  Data: 0.000 (0.004)
2024-07-10 15:47:43,218 -                train: [    INFO] - Test: [   0/19]  Time: 0.113 (0.113)  Loss:  0.8306 (0.8306)  Acc@1: 79.2969 (79.2969)  Acc@5: 93.7500 (93.7500)
2024-07-10 15:47:43,944 -                train: [    INFO] - Test: [  19/19]  Time: 0.027 (0.042)  Loss:  0.8267 (0.8169)  Acc@1: 75.7353 (77.9100)  Acc@5: 93.7500 (94.3300)
2024-07-10 15:47:44,113 - timm.utils.checkpoint_saver: [    INFO] - Current checkpoints:
 ('./output/train/20240710-131949-vitsnn-32/checkpoint-315.pth.tar', 77.90999990234376)
 ('./output/train/20240710-131949-vitsnn-32/checkpoint-314.pth.tar', 77.90000020751953)

2024-07-10 15:47:44,114 -                train: [    INFO] - *** Best metric: 77.90999990234376 (epoch 315)
2024-07-10 15:47:44,472 -                train: [    INFO] - Train: 316 [   0/97 (  0%)]  Loss:  1.547591 (1.5476)  Time: 0.357s, 1435.79/s  (0.357s, 1435.79/s)  LR: 1.573e-04  Data: 0.085 (0.085)
2024-07-10 15:48:11,289 -                train: [    INFO] - Train: 316 [  96/97 (100%)]  Loss:  1.248311 (1.3980)  Time: 0.273s, 1874.79/s  (0.280s, 1827.78/s)  LR: 1.573e-04  Data: 0.000 (0.005)
2024-07-10 15:48:11,403 -                train: [    INFO] - Test: [   0/19]  Time: 0.112 (0.112)  Loss:  0.8018 (0.8018)  Acc@1: 80.2734 (80.2734)  Acc@5: 94.3359 (94.3359)
2024-07-10 15:48:12,146 -                train: [    INFO] - Test: [  19/19]  Time: 0.027 (0.043)  Loss:  0.8184 (0.8124)  Acc@1: 78.3088 (77.8100)  Acc@5: 94.4853 (94.4200)
2024-07-10 15:48:12,306 -                train: [    INFO] - *** Best metric: 77.90999990234376 (epoch 315)
2024-07-10 15:48:12,654 -                train: [    INFO] - Train: 317 [   0/97 (  0%)]  Loss:  1.689967 (1.6900)  Time: 0.346s, 1478.88/s  (0.346s, 1478.88/s)  LR: 1.540e-04  Data: 0.076 (0.076)
2024-07-10 15:48:39,254 -                train: [    INFO] - Train: 317 [  96/97 (100%)]  Loss:  1.688054 (1.6890)  Time: 0.272s, 1881.37/s  (0.278s, 1843.17/s)  LR: 1.540e-04  Data: 0.000 (0.004)
2024-07-10 15:48:39,369 -                train: [    INFO] - Test: [   0/19]  Time: 0.113 (0.113)  Loss:  0.7832 (0.7832)  Acc@1: 79.4922 (79.4922)  Acc@5: 94.9219 (94.9219)
2024-07-10 15:48:40,119 -                train: [    INFO] - Test: [  19/19]  Time: 0.036 (0.043)  Loss:  0.8184 (0.8058)  Acc@1: 79.4118 (77.9300)  Acc@5: 93.3824 (94.6700)
2024-07-10 15:48:40,383 - timm.utils.checkpoint_saver: [    INFO] - Current checkpoints:
 ('./output/train/20240710-131949-vitsnn-32/checkpoint-317.pth.tar', 77.92999982910156)
 ('./output/train/20240710-131949-vitsnn-32/checkpoint-315.pth.tar', 77.90999990234376)

2024-07-10 15:48:40,383 -                train: [    INFO] - *** Best metric: 77.92999982910156 (epoch 317)
2024-07-10 15:48:40,751 -                train: [    INFO] - Train: 318 [   0/97 (  0%)]  Loss:  2.095124 (2.0951)  Time: 0.361s, 1420.01/s  (0.361s, 1420.01/s)  LR: 1.506e-04  Data: 0.088 (0.088)
2024-07-10 15:49:07,651 -                train: [    INFO] - Train: 318 [  96/97 (100%)]  Loss:  1.389735 (1.7424)  Time: 0.272s, 1884.99/s  (0.281s, 1821.93/s)  LR: 1.506e-04  Data: 0.000 (0.004)
2024-07-10 15:49:07,757 -                train: [    INFO] - Test: [   0/19]  Time: 0.103 (0.103)  Loss:  0.7969 (0.7969)  Acc@1: 77.7344 (77.7344)  Acc@5: 94.7266 (94.7266)
2024-07-10 15:49:08,475 -                train: [    INFO] - Test: [  19/19]  Time: 0.024 (0.041)  Loss:  0.8135 (0.8131)  Acc@1: 76.4706 (77.2800)  Acc@5: 93.3824 (94.4000)
2024-07-10 15:49:08,710 -                train: [    INFO] - *** Best metric: 77.92999982910156 (epoch 317)
2024-07-10 15:49:09,071 -                train: [    INFO] - Train: 319 [   0/97 (  0%)]  Loss:  1.785612 (1.7856)  Time: 0.361s, 1420.14/s  (0.361s, 1420.14/s)  LR: 1.473e-04  Data: 0.090 (0.090)
2024-07-10 15:49:35,791 -                train: [    INFO] - Train: 319 [  96/97 (100%)]  Loss:  1.662088 (1.7238)  Time: 0.272s, 1879.12/s  (0.279s, 1834.05/s)  LR: 1.473e-04  Data: 0.000 (0.004)
2024-07-10 15:49:35,897 -                train: [    INFO] - Test: [   0/19]  Time: 0.103 (0.103)  Loss:  0.7705 (0.7705)  Acc@1: 79.4922 (79.4922)  Acc@5: 94.3359 (94.3359)
2024-07-10 15:49:36,643 -                train: [    INFO] - Test: [  19/19]  Time: 0.042 (0.042)  Loss:  0.8320 (0.7970)  Acc@1: 78.3088 (77.9600)  Acc@5: 93.3823 (94.6800)
2024-07-10 15:49:36,861 - timm.utils.checkpoint_saver: [    INFO] - Current checkpoints:
 ('./output/train/20240710-131949-vitsnn-32/checkpoint-319.pth.tar', 77.96000018310546)
 ('./output/train/20240710-131949-vitsnn-32/checkpoint-317.pth.tar', 77.92999982910156)

2024-07-10 15:49:36,861 -                train: [    INFO] - *** Best metric: 77.96000018310546 (epoch 319)
2024-07-10 15:49:37,215 -                train: [    INFO] - Train: 320 [   0/97 (  0%)]  Loss:  1.210952 (1.2110)  Time: 0.353s, 1451.09/s  (0.353s, 1451.09/s)  LR: 1.441e-04  Data: 0.076 (0.076)
2024-07-10 15:50:03,896 -                train: [    INFO] - Train: 320 [  96/97 (100%)]  Loss:  1.419371 (1.3152)  Time: 0.272s, 1881.28/s  (0.279s, 1837.25/s)  LR: 1.441e-04  Data: 0.000 (0.004)
2024-07-10 15:50:04,008 -                train: [    INFO] - Test: [   0/19]  Time: 0.110 (0.110)  Loss:  0.8340 (0.8340)  Acc@1: 77.9297 (77.9297)  Acc@5: 94.5312 (94.5312)
2024-07-10 15:50:04,756 -                train: [    INFO] - Test: [  19/19]  Time: 0.034 (0.043)  Loss:  0.8564 (0.8130)  Acc@1: 75.0000 (77.4700)  Acc@5: 94.1176 (94.8500)
2024-07-10 15:50:04,947 -                train: [    INFO] - *** Best metric: 77.96000018310546 (epoch 319)
2024-07-10 15:50:05,301 -                train: [    INFO] - Train: 321 [   0/97 (  0%)]  Loss:  1.985898 (1.9859)  Time: 0.353s, 1451.31/s  (0.353s, 1451.31/s)  LR: 1.409e-04  Data: 0.082 (0.082)
2024-07-10 15:50:31,952 -                train: [    INFO] - Train: 321 [  96/97 (100%)]  Loss:  1.343695 (1.6648)  Time: 0.272s, 1881.65/s  (0.278s, 1839.34/s)  LR: 1.409e-04  Data: 0.000 (0.004)
2024-07-10 15:50:32,075 -                train: [    INFO] - Test: [   0/19]  Time: 0.121 (0.121)  Loss:  0.7983 (0.7983)  Acc@1: 77.7344 (77.7344)  Acc@5: 93.7500 (93.7500)
2024-07-10 15:50:32,802 -                train: [    INFO] - Test: [  19/19]  Time: 0.028 (0.042)  Loss:  0.8604 (0.8008)  Acc@1: 74.6324 (77.7700)  Acc@5: 93.0147 (94.4200)
2024-07-10 15:50:33,044 -                train: [    INFO] - *** Best metric: 77.96000018310546 (epoch 319)
2024-07-10 15:50:33,397 -                train: [    INFO] - Train: 322 [   0/97 (  0%)]  Loss:  1.494805 (1.4948)  Time: 0.351s, 1459.25/s  (0.351s, 1459.25/s)  LR: 1.377e-04  Data: 0.081 (0.081)
2024-07-10 15:51:00,072 -                train: [    INFO] - Train: 322 [  96/97 (100%)]  Loss:  1.343407 (1.4191)  Time: 0.272s, 1884.14/s  (0.279s, 1837.73/s)  LR: 1.377e-04  Data: 0.000 (0.004)
2024-07-10 15:51:00,199 -                train: [    INFO] - Test: [   0/19]  Time: 0.125 (0.125)  Loss:  0.7852 (0.7852)  Acc@1: 80.4688 (80.4688)  Acc@5: 93.3594 (93.3594)
2024-07-10 15:51:00,945 -                train: [    INFO] - Test: [  19/19]  Time: 0.028 (0.044)  Loss:  0.8477 (0.8267)  Acc@1: 77.5735 (77.7200)  Acc@5: 93.0147 (94.3500)
2024-07-10 15:51:01,149 -                train: [    INFO] - *** Best metric: 77.96000018310546 (epoch 319)
2024-07-10 15:51:01,487 -                train: [    INFO] - Train: 323 [   0/97 (  0%)]  Loss:  1.779934 (1.7799)  Time: 0.337s, 1520.70/s  (0.337s, 1520.70/s)  LR: 1.345e-04  Data: 0.066 (0.066)
2024-07-10 15:51:28,291 -                train: [    INFO] - Train: 323 [  96/97 (100%)]  Loss:  1.419796 (1.5999)  Time: 0.272s, 1884.27/s  (0.280s, 1829.99/s)  LR: 1.345e-04  Data: 0.000 (0.004)
2024-07-10 15:51:28,408 -                train: [    INFO] - Test: [   0/19]  Time: 0.115 (0.115)  Loss:  0.7969 (0.7969)  Acc@1: 79.2969 (79.2969)  Acc@5: 94.5312 (94.5312)
2024-07-10 15:51:29,154 -                train: [    INFO] - Test: [  19/19]  Time: 0.031 (0.043)  Loss:  0.7588 (0.7951)  Acc@1: 78.3088 (78.2100)  Acc@5: 93.0147 (94.6600)
2024-07-10 15:51:29,386 - timm.utils.checkpoint_saver: [    INFO] - Current checkpoints:
 ('./output/train/20240710-131949-vitsnn-32/checkpoint-323.pth.tar', 78.20999997558594)
 ('./output/train/20240710-131949-vitsnn-32/checkpoint-319.pth.tar', 77.96000018310546)

2024-07-10 15:51:29,386 -                train: [    INFO] - *** Best metric: 78.20999997558594 (epoch 323)
2024-07-10 15:51:29,742 -                train: [    INFO] - Train: 324 [   0/97 (  0%)]  Loss:  1.858879 (1.8589)  Time: 0.355s, 1442.18/s  (0.355s, 1442.18/s)  LR: 1.314e-04  Data: 0.084 (0.084)
2024-07-10 15:51:56,359 -                train: [    INFO] - Train: 324 [  96/97 (100%)]  Loss:  1.454687 (1.6568)  Time: 0.272s, 1880.57/s  (0.278s, 1841.45/s)  LR: 1.314e-04  Data: 0.000 (0.004)
2024-07-10 15:51:56,471 -                train: [    INFO] - Test: [   0/19]  Time: 0.110 (0.110)  Loss:  0.8291 (0.8291)  Acc@1: 78.1250 (78.1250)  Acc@5: 94.1406 (94.1406)
2024-07-10 15:51:57,209 -                train: [    INFO] - Test: [  19/19]  Time: 0.028 (0.042)  Loss:  0.8311 (0.8079)  Acc@1: 77.9412 (78.0000)  Acc@5: 93.3824 (94.5100)
2024-07-10 15:51:57,433 - timm.utils.checkpoint_saver: [    INFO] - Current checkpoints:
 ('./output/train/20240710-131949-vitsnn-32/checkpoint-323.pth.tar', 78.20999997558594)
 ('./output/train/20240710-131949-vitsnn-32/checkpoint-324.pth.tar', 78.00000002441406)

2024-07-10 15:51:57,433 -                train: [    INFO] - *** Best metric: 78.20999997558594 (epoch 323)
2024-07-10 15:51:57,790 -                train: [    INFO] - Train: 325 [   0/97 (  0%)]  Loss:  1.397787 (1.3978)  Time: 0.356s, 1439.00/s  (0.356s, 1439.00/s)  LR: 1.283e-04  Data: 0.081 (0.081)
2024-07-10 15:52:24,462 -                train: [    INFO] - Train: 325 [  96/97 (100%)]  Loss:  1.604331 (1.5011)  Time: 0.272s, 1882.64/s  (0.279s, 1837.63/s)  LR: 1.283e-04  Data: 0.000 (0.004)
2024-07-10 15:52:24,573 -                train: [    INFO] - Test: [   0/19]  Time: 0.110 (0.110)  Loss:  0.8145 (0.8145)  Acc@1: 80.4688 (80.4688)  Acc@5: 94.7266 (94.7266)
2024-07-10 15:52:25,348 -                train: [    INFO] - Test: [  19/19]  Time: 0.040 (0.044)  Loss:  0.8071 (0.8184)  Acc@1: 77.5735 (77.7700)  Acc@5: 94.1176 (94.7000)
2024-07-10 15:52:25,559 -                train: [    INFO] - *** Best metric: 78.20999997558594 (epoch 323)
2024-07-10 15:52:25,896 -                train: [    INFO] - Train: 326 [   0/97 (  0%)]  Loss:  1.278910 (1.2789)  Time: 0.335s, 1526.41/s  (0.335s, 1526.41/s)  LR: 1.253e-04  Data: 0.057 (0.057)
2024-07-10 15:52:52,527 -                train: [    INFO] - Train: 326 [  96/97 (100%)]  Loss:  1.669862 (1.4744)  Time: 0.273s, 1875.79/s  (0.278s, 1841.79/s)  LR: 1.253e-04  Data: 0.000 (0.004)
2024-07-10 15:52:52,645 -                train: [    INFO] - Test: [   0/19]  Time: 0.116 (0.116)  Loss:  0.8003 (0.8003)  Acc@1: 79.2969 (79.2969)  Acc@5: 93.7500 (93.7500)
2024-07-10 15:52:53,393 -                train: [    INFO] - Test: [  19/19]  Time: 0.035 (0.043)  Loss:  0.8335 (0.8017)  Acc@1: 78.3088 (78.2600)  Acc@5: 93.3824 (94.6700)
2024-07-10 15:52:53,643 - timm.utils.checkpoint_saver: [    INFO] - Current checkpoints:
 ('./output/train/20240710-131949-vitsnn-32/checkpoint-326.pth.tar', 78.25999997558594)
 ('./output/train/20240710-131949-vitsnn-32/checkpoint-323.pth.tar', 78.20999997558594)

2024-07-10 15:52:53,644 -                train: [    INFO] - *** Best metric: 78.25999997558594 (epoch 326)
2024-07-10 15:52:53,993 -                train: [    INFO] - Train: 327 [   0/97 (  0%)]  Loss:  1.111613 (1.1116)  Time: 0.348s, 1470.78/s  (0.348s, 1470.78/s)  LR: 1.223e-04  Data: 0.074 (0.074)
2024-07-10 15:53:20,788 -                train: [    INFO] - Train: 327 [  96/97 (100%)]  Loss:  1.430479 (1.2710)  Time: 0.272s, 1881.33/s  (0.280s, 1829.86/s)  LR: 1.223e-04  Data: 0.000 (0.004)
2024-07-10 15:53:20,900 -                train: [    INFO] - Test: [   0/19]  Time: 0.111 (0.111)  Loss:  0.8374 (0.8374)  Acc@1: 77.5391 (77.5391)  Acc@5: 93.5547 (93.5547)
2024-07-10 15:53:21,634 -                train: [    INFO] - Test: [  19/19]  Time: 0.024 (0.042)  Loss:  0.8315 (0.8060)  Acc@1: 78.3088 (78.0700)  Acc@5: 92.6470 (94.2900)
2024-07-10 15:53:21,835 -                train: [    INFO] - *** Best metric: 78.25999997558594 (epoch 326)
2024-07-10 15:53:22,181 -                train: [    INFO] - Train: 328 [   0/97 (  0%)]  Loss:  0.981845 (0.9818)  Time: 0.344s, 1489.45/s  (0.344s, 1489.45/s)  LR: 1.193e-04  Data: 0.073 (0.073)
2024-07-10 15:53:49,016 -                train: [    INFO] - Train: 328 [  96/97 (100%)]  Loss:  1.350472 (1.1662)  Time: 0.277s, 1848.42/s  (0.280s, 1827.49/s)  LR: 1.193e-04  Data: 0.000 (0.004)
2024-07-10 15:53:49,144 -                train: [    INFO] - Test: [   0/19]  Time: 0.126 (0.126)  Loss:  0.7983 (0.7983)  Acc@1: 78.1250 (78.1250)  Acc@5: 93.9453 (93.9453)
2024-07-10 15:53:49,868 -                train: [    INFO] - Test: [  19/19]  Time: 0.024 (0.043)  Loss:  0.8354 (0.8052)  Acc@1: 77.9412 (78.0200)  Acc@5: 93.7500 (94.4900)
2024-07-10 15:53:50,036 -                train: [    INFO] - *** Best metric: 78.25999997558594 (epoch 326)
2024-07-10 15:53:50,377 -                train: [    INFO] - Train: 329 [   0/97 (  0%)]  Loss:  1.861830 (1.8618)  Time: 0.339s, 1508.99/s  (0.339s, 1508.99/s)  LR: 1.164e-04  Data: 0.069 (0.069)
2024-07-10 15:54:17,017 -                train: [    INFO] - Train: 329 [  96/97 (100%)]  Loss:  1.274987 (1.5684)  Time: 0.272s, 1881.44/s  (0.278s, 1840.89/s)  LR: 1.164e-04  Data: 0.000 (0.004)
2024-07-10 15:54:17,126 -                train: [    INFO] - Test: [   0/19]  Time: 0.107 (0.107)  Loss:  0.8008 (0.8008)  Acc@1: 79.1016 (79.1016)  Acc@5: 94.5312 (94.5312)
2024-07-10 15:54:17,864 -                train: [    INFO] - Test: [  19/19]  Time: 0.028 (0.042)  Loss:  0.8320 (0.7953)  Acc@1: 76.8382 (78.3200)  Acc@5: 95.2206 (94.6100)
2024-07-10 15:54:18,064 - timm.utils.checkpoint_saver: [    INFO] - Current checkpoints:
 ('./output/train/20240710-131949-vitsnn-32/checkpoint-329.pth.tar', 78.3199999633789)
 ('./output/train/20240710-131949-vitsnn-32/checkpoint-326.pth.tar', 78.25999997558594)

2024-07-10 15:54:18,064 -                train: [    INFO] - *** Best metric: 78.3199999633789 (epoch 329)
2024-07-10 15:54:18,398 -                train: [    INFO] - Train: 330 [   0/97 (  0%)]  Loss:  1.240776 (1.2408)  Time: 0.333s, 1535.98/s  (0.333s, 1535.98/s)  LR: 1.135e-04  Data: 0.062 (0.062)
2024-07-10 15:54:44,961 -                train: [    INFO] - Train: 330 [  96/97 (100%)]  Loss:  1.572365 (1.4066)  Time: 0.271s, 1888.34/s  (0.277s, 1846.65/s)  LR: 1.135e-04  Data: 0.000 (0.004)
2024-07-10 15:54:45,075 -                train: [    INFO] - Test: [   0/19]  Time: 0.112 (0.112)  Loss:  0.8052 (0.8052)  Acc@1: 78.1250 (78.1250)  Acc@5: 93.9453 (93.9453)
2024-07-10 15:54:45,823 -                train: [    INFO] - Test: [  19/19]  Time: 0.028 (0.043)  Loss:  0.8604 (0.8231)  Acc@1: 78.3088 (78.1700)  Acc@5: 93.7500 (94.3900)
2024-07-10 15:54:46,029 -                train: [    INFO] - *** Best metric: 78.3199999633789 (epoch 329)
2024-07-10 15:54:46,364 -                train: [    INFO] - Train: 331 [   0/97 (  0%)]  Loss:  1.357443 (1.3574)  Time: 0.333s, 1535.47/s  (0.333s, 1535.47/s)  LR: 1.106e-04  Data: 0.059 (0.059)
2024-07-10 15:55:13,142 -                train: [    INFO] - Train: 331 [  96/97 (100%)]  Loss:  1.377126 (1.3673)  Time: 0.271s, 1889.02/s  (0.279s, 1831.98/s)  LR: 1.106e-04  Data: 0.000 (0.004)
2024-07-10 15:55:13,251 -                train: [    INFO] - Test: [   0/19]  Time: 0.108 (0.108)  Loss:  0.8057 (0.8057)  Acc@1: 78.5156 (78.5156)  Acc@5: 94.3359 (94.3359)
2024-07-10 15:55:13,986 -                train: [    INFO] - Test: [  19/19]  Time: 0.036 (0.042)  Loss:  0.7549 (0.8009)  Acc@1: 79.0441 (77.6000)  Acc@5: 94.4853 (94.6200)
2024-07-10 15:55:14,177 -                train: [    INFO] - *** Best metric: 78.3199999633789 (epoch 329)
2024-07-10 15:55:14,530 -                train: [    INFO] - Train: 332 [   0/97 (  0%)]  Loss:  1.258682 (1.2587)  Time: 0.347s, 1475.72/s  (0.347s, 1475.72/s)  LR: 1.078e-04  Data: 0.069 (0.069)
2024-07-10 15:55:41,361 -                train: [    INFO] - Train: 332 [  96/97 (100%)]  Loss:  0.988659 (1.1237)  Time: 0.272s, 1885.63/s  (0.280s, 1827.44/s)  LR: 1.078e-04  Data: 0.000 (0.004)
2024-07-10 15:55:41,477 -                train: [    INFO] - Test: [   0/19]  Time: 0.113 (0.113)  Loss:  0.7905 (0.7905)  Acc@1: 80.4688 (80.4688)  Acc@5: 94.7266 (94.7266)
2024-07-10 15:55:42,221 -                train: [    INFO] - Test: [  19/19]  Time: 0.027 (0.043)  Loss:  0.8633 (0.7991)  Acc@1: 75.3676 (78.4100)  Acc@5: 93.7500 (94.6600)
2024-07-10 15:55:42,415 - timm.utils.checkpoint_saver: [    INFO] - Current checkpoints:
 ('./output/train/20240710-131949-vitsnn-32/checkpoint-332.pth.tar', 78.40999995117187)
 ('./output/train/20240710-131949-vitsnn-32/checkpoint-329.pth.tar', 78.3199999633789)

2024-07-10 15:55:42,415 -                train: [    INFO] - *** Best metric: 78.40999995117187 (epoch 332)
2024-07-10 15:55:42,772 -                train: [    INFO] - Train: 333 [   0/97 (  0%)]  Loss:  1.357521 (1.3575)  Time: 0.354s, 1445.31/s  (0.354s, 1445.31/s)  LR: 1.050e-04  Data: 0.083 (0.083)
2024-07-10 15:56:09,717 -                train: [    INFO] - Train: 333 [  96/97 (100%)]  Loss:  1.917557 (1.6375)  Time: 0.272s, 1879.78/s  (0.281s, 1819.39/s)  LR: 1.050e-04  Data: 0.000 (0.004)
2024-07-10 15:56:09,828 -                train: [    INFO] - Test: [   0/19]  Time: 0.109 (0.109)  Loss:  0.8159 (0.8159)  Acc@1: 79.1016 (79.1016)  Acc@5: 93.9453 (93.9453)
2024-07-10 15:56:10,592 -                train: [    INFO] - Test: [  19/19]  Time: 0.041 (0.044)  Loss:  0.9272 (0.8303)  Acc@1: 76.4706 (77.5500)  Acc@5: 93.3824 (94.4200)
2024-07-10 15:56:10,764 -                train: [    INFO] - *** Best metric: 78.40999995117187 (epoch 332)
2024-07-10 15:56:11,106 -                train: [    INFO] - Train: 334 [   0/97 (  0%)]  Loss:  1.579174 (1.5792)  Time: 0.341s, 1499.27/s  (0.341s, 1499.27/s)  LR: 1.022e-04  Data: 0.059 (0.059)
2024-07-10 15:56:37,850 -                train: [    INFO] - Train: 334 [  96/97 (100%)]  Loss:  1.279523 (1.4293)  Time: 0.271s, 1887.28/s  (0.279s, 1833.74/s)  LR: 1.022e-04  Data: 0.000 (0.004)
2024-07-10 15:56:37,959 -                train: [    INFO] - Test: [   0/19]  Time: 0.107 (0.107)  Loss:  0.7622 (0.7622)  Acc@1: 79.1016 (79.1016)  Acc@5: 94.1406 (94.1406)
2024-07-10 15:56:38,715 -                train: [    INFO] - Test: [  19/19]  Time: 0.034 (0.043)  Loss:  0.8594 (0.8022)  Acc@1: 77.5735 (78.0700)  Acc@5: 92.6470 (94.7700)
2024-07-10 15:56:38,892 -                train: [    INFO] - *** Best metric: 78.40999995117187 (epoch 332)
2024-07-10 15:56:39,240 -                train: [    INFO] - Train: 335 [   0/97 (  0%)]  Loss:  1.654058 (1.6541)  Time: 0.346s, 1480.04/s  (0.346s, 1480.04/s)  LR: 9.952e-05  Data: 0.076 (0.076)
2024-07-10 15:57:05,826 -                train: [    INFO] - Train: 335 [  96/97 (100%)]  Loss:  1.778775 (1.7164)  Time: 0.272s, 1885.61/s  (0.278s, 1844.18/s)  LR: 9.952e-05  Data: 0.000 (0.004)
2024-07-10 15:57:05,943 -                train: [    INFO] - Test: [   0/19]  Time: 0.116 (0.116)  Loss:  0.7974 (0.7974)  Acc@1: 79.1016 (79.1016)  Acc@5: 94.7266 (94.7266)
2024-07-10 15:57:06,685 -                train: [    INFO] - Test: [  19/19]  Time: 0.027 (0.043)  Loss:  0.8906 (0.8300)  Acc@1: 75.3676 (77.7600)  Acc@5: 93.0147 (94.4200)
2024-07-10 15:57:06,907 -                train: [    INFO] - *** Best metric: 78.40999995117187 (epoch 332)
2024-07-10 15:57:07,250 -                train: [    INFO] - Train: 336 [   0/97 (  0%)]  Loss:  1.444297 (1.4443)  Time: 0.341s, 1499.78/s  (0.341s, 1499.78/s)  LR: 9.685e-05  Data: 0.071 (0.071)
2024-07-10 15:57:34,065 -                train: [    INFO] - Train: 336 [  96/97 (100%)]  Loss:  1.628136 (1.5362)  Time: 0.272s, 1884.40/s  (0.280s, 1828.92/s)  LR: 9.685e-05  Data: 0.000 (0.004)
2024-07-10 15:57:34,182 -                train: [    INFO] - Test: [   0/19]  Time: 0.114 (0.114)  Loss:  0.8057 (0.8057)  Acc@1: 77.7344 (77.7344)  Acc@5: 94.5312 (94.5312)
2024-07-10 15:57:34,913 -                train: [    INFO] - Test: [  19/19]  Time: 0.027 (0.042)  Loss:  0.8984 (0.8119)  Acc@1: 76.1029 (78.1000)  Acc@5: 93.0147 (94.6500)
2024-07-10 15:57:35,149 -                train: [    INFO] - *** Best metric: 78.40999995117187 (epoch 332)
2024-07-10 15:57:35,511 -                train: [    INFO] - Train: 337 [   0/97 (  0%)]  Loss:  1.738350 (1.7383)  Time: 0.361s, 1419.41/s  (0.361s, 1419.41/s)  LR: 9.421e-05  Data: 0.089 (0.089)
2024-07-10 15:58:02,257 -                train: [    INFO] - Train: 337 [  96/97 (100%)]  Loss:  1.937945 (1.8381)  Time: 0.272s, 1881.19/s  (0.279s, 1832.26/s)  LR: 9.421e-05  Data: 0.000 (0.004)
2024-07-10 15:58:02,366 -                train: [    INFO] - Test: [   0/19]  Time: 0.107 (0.107)  Loss:  0.8125 (0.8125)  Acc@1: 79.6875 (79.6875)  Acc@5: 93.9453 (93.9453)
2024-07-10 15:58:03,096 -                train: [    INFO] - Test: [  19/19]  Time: 0.028 (0.042)  Loss:  0.8579 (0.8409)  Acc@1: 77.2059 (78.0900)  Acc@5: 95.2206 (94.6100)
2024-07-10 15:58:03,266 -                train: [    INFO] - *** Best metric: 78.40999995117187 (epoch 332)
2024-07-10 15:58:03,604 -                train: [    INFO] - Train: 338 [   0/97 (  0%)]  Loss:  1.964860 (1.9649)  Time: 0.337s, 1517.89/s  (0.337s, 1517.89/s)  LR: 9.161e-05  Data: 0.066 (0.066)
2024-07-10 15:58:30,380 -                train: [    INFO] - Train: 338 [  96/97 (100%)]  Loss:  2.210587 (2.0877)  Time: 0.272s, 1885.64/s  (0.279s, 1831.87/s)  LR: 9.161e-05  Data: 0.000 (0.004)
2024-07-10 15:58:30,494 -                train: [    INFO] - Test: [   0/19]  Time: 0.112 (0.112)  Loss:  0.7852 (0.7852)  Acc@1: 78.3203 (78.3203)  Acc@5: 93.7500 (93.7500)
2024-07-10 15:58:31,226 -                train: [    INFO] - Test: [  19/19]  Time: 0.027 (0.042)  Loss:  0.7871 (0.7805)  Acc@1: 79.0441 (78.5100)  Acc@5: 92.2794 (94.7600)
2024-07-10 15:58:31,460 - timm.utils.checkpoint_saver: [    INFO] - Current checkpoints:
 ('./output/train/20240710-131949-vitsnn-32/checkpoint-338.pth.tar', 78.50999987792969)
 ('./output/train/20240710-131949-vitsnn-32/checkpoint-332.pth.tar', 78.40999995117187)

2024-07-10 15:58:31,460 -                train: [    INFO] - *** Best metric: 78.50999987792969 (epoch 338)
2024-07-10 15:58:31,797 -                train: [    INFO] - Train: 339 [   0/97 (  0%)]  Loss:  1.325233 (1.3252)  Time: 0.336s, 1524.02/s  (0.336s, 1524.02/s)  LR: 8.905e-05  Data: 0.066 (0.066)
2024-07-10 15:58:58,464 -                train: [    INFO] - Train: 339 [  96/97 (100%)]  Loss:  1.408173 (1.3667)  Time: 0.272s, 1882.96/s  (0.278s, 1839.32/s)  LR: 8.905e-05  Data: 0.000 (0.004)
2024-07-10 15:58:58,587 -                train: [    INFO] - Test: [   0/19]  Time: 0.121 (0.121)  Loss:  0.7861 (0.7861)  Acc@1: 80.4688 (80.4688)  Acc@5: 93.7500 (93.7500)
2024-07-10 15:58:59,325 -                train: [    INFO] - Test: [  19/19]  Time: 0.028 (0.043)  Loss:  0.8535 (0.7921)  Acc@1: 77.9412 (78.5500)  Acc@5: 93.3824 (94.5500)
2024-07-10 15:58:59,564 - timm.utils.checkpoint_saver: [    INFO] - Current checkpoints:
 ('./output/train/20240710-131949-vitsnn-32/checkpoint-339.pth.tar', 78.55000002441406)
 ('./output/train/20240710-131949-vitsnn-32/checkpoint-338.pth.tar', 78.50999987792969)

2024-07-10 15:58:59,564 -                train: [    INFO] - *** Best metric: 78.55000002441406 (epoch 339)
2024-07-10 15:58:59,911 -                train: [    INFO] - Train: 340 [   0/97 (  0%)]  Loss:  1.462948 (1.4629)  Time: 0.340s, 1504.78/s  (0.340s, 1504.78/s)  LR: 8.653e-05  Data: 0.069 (0.069)
2024-07-10 15:59:26,546 -                train: [    INFO] - Train: 340 [  96/97 (100%)]  Loss:  1.932408 (1.6977)  Time: 0.272s, 1882.84/s  (0.278s, 1841.25/s)  LR: 8.653e-05  Data: 0.000 (0.004)
2024-07-10 15:59:26,659 -                train: [    INFO] - Test: [   0/19]  Time: 0.111 (0.111)  Loss:  0.8345 (0.8345)  Acc@1: 77.7344 (77.7344)  Acc@5: 92.5781 (92.5781)
2024-07-10 15:59:27,387 -                train: [    INFO] - Test: [  19/19]  Time: 0.028 (0.042)  Loss:  0.8730 (0.8167)  Acc@1: 75.7353 (77.9600)  Acc@5: 93.7500 (94.4200)
2024-07-10 15:59:27,555 -                train: [    INFO] - *** Best metric: 78.55000002441406 (epoch 339)
2024-07-10 15:59:27,911 -                train: [    INFO] - Train: 341 [   0/97 (  0%)]  Loss:  1.878769 (1.8788)  Time: 0.355s, 1443.72/s  (0.355s, 1443.72/s)  LR: 8.404e-05  Data: 0.079 (0.079)
2024-07-10 15:59:54,621 -                train: [    INFO] - Train: 341 [  96/97 (100%)]  Loss:  1.828508 (1.8536)  Time: 0.271s, 1886.69/s  (0.279s, 1835.18/s)  LR: 8.404e-05  Data: 0.000 (0.004)
2024-07-10 15:59:54,747 -                train: [    INFO] - Test: [   0/19]  Time: 0.124 (0.124)  Loss:  0.7632 (0.7632)  Acc@1: 78.9062 (78.9062)  Acc@5: 94.7266 (94.7266)
2024-07-10 15:59:55,483 -                train: [    INFO] - Test: [  19/19]  Time: 0.028 (0.043)  Loss:  0.8105 (0.7906)  Acc@1: 79.0441 (78.3900)  Acc@5: 93.3823 (94.7000)
2024-07-10 15:59:55,708 -                train: [    INFO] - *** Best metric: 78.55000002441406 (epoch 339)
2024-07-10 15:59:56,043 -                train: [    INFO] - Train: 342 [   0/97 (  0%)]  Loss:  1.580615 (1.5806)  Time: 0.334s, 1533.47/s  (0.334s, 1533.47/s)  LR: 8.160e-05  Data: 0.063 (0.063)
2024-07-10 16:00:22,718 -                train: [    INFO] - Train: 342 [  96/97 (100%)]  Loss:  2.087281 (1.8339)  Time: 0.272s, 1881.54/s  (0.278s, 1838.88/s)  LR: 8.160e-05  Data: 0.000 (0.004)
2024-07-10 16:00:22,829 -                train: [    INFO] - Test: [   0/19]  Time: 0.109 (0.109)  Loss:  0.8125 (0.8125)  Acc@1: 77.9297 (77.9297)  Acc@5: 93.9453 (93.9453)
2024-07-10 16:00:23,566 -                train: [    INFO] - Test: [  19/19]  Time: 0.028 (0.042)  Loss:  0.8384 (0.7942)  Acc@1: 79.0441 (78.6900)  Acc@5: 93.3824 (94.4400)
2024-07-10 16:00:23,796 - timm.utils.checkpoint_saver: [    INFO] - Current checkpoints:
 ('./output/train/20240710-131949-vitsnn-32/checkpoint-342.pth.tar', 78.6899998779297)
 ('./output/train/20240710-131949-vitsnn-32/checkpoint-339.pth.tar', 78.55000002441406)

2024-07-10 16:00:23,797 -                train: [    INFO] - *** Best metric: 78.6899998779297 (epoch 342)
2024-07-10 16:00:24,132 -                train: [    INFO] - Train: 343 [   0/97 (  0%)]  Loss:  1.119498 (1.1195)  Time: 0.334s, 1531.44/s  (0.334s, 1531.44/s)  LR: 7.919e-05  Data: 0.063 (0.063)
2024-07-10 16:00:51,002 -                train: [    INFO] - Train: 343 [  96/97 (100%)]  Loss:  1.644807 (1.3822)  Time: 0.273s, 1876.75/s  (0.280s, 1825.75/s)  LR: 7.919e-05  Data: 0.000 (0.004)
2024-07-10 16:00:51,116 -                train: [    INFO] - Test: [   0/19]  Time: 0.112 (0.112)  Loss:  0.7925 (0.7925)  Acc@1: 78.5156 (78.5156)  Acc@5: 93.7500 (93.7500)
2024-07-10 16:00:51,849 -                train: [    INFO] - Test: [  19/19]  Time: 0.027 (0.042)  Loss:  0.8408 (0.7991)  Acc@1: 78.3088 (78.6500)  Acc@5: 94.4853 (94.6100)
2024-07-10 16:00:52,090 - timm.utils.checkpoint_saver: [    INFO] - Current checkpoints:
 ('./output/train/20240710-131949-vitsnn-32/checkpoint-342.pth.tar', 78.6899998779297)
 ('./output/train/20240710-131949-vitsnn-32/checkpoint-343.pth.tar', 78.64999997558594)

2024-07-10 16:00:52,090 -                train: [    INFO] - *** Best metric: 78.6899998779297 (epoch 342)
2024-07-10 16:00:52,434 -                train: [    INFO] - Train: 344 [   0/97 (  0%)]  Loss:  1.112983 (1.1130)  Time: 0.343s, 1491.35/s  (0.343s, 1491.35/s)  LR: 7.682e-05  Data: 0.072 (0.072)
2024-07-10 16:01:19,045 -                train: [    INFO] - Train: 344 [  96/97 (100%)]  Loss:  1.851050 (1.4820)  Time: 0.272s, 1883.95/s  (0.278s, 1842.63/s)  LR: 7.682e-05  Data: 0.000 (0.004)
2024-07-10 16:01:19,157 -                train: [    INFO] - Test: [   0/19]  Time: 0.110 (0.110)  Loss:  0.7578 (0.7578)  Acc@1: 80.8594 (80.8594)  Acc@5: 94.3359 (94.3359)
2024-07-10 16:01:19,877 -                train: [    INFO] - Test: [  19/19]  Time: 0.024 (0.041)  Loss:  0.8203 (0.7814)  Acc@1: 77.5735 (78.7200)  Acc@5: 93.3824 (94.7400)
2024-07-10 16:01:20,132 - timm.utils.checkpoint_saver: [    INFO] - Current checkpoints:
 ('./output/train/20240710-131949-vitsnn-32/checkpoint-344.pth.tar', 78.72000007324219)
 ('./output/train/20240710-131949-vitsnn-32/checkpoint-342.pth.tar', 78.6899998779297)

2024-07-10 16:01:20,133 -                train: [    INFO] - *** Best metric: 78.72000007324219 (epoch 344)
2024-07-10 16:01:20,476 -                train: [    INFO] - Train: 345 [   0/97 (  0%)]  Loss:  1.634021 (1.6340)  Time: 0.340s, 1505.80/s  (0.340s, 1505.80/s)  LR: 7.449e-05  Data: 0.069 (0.069)
2024-07-10 16:01:47,105 -                train: [    INFO] - Train: 345 [  96/97 (100%)]  Loss:  1.619412 (1.6267)  Time: 0.272s, 1885.49/s  (0.278s, 1841.67/s)  LR: 7.449e-05  Data: 0.000 (0.004)
2024-07-10 16:01:47,216 -                train: [    INFO] - Test: [   0/19]  Time: 0.110 (0.110)  Loss:  0.7812 (0.7812)  Acc@1: 80.6641 (80.6641)  Acc@5: 93.7500 (93.7500)
2024-07-10 16:01:47,964 -                train: [    INFO] - Test: [  19/19]  Time: 0.028 (0.043)  Loss:  0.7866 (0.8043)  Acc@1: 80.1471 (78.4900)  Acc@5: 94.4853 (94.5500)
2024-07-10 16:01:48,128 -                train: [    INFO] - *** Best metric: 78.72000007324219 (epoch 344)
2024-07-10 16:01:48,496 -                train: [    INFO] - Train: 346 [   0/97 (  0%)]  Loss:  1.660342 (1.6603)  Time: 0.367s, 1395.33/s  (0.367s, 1395.33/s)  LR: 7.220e-05  Data: 0.085 (0.085)
2024-07-10 16:02:15,122 -                train: [    INFO] - Train: 346 [  96/97 (100%)]  Loss:  1.233444 (1.4469)  Time: 0.272s, 1883.60/s  (0.278s, 1840.06/s)  LR: 7.220e-05  Data: 0.000 (0.004)
2024-07-10 16:02:15,229 -                train: [    INFO] - Test: [   0/19]  Time: 0.105 (0.105)  Loss:  0.8159 (0.8159)  Acc@1: 80.6641 (80.6641)  Acc@5: 93.5547 (93.5547)
2024-07-10 16:02:15,980 -                train: [    INFO] - Test: [  19/19]  Time: 0.035 (0.043)  Loss:  0.7827 (0.8148)  Acc@1: 79.4118 (78.5600)  Acc@5: 93.0147 (94.4400)
2024-07-10 16:02:16,155 -                train: [    INFO] - *** Best metric: 78.72000007324219 (epoch 344)
2024-07-10 16:02:16,513 -                train: [    INFO] - Train: 347 [   0/97 (  0%)]  Loss:  1.046729 (1.0467)  Time: 0.356s, 1439.58/s  (0.356s, 1439.58/s)  LR: 6.995e-05  Data: 0.067 (0.067)
2024-07-10 16:02:43,192 -                train: [    INFO] - Train: 347 [  96/97 (100%)]  Loss:  1.977130 (1.5119)  Time: 0.272s, 1880.53/s  (0.279s, 1837.18/s)  LR: 6.995e-05  Data: 0.000 (0.004)
2024-07-10 16:02:43,306 -                train: [    INFO] - Test: [   0/19]  Time: 0.112 (0.112)  Loss:  0.7734 (0.7734)  Acc@1: 79.6875 (79.6875)  Acc@5: 93.7500 (93.7500)
2024-07-10 16:02:44,050 -                train: [    INFO] - Test: [  19/19]  Time: 0.028 (0.043)  Loss:  0.8423 (0.8250)  Acc@1: 78.3088 (78.1000)  Acc@5: 93.0147 (94.2200)
2024-07-10 16:02:44,223 -                train: [    INFO] - *** Best metric: 78.72000007324219 (epoch 344)
2024-07-10 16:02:44,584 -                train: [    INFO] - Train: 348 [   0/97 (  0%)]  Loss:  1.217936 (1.2179)  Time: 0.360s, 1423.40/s  (0.360s, 1423.40/s)  LR: 6.775e-05  Data: 0.085 (0.085)
2024-07-10 16:03:11,437 -                train: [    INFO] - Train: 348 [  96/97 (100%)]  Loss:  1.594887 (1.4064)  Time: 0.272s, 1882.66/s  (0.281s, 1825.12/s)  LR: 6.775e-05  Data: 0.000 (0.004)
2024-07-10 16:03:11,545 -                train: [    INFO] - Test: [   0/19]  Time: 0.105 (0.105)  Loss:  0.7964 (0.7964)  Acc@1: 79.2969 (79.2969)  Acc@5: 94.1406 (94.1406)
2024-07-10 16:03:12,298 -                train: [    INFO] - Test: [  19/19]  Time: 0.041 (0.043)  Loss:  0.8027 (0.7951)  Acc@1: 77.2059 (78.8100)  Acc@5: 93.3823 (94.5900)
2024-07-10 16:03:12,481 - timm.utils.checkpoint_saver: [    INFO] - Current checkpoints:
 ('./output/train/20240710-131949-vitsnn-32/checkpoint-348.pth.tar', 78.80999991455079)
 ('./output/train/20240710-131949-vitsnn-32/checkpoint-344.pth.tar', 78.72000007324219)

2024-07-10 16:03:12,482 -                train: [    INFO] - *** Best metric: 78.80999991455079 (epoch 348)
2024-07-10 16:03:12,822 -                train: [    INFO] - Train: 349 [   0/97 (  0%)]  Loss:  1.841637 (1.8416)  Time: 0.339s, 1510.59/s  (0.339s, 1510.59/s)  LR: 6.557e-05  Data: 0.067 (0.067)
2024-07-10 16:03:39,470 -                train: [    INFO] - Train: 349 [  96/97 (100%)]  Loss:  2.144550 (1.9931)  Time: 0.272s, 1882.46/s  (0.278s, 1840.38/s)  LR: 6.557e-05  Data: 0.000 (0.004)
2024-07-10 16:03:39,575 -                train: [    INFO] - Test: [   0/19]  Time: 0.102 (0.102)  Loss:  0.7534 (0.7534)  Acc@1: 79.8828 (79.8828)  Acc@5: 93.7500 (93.7500)
2024-07-10 16:03:40,316 -                train: [    INFO] - Test: [  19/19]  Time: 0.027 (0.042)  Loss:  0.7769 (0.7697)  Acc@1: 79.0441 (78.9800)  Acc@5: 92.6471 (94.7100)
2024-07-10 16:03:40,494 - timm.utils.checkpoint_saver: [    INFO] - Current checkpoints:
 ('./output/train/20240710-131949-vitsnn-32/checkpoint-349.pth.tar', 78.98000008544922)
 ('./output/train/20240710-131949-vitsnn-32/checkpoint-348.pth.tar', 78.80999991455079)

2024-07-10 16:03:40,494 -                train: [    INFO] - *** Best metric: 78.98000008544922 (epoch 349)
2024-07-10 16:03:40,839 -                train: [    INFO] - Train: 350 [   0/97 (  0%)]  Loss:  1.816278 (1.8163)  Time: 0.344s, 1489.51/s  (0.344s, 1489.51/s)  LR: 6.344e-05  Data: 0.064 (0.064)
2024-07-10 16:04:07,483 -                train: [    INFO] - Train: 350 [  96/97 (100%)]  Loss:  1.813842 (1.8151)  Time: 0.272s, 1881.62/s  (0.278s, 1840.39/s)  LR: 6.344e-05  Data: 0.000 (0.004)
2024-07-10 16:04:07,604 -                train: [    INFO] - Test: [   0/19]  Time: 0.119 (0.119)  Loss:  0.7422 (0.7422)  Acc@1: 80.8594 (80.8594)  Acc@5: 95.3125 (95.3125)
2024-07-10 16:04:08,349 -                train: [    INFO] - Test: [  19/19]  Time: 0.035 (0.043)  Loss:  0.7705 (0.7735)  Acc@1: 76.8382 (78.6800)  Acc@5: 93.7500 (94.9300)
2024-07-10 16:04:08,518 -                train: [    INFO] - *** Best metric: 78.98000008544922 (epoch 349)
2024-07-10 16:04:08,874 -                train: [    INFO] - Train: 351 [   0/97 (  0%)]  Loss:  1.627151 (1.6272)  Time: 0.355s, 1441.52/s  (0.355s, 1441.52/s)  LR: 6.135e-05  Data: 0.080 (0.080)
2024-07-10 16:04:35,445 -                train: [    INFO] - Train: 351 [  96/97 (100%)]  Loss:  1.249463 (1.4383)  Time: 0.271s, 1886.81/s  (0.278s, 1844.62/s)  LR: 6.135e-05  Data: 0.000 (0.004)
2024-07-10 16:04:35,556 -                train: [    INFO] - Test: [   0/19]  Time: 0.109 (0.109)  Loss:  0.7939 (0.7939)  Acc@1: 77.1484 (77.1484)  Acc@5: 93.9453 (93.9453)
2024-07-10 16:04:36,288 -                train: [    INFO] - Test: [  19/19]  Time: 0.027 (0.042)  Loss:  0.7886 (0.7873)  Acc@1: 79.4118 (78.1900)  Acc@5: 94.4853 (94.7600)
2024-07-10 16:04:36,488 -                train: [    INFO] - *** Best metric: 78.98000008544922 (epoch 349)
2024-07-10 16:04:36,841 -                train: [    INFO] - Train: 352 [   0/97 (  0%)]  Loss:  1.316683 (1.3167)  Time: 0.352s, 1455.14/s  (0.352s, 1455.14/s)  LR: 5.930e-05  Data: 0.082 (0.082)
2024-07-10 16:05:03,566 -                train: [    INFO] - Train: 352 [  96/97 (100%)]  Loss:  1.556653 (1.4367)  Time: 0.274s, 1870.88/s  (0.279s, 1834.30/s)  LR: 5.930e-05  Data: 0.000 (0.004)
2024-07-10 16:05:03,686 -                train: [    INFO] - Test: [   0/19]  Time: 0.118 (0.118)  Loss:  0.8047 (0.8047)  Acc@1: 78.5156 (78.5156)  Acc@5: 93.9453 (93.9453)
2024-07-10 16:05:04,418 -                train: [    INFO] - Test: [  19/19]  Time: 0.028 (0.043)  Loss:  0.8066 (0.8033)  Acc@1: 80.5147 (78.5800)  Acc@5: 93.3824 (94.6200)
2024-07-10 16:05:04,640 -                train: [    INFO] - *** Best metric: 78.98000008544922 (epoch 349)
2024-07-10 16:05:04,982 -                train: [    INFO] - Train: 353 [   0/97 (  0%)]  Loss:  1.332992 (1.3330)  Time: 0.341s, 1500.11/s  (0.341s, 1500.11/s)  LR: 5.729e-05  Data: 0.071 (0.071)
2024-07-10 16:05:31,845 -                train: [    INFO] - Train: 353 [  96/97 (100%)]  Loss:  1.473525 (1.4033)  Time: 0.271s, 1886.61/s  (0.280s, 1825.70/s)  LR: 5.729e-05  Data: 0.000 (0.004)
2024-07-10 16:05:31,955 -                train: [    INFO] - Test: [   0/19]  Time: 0.108 (0.108)  Loss:  0.7788 (0.7788)  Acc@1: 80.4688 (80.4688)  Acc@5: 94.9219 (94.9219)
2024-07-10 16:05:32,691 -                train: [    INFO] - Test: [  19/19]  Time: 0.027 (0.042)  Loss:  0.8438 (0.7924)  Acc@1: 77.2059 (78.7900)  Acc@5: 92.6470 (94.9100)
2024-07-10 16:05:32,914 -                train: [    INFO] - *** Best metric: 78.98000008544922 (epoch 349)
2024-07-10 16:05:33,255 -                train: [    INFO] - Train: 354 [   0/97 (  0%)]  Loss:  1.419399 (1.4194)  Time: 0.340s, 1507.60/s  (0.340s, 1507.60/s)  LR: 5.533e-05  Data: 0.069 (0.069)
2024-07-10 16:05:59,837 -                train: [    INFO] - Train: 354 [  96/97 (100%)]  Loss:  1.579534 (1.4995)  Time: 0.272s, 1881.13/s  (0.278s, 1844.88/s)  LR: 5.533e-05  Data: 0.000 (0.004)
2024-07-10 16:05:59,948 -                train: [    INFO] - Test: [   0/19]  Time: 0.108 (0.108)  Loss:  0.7739 (0.7739)  Acc@1: 79.4922 (79.4922)  Acc@5: 94.7266 (94.7266)
2024-07-10 16:06:00,688 -                train: [    INFO] - Test: [  19/19]  Time: 0.027 (0.042)  Loss:  0.8008 (0.7766)  Acc@1: 77.5735 (78.7900)  Acc@5: 93.7500 (94.7400)
2024-07-10 16:06:00,910 -                train: [    INFO] - *** Best metric: 78.98000008544922 (epoch 349)
2024-07-10 16:06:01,244 -                train: [    INFO] - Train: 355 [   0/97 (  0%)]  Loss:  1.326947 (1.3269)  Time: 0.333s, 1535.51/s  (0.333s, 1535.51/s)  LR: 5.340e-05  Data: 0.063 (0.063)
2024-07-10 16:06:27,873 -                train: [    INFO] - Train: 355 [  96/97 (100%)]  Loss:  1.201839 (1.2644)  Time: 0.272s, 1882.96/s  (0.278s, 1842.10/s)  LR: 5.340e-05  Data: 0.000 (0.004)
2024-07-10 16:06:27,979 -                train: [    INFO] - Test: [   0/19]  Time: 0.104 (0.104)  Loss:  0.7725 (0.7725)  Acc@1: 79.6875 (79.6875)  Acc@5: 94.3359 (94.3359)
2024-07-10 16:06:28,719 -                train: [    INFO] - Test: [  19/19]  Time: 0.027 (0.042)  Loss:  0.8594 (0.7787)  Acc@1: 76.1029 (78.5600)  Acc@5: 93.0147 (94.9500)
2024-07-10 16:06:28,942 -                train: [    INFO] - *** Best metric: 78.98000008544922 (epoch 349)
2024-07-10 16:06:29,273 -                train: [    INFO] - Train: 356 [   0/97 (  0%)]  Loss:  1.094868 (1.0949)  Time: 0.329s, 1554.98/s  (0.329s, 1554.98/s)  LR: 5.151e-05  Data: 0.058 (0.058)
2024-07-10 16:06:55,948 -                train: [    INFO] - Train: 356 [  96/97 (100%)]  Loss:  1.744640 (1.4198)  Time: 0.272s, 1880.89/s  (0.278s, 1839.21/s)  LR: 5.151e-05  Data: 0.000 (0.004)
2024-07-10 16:06:56,063 -                train: [    INFO] - Test: [   0/19]  Time: 0.113 (0.113)  Loss:  0.7739 (0.7739)  Acc@1: 81.6406 (81.6406)  Acc@5: 94.3359 (94.3359)
2024-07-10 16:06:56,780 -                train: [    INFO] - Test: [  19/19]  Time: 0.023 (0.041)  Loss:  0.8550 (0.8090)  Acc@1: 77.9412 (78.6800)  Acc@5: 93.0147 (94.5500)
2024-07-10 16:06:56,948 -                train: [    INFO] - *** Best metric: 78.98000008544922 (epoch 349)
2024-07-10 16:06:57,299 -                train: [    INFO] - Train: 357 [   0/97 (  0%)]  Loss:  1.373663 (1.3737)  Time: 0.350s, 1463.03/s  (0.350s, 1463.03/s)  LR: 4.966e-05  Data: 0.079 (0.079)
2024-07-10 16:07:23,955 -                train: [    INFO] - Train: 357 [  96/97 (100%)]  Loss:  1.373452 (1.3736)  Time: 0.271s, 1886.68/s  (0.278s, 1839.11/s)  LR: 4.966e-05  Data: 0.000 (0.004)
2024-07-10 16:07:24,073 -                train: [    INFO] - Test: [   0/19]  Time: 0.116 (0.116)  Loss:  0.7578 (0.7578)  Acc@1: 79.2969 (79.2969)  Acc@5: 94.5312 (94.5312)
2024-07-10 16:07:24,787 -                train: [    INFO] - Test: [  19/19]  Time: 0.025 (0.041)  Loss:  0.7539 (0.7654)  Acc@1: 80.1471 (79.1400)  Acc@5: 93.3824 (94.9900)
2024-07-10 16:07:25,023 - timm.utils.checkpoint_saver: [    INFO] - Current checkpoints:
 ('./output/train/20240710-131949-vitsnn-32/checkpoint-357.pth.tar', 79.14000014648437)
 ('./output/train/20240710-131949-vitsnn-32/checkpoint-349.pth.tar', 78.98000008544922)

2024-07-10 16:07:25,024 -                train: [    INFO] - *** Best metric: 79.14000014648437 (epoch 357)
2024-07-10 16:07:25,366 -                train: [    INFO] - Train: 358 [   0/97 (  0%)]  Loss:  1.964157 (1.9642)  Time: 0.341s, 1500.77/s  (0.341s, 1500.77/s)  LR: 4.785e-05  Data: 0.071 (0.071)
2024-07-10 16:07:52,098 -                train: [    INFO] - Train: 358 [  96/97 (100%)]  Loss:  1.951391 (1.9578)  Time: 0.272s, 1885.22/s  (0.279s, 1834.52/s)  LR: 4.785e-05  Data: 0.000 (0.004)
2024-07-10 16:07:52,214 -                train: [    INFO] - Test: [   0/19]  Time: 0.113 (0.113)  Loss:  0.7827 (0.7827)  Acc@1: 79.8828 (79.8828)  Acc@5: 93.7500 (93.7500)
2024-07-10 16:07:52,952 -                train: [    INFO] - Test: [  19/19]  Time: 0.032 (0.043)  Loss:  0.7725 (0.7856)  Acc@1: 80.5147 (78.7700)  Acc@5: 94.4853 (94.7600)
2024-07-10 16:07:53,109 -                train: [    INFO] - *** Best metric: 79.14000014648437 (epoch 357)
2024-07-10 16:07:53,466 -                train: [    INFO] - Train: 359 [   0/97 (  0%)]  Loss:  1.237907 (1.2379)  Time: 0.355s, 1442.69/s  (0.355s, 1442.69/s)  LR: 4.609e-05  Data: 0.084 (0.084)
2024-07-10 16:08:20,203 -                train: [    INFO] - Train: 359 [  96/97 (100%)]  Loss:  1.797760 (1.5178)  Time: 0.272s, 1880.89/s  (0.279s, 1833.29/s)  LR: 4.609e-05  Data: 0.000 (0.004)
2024-07-10 16:08:20,310 -                train: [    INFO] - Test: [   0/19]  Time: 0.105 (0.105)  Loss:  0.7744 (0.7744)  Acc@1: 78.3203 (78.3203)  Acc@5: 94.5312 (94.5312)
2024-07-10 16:08:21,085 -                train: [    INFO] - Test: [  19/19]  Time: 0.035 (0.044)  Loss:  0.8008 (0.7757)  Acc@1: 76.1029 (79.2700)  Acc@5: 94.8529 (94.6700)
2024-07-10 16:08:21,327 - timm.utils.checkpoint_saver: [    INFO] - Current checkpoints:
 ('./output/train/20240710-131949-vitsnn-32/checkpoint-359.pth.tar', 79.27000006103516)
 ('./output/train/20240710-131949-vitsnn-32/checkpoint-357.pth.tar', 79.14000014648437)

2024-07-10 16:08:21,327 -                train: [    INFO] - *** Best metric: 79.27000006103516 (epoch 359)
2024-07-10 16:08:21,667 -                train: [    INFO] - Train: 360 [   0/97 (  0%)]  Loss:  1.641701 (1.6417)  Time: 0.339s, 1508.12/s  (0.339s, 1508.12/s)  LR: 4.436e-05  Data: 0.059 (0.059)
2024-07-10 16:08:48,246 -                train: [    INFO] - Train: 360 [  96/97 (100%)]  Loss:  1.852017 (1.7469)  Time: 0.271s, 1886.18/s  (0.277s, 1845.11/s)  LR: 4.436e-05  Data: 0.000 (0.004)
2024-07-10 16:08:48,354 -                train: [    INFO] - Test: [   0/19]  Time: 0.106 (0.106)  Loss:  0.8052 (0.8052)  Acc@1: 79.8828 (79.8828)  Acc@5: 94.5312 (94.5312)
2024-07-10 16:08:49,104 -                train: [    INFO] - Test: [  19/19]  Time: 0.035 (0.043)  Loss:  0.8052 (0.7798)  Acc@1: 78.3088 (79.3200)  Acc@5: 93.3824 (94.8100)
2024-07-10 16:08:49,284 - timm.utils.checkpoint_saver: [    INFO] - Current checkpoints:
 ('./output/train/20240710-131949-vitsnn-32/checkpoint-360.pth.tar', 79.31999997558594)
 ('./output/train/20240710-131949-vitsnn-32/checkpoint-359.pth.tar', 79.27000006103516)

2024-07-10 16:08:49,284 -                train: [    INFO] - *** Best metric: 79.31999997558594 (epoch 360)
2024-07-10 16:08:49,633 -                train: [    INFO] - Train: 361 [   0/97 (  0%)]  Loss:  1.659096 (1.6591)  Time: 0.347s, 1476.31/s  (0.347s, 1476.31/s)  LR: 4.268e-05  Data: 0.076 (0.076)
2024-07-10 16:09:16,430 -                train: [    INFO] - Train: 361 [  96/97 (100%)]  Loss:  1.549786 (1.6044)  Time: 0.272s, 1879.61/s  (0.280s, 1829.83/s)  LR: 4.268e-05  Data: 0.000 (0.004)
2024-07-10 16:09:16,544 -                train: [    INFO] - Test: [   0/19]  Time: 0.112 (0.112)  Loss:  0.7871 (0.7871)  Acc@1: 79.2969 (79.2969)  Acc@5: 94.3359 (94.3359)
2024-07-10 16:09:17,256 -                train: [    INFO] - Test: [  19/19]  Time: 0.028 (0.041)  Loss:  0.7490 (0.7669)  Acc@1: 78.3088 (78.9800)  Acc@5: 93.7500 (94.9100)
2024-07-10 16:09:17,448 -                train: [    INFO] - *** Best metric: 79.31999997558594 (epoch 360)
2024-07-10 16:09:17,802 -                train: [    INFO] - Train: 362 [   0/97 (  0%)]  Loss:  1.546563 (1.5466)  Time: 0.353s, 1452.13/s  (0.353s, 1452.13/s)  LR: 4.104e-05  Data: 0.082 (0.082)
2024-07-10 16:09:44,634 -                train: [    INFO] - Train: 362 [  96/97 (100%)]  Loss:  1.900271 (1.7234)  Time: 0.272s, 1882.36/s  (0.280s, 1827.04/s)  LR: 4.104e-05  Data: 0.000 (0.004)
2024-07-10 16:09:44,752 -                train: [    INFO] - Test: [   0/19]  Time: 0.116 (0.116)  Loss:  0.7705 (0.7705)  Acc@1: 80.0781 (80.0781)  Acc@5: 94.9219 (94.9219)
2024-07-10 16:09:45,464 -                train: [    INFO] - Test: [  19/19]  Time: 0.024 (0.041)  Loss:  0.7920 (0.7782)  Acc@1: 79.0441 (79.1500)  Acc@5: 94.8529 (94.8100)
2024-07-10 16:09:45,703 -                train: [    INFO] - *** Best metric: 79.31999997558594 (epoch 360)
2024-07-10 16:09:46,052 -                train: [    INFO] - Train: 363 [   0/97 (  0%)]  Loss:  1.536036 (1.5360)  Time: 0.347s, 1474.24/s  (0.347s, 1474.24/s)  LR: 3.944e-05  Data: 0.067 (0.067)
2024-07-10 16:10:12,950 -                train: [    INFO] - Train: 363 [  96/97 (100%)]  Loss:  1.770840 (1.6534)  Time: 0.272s, 1881.85/s  (0.281s, 1822.93/s)  LR: 3.944e-05  Data: 0.000 (0.004)
2024-07-10 16:10:13,060 -                train: [    INFO] - Test: [   0/19]  Time: 0.108 (0.108)  Loss:  0.7759 (0.7759)  Acc@1: 79.4922 (79.4922)  Acc@5: 93.3594 (93.3594)
2024-07-10 16:10:13,791 -                train: [    INFO] - Test: [  19/19]  Time: 0.028 (0.042)  Loss:  0.8218 (0.8008)  Acc@1: 76.8382 (78.4700)  Acc@5: 93.3824 (94.4400)
2024-07-10 16:10:13,966 -                train: [    INFO] - *** Best metric: 79.31999997558594 (epoch 360)
2024-07-10 16:10:14,316 -                train: [    INFO] - Train: 364 [   0/97 (  0%)]  Loss:  1.481093 (1.4811)  Time: 0.349s, 1467.24/s  (0.349s, 1467.24/s)  LR: 3.788e-05  Data: 0.077 (0.077)
2024-07-10 16:10:41,051 -                train: [    INFO] - Train: 364 [  96/97 (100%)]  Loss:  1.671918 (1.5765)  Time: 0.272s, 1880.05/s  (0.279s, 1833.81/s)  LR: 3.788e-05  Data: 0.000 (0.004)
2024-07-10 16:10:41,173 -                train: [    INFO] - Test: [   0/19]  Time: 0.120 (0.120)  Loss:  0.7856 (0.7856)  Acc@1: 79.2969 (79.2969)  Acc@5: 93.1641 (93.1641)
2024-07-10 16:10:41,908 -                train: [    INFO] - Test: [  19/19]  Time: 0.027 (0.043)  Loss:  0.7769 (0.7828)  Acc@1: 77.9412 (79.0100)  Acc@5: 93.7500 (94.8800)
2024-07-10 16:10:42,145 -                train: [    INFO] - *** Best metric: 79.31999997558594 (epoch 360)
2024-07-10 16:10:42,481 -                train: [    INFO] - Train: 365 [   0/97 (  0%)]  Loss:  1.474159 (1.4742)  Time: 0.335s, 1530.50/s  (0.335s, 1530.50/s)  LR: 3.636e-05  Data: 0.064 (0.064)
2024-07-10 16:11:09,017 -                train: [    INFO] - Train: 365 [  96/97 (100%)]  Loss:  1.495284 (1.4847)  Time: 0.272s, 1885.46/s  (0.277s, 1848.43/s)  LR: 3.636e-05  Data: 0.000 (0.004)
2024-07-10 16:11:09,125 -                train: [    INFO] - Test: [   0/19]  Time: 0.107 (0.107)  Loss:  0.7539 (0.7539)  Acc@1: 79.8828 (79.8828)  Acc@5: 94.7266 (94.7266)
2024-07-10 16:11:09,865 -                train: [    INFO] - Test: [  19/19]  Time: 0.027 (0.042)  Loss:  0.8154 (0.7673)  Acc@1: 77.9412 (79.0000)  Acc@5: 93.3824 (94.8700)
2024-07-10 16:11:10,085 -                train: [    INFO] - *** Best metric: 79.31999997558594 (epoch 360)
2024-07-10 16:11:10,426 -                train: [    INFO] - Train: 366 [   0/97 (  0%)]  Loss:  1.284475 (1.2845)  Time: 0.339s, 1509.13/s  (0.339s, 1509.13/s)  LR: 3.488e-05  Data: 0.063 (0.063)
2024-07-10 16:11:37,139 -                train: [    INFO] - Train: 366 [  96/97 (100%)]  Loss:  1.719137 (1.5018)  Time: 0.273s, 1872.35/s  (0.279s, 1836.05/s)  LR: 3.488e-05  Data: 0.000 (0.004)
2024-07-10 16:11:37,258 -                train: [    INFO] - Test: [   0/19]  Time: 0.116 (0.116)  Loss:  0.7383 (0.7383)  Acc@1: 80.6641 (80.6641)  Acc@5: 94.7266 (94.7266)
2024-07-10 16:11:37,974 -                train: [    INFO] - Test: [  19/19]  Time: 0.024 (0.042)  Loss:  0.8032 (0.7733)  Acc@1: 76.8382 (79.0300)  Acc@5: 94.4853 (94.8800)
2024-07-10 16:11:38,198 -                train: [    INFO] - *** Best metric: 79.31999997558594 (epoch 360)
2024-07-10 16:11:38,531 -                train: [    INFO] - Train: 367 [   0/97 (  0%)]  Loss:  1.409366 (1.4094)  Time: 0.332s, 1541.60/s  (0.332s, 1541.60/s)  LR: 3.345e-05  Data: 0.061 (0.061)
2024-07-10 16:12:05,408 -                train: [    INFO] - Train: 367 [  96/97 (100%)]  Loss:  1.506477 (1.4579)  Time: 0.368s, 1391.21/s  (0.280s, 1825.35/s)  LR: 3.345e-05  Data: 0.000 (0.004)
2024-07-10 16:12:05,518 -                train: [    INFO] - Test: [   0/19]  Time: 0.108 (0.108)  Loss:  0.7646 (0.7646)  Acc@1: 79.1016 (79.1016)  Acc@5: 94.1406 (94.1406)
2024-07-10 16:12:06,272 -                train: [    INFO] - Test: [  19/19]  Time: 0.032 (0.043)  Loss:  0.7949 (0.7808)  Acc@1: 77.5735 (78.5700)  Acc@5: 93.3824 (94.7200)
2024-07-10 16:12:06,446 -                train: [    INFO] - *** Best metric: 79.31999997558594 (epoch 360)
2024-07-10 16:12:06,783 -                train: [    INFO] - Train: 368 [   0/97 (  0%)]  Loss:  1.028998 (1.0290)  Time: 0.336s, 1522.95/s  (0.336s, 1522.95/s)  LR: 3.206e-05  Data: 0.065 (0.065)
2024-07-10 16:12:33,392 -                train: [    INFO] - Train: 368 [  96/97 (100%)]  Loss:  1.792208 (1.4106)  Time: 0.272s, 1884.59/s  (0.278s, 1843.28/s)  LR: 3.206e-05  Data: 0.000 (0.004)
2024-07-10 16:12:33,502 -                train: [    INFO] - Test: [   0/19]  Time: 0.108 (0.108)  Loss:  0.7734 (0.7734)  Acc@1: 79.8828 (79.8828)  Acc@5: 94.5312 (94.5312)
2024-07-10 16:12:34,249 -                train: [    INFO] - Test: [  19/19]  Time: 0.027 (0.043)  Loss:  0.7773 (0.7857)  Acc@1: 78.6765 (78.6700)  Acc@5: 94.4853 (94.9500)
2024-07-10 16:12:34,453 -                train: [    INFO] - *** Best metric: 79.31999997558594 (epoch 360)
2024-07-10 16:12:34,823 -                train: [    INFO] - Train: 369 [   0/97 (  0%)]  Loss:  1.297595 (1.2976)  Time: 0.369s, 1388.36/s  (0.369s, 1388.36/s)  LR: 3.071e-05  Data: 0.099 (0.099)
2024-07-10 16:13:01,625 -                train: [    INFO] - Train: 369 [  96/97 (100%)]  Loss:  1.545312 (1.4215)  Time: 0.272s, 1879.41/s  (0.280s, 1827.97/s)  LR: 3.071e-05  Data: 0.000 (0.004)
2024-07-10 16:13:01,735 -                train: [    INFO] - Test: [   0/19]  Time: 0.108 (0.108)  Loss:  0.7656 (0.7656)  Acc@1: 79.8828 (79.8828)  Acc@5: 93.5547 (93.5547)
2024-07-10 16:13:02,474 -                train: [    INFO] - Test: [  19/19]  Time: 0.028 (0.042)  Loss:  0.8164 (0.7887)  Acc@1: 77.9412 (78.8700)  Acc@5: 94.4853 (94.5900)
2024-07-10 16:13:02,709 -                train: [    INFO] - *** Best metric: 79.31999997558594 (epoch 360)
2024-07-10 16:13:03,050 -                train: [    INFO] - Train: 370 [   0/97 (  0%)]  Loss:  1.772942 (1.7729)  Time: 0.339s, 1508.90/s  (0.339s, 1508.90/s)  LR: 2.940e-05  Data: 0.069 (0.069)
2024-07-10 16:13:29,935 -                train: [    INFO] - Train: 370 [  96/97 (100%)]  Loss:  2.095641 (1.9343)  Time: 0.272s, 1879.05/s  (0.281s, 1824.34/s)  LR: 2.940e-05  Data: 0.000 (0.004)
2024-07-10 16:13:30,053 -                train: [    INFO] - Test: [   0/19]  Time: 0.115 (0.115)  Loss:  0.7520 (0.7520)  Acc@1: 79.8828 (79.8828)  Acc@5: 93.7500 (93.7500)
2024-07-10 16:13:30,786 -                train: [    INFO] - Test: [  19/19]  Time: 0.028 (0.042)  Loss:  0.7451 (0.7616)  Acc@1: 79.0441 (79.2300)  Acc@5: 94.8529 (94.9800)
2024-07-10 16:13:30,993 -                train: [    INFO] - *** Best metric: 79.31999997558594 (epoch 360)
2024-07-10 16:13:31,327 -                train: [    INFO] - Train: 371 [   0/97 (  0%)]  Loss:  1.233811 (1.2338)  Time: 0.333s, 1536.24/s  (0.333s, 1536.24/s)  LR: 2.813e-05  Data: 0.061 (0.061)
2024-07-10 16:13:58,094 -                train: [    INFO] - Train: 371 [  96/97 (100%)]  Loss:  1.706008 (1.4699)  Time: 0.272s, 1881.02/s  (0.279s, 1832.77/s)  LR: 2.813e-05  Data: 0.000 (0.004)
2024-07-10 16:13:58,226 -                train: [    INFO] - Test: [   0/19]  Time: 0.130 (0.130)  Loss:  0.7598 (0.7598)  Acc@1: 79.6875 (79.6875)  Acc@5: 94.9219 (94.9219)
2024-07-10 16:13:58,943 -                train: [    INFO] - Test: [  19/19]  Time: 0.024 (0.042)  Loss:  0.7783 (0.7656)  Acc@1: 79.0441 (79.0100)  Acc@5: 94.4853 (94.9600)
2024-07-10 16:13:59,138 -                train: [    INFO] - *** Best metric: 79.31999997558594 (epoch 360)
2024-07-10 16:13:59,475 -                train: [    INFO] - Train: 372 [   0/97 (  0%)]  Loss:  0.871122 (0.8711)  Time: 0.335s, 1527.50/s  (0.335s, 1527.50/s)  LR: 2.691e-05  Data: 0.064 (0.064)
2024-07-10 16:14:26,455 -                train: [    INFO] - Train: 372 [  96/97 (100%)]  Loss:  1.801414 (1.3363)  Time: 0.274s, 1871.44/s  (0.282s, 1818.32/s)  LR: 2.691e-05  Data: 0.000 (0.004)
2024-07-10 16:14:26,573 -                train: [    INFO] - Test: [   0/19]  Time: 0.115 (0.115)  Loss:  0.7305 (0.7305)  Acc@1: 80.6641 (80.6641)  Acc@5: 94.3359 (94.3359)
2024-07-10 16:14:27,304 -                train: [    INFO] - Test: [  19/19]  Time: 0.027 (0.042)  Loss:  0.7471 (0.7670)  Acc@1: 79.7794 (79.3200)  Acc@5: 95.2206 (94.9700)
2024-07-10 16:14:27,481 - timm.utils.checkpoint_saver: [    INFO] - Current checkpoints:
 ('./output/train/20240710-131949-vitsnn-32/checkpoint-372.pth.tar', 79.31999998779297)
 ('./output/train/20240710-131949-vitsnn-32/checkpoint-360.pth.tar', 79.31999997558594)

2024-07-10 16:14:27,481 -                train: [    INFO] - *** Best metric: 79.31999998779297 (epoch 372)
2024-07-10 16:14:27,834 -                train: [    INFO] - Train: 373 [   0/97 (  0%)]  Loss:  1.216920 (1.2169)  Time: 0.351s, 1456.94/s  (0.351s, 1456.94/s)  LR: 2.573e-05  Data: 0.079 (0.079)
2024-07-10 16:14:54,420 -                train: [    INFO] - Train: 373 [  96/97 (100%)]  Loss:  2.005980 (1.6115)  Time: 0.272s, 1881.70/s  (0.278s, 1843.76/s)  LR: 2.573e-05  Data: 0.000 (0.004)
2024-07-10 16:14:54,543 -                train: [    INFO] - Test: [   0/19]  Time: 0.121 (0.121)  Loss:  0.7568 (0.7568)  Acc@1: 79.6875 (79.6875)  Acc@5: 94.3359 (94.3359)
2024-07-10 16:14:55,292 -                train: [    INFO] - Test: [  19/19]  Time: 0.042 (0.043)  Loss:  0.8252 (0.7724)  Acc@1: 77.9412 (78.5600)  Acc@5: 94.8529 (95.0600)
2024-07-10 16:14:55,486 -                train: [    INFO] - *** Best metric: 79.31999998779297 (epoch 372)
2024-07-10 16:14:55,854 -                train: [    INFO] - Train: 374 [   0/97 (  0%)]  Loss:  1.490423 (1.4904)  Time: 0.367s, 1395.91/s  (0.367s, 1395.91/s)  LR: 2.459e-05  Data: 0.096 (0.096)
2024-07-10 16:15:22,451 -                train: [    INFO] - Train: 374 [  96/97 (100%)]  Loss:  0.983029 (1.2367)  Time: 0.272s, 1885.05/s  (0.278s, 1842.00/s)  LR: 2.459e-05  Data: 0.000 (0.004)
2024-07-10 16:15:22,580 -                train: [    INFO] - Test: [   0/19]  Time: 0.127 (0.127)  Loss:  0.7744 (0.7744)  Acc@1: 78.5156 (78.5156)  Acc@5: 94.5312 (94.5312)
2024-07-10 16:15:23,321 -                train: [    INFO] - Test: [  19/19]  Time: 0.028 (0.043)  Loss:  0.7842 (0.7908)  Acc@1: 80.5147 (79.0700)  Acc@5: 94.1176 (94.7200)
2024-07-10 16:15:23,543 -                train: [    INFO] - *** Best metric: 79.31999998779297 (epoch 372)
2024-07-10 16:15:23,876 -                train: [    INFO] - Train: 375 [   0/97 (  0%)]  Loss:  1.634531 (1.6345)  Time: 0.331s, 1545.36/s  (0.331s, 1545.36/s)  LR: 2.349e-05  Data: 0.061 (0.061)
2024-07-10 16:15:50,397 -                train: [    INFO] - Train: 375 [  96/97 (100%)]  Loss:  1.913289 (1.7739)  Time: 0.272s, 1883.32/s  (0.277s, 1849.61/s)  LR: 2.349e-05  Data: 0.000 (0.004)
2024-07-10 16:15:50,511 -                train: [    INFO] - Test: [   0/19]  Time: 0.112 (0.112)  Loss:  0.7700 (0.7700)  Acc@1: 79.6875 (79.6875)  Acc@5: 94.3359 (94.3359)
2024-07-10 16:15:51,258 -                train: [    INFO] - Test: [  19/19]  Time: 0.027 (0.043)  Loss:  0.8027 (0.7843)  Acc@1: 78.6765 (79.0400)  Acc@5: 93.7500 (94.7000)
2024-07-10 16:15:51,448 -                train: [    INFO] - *** Best metric: 79.31999998779297 (epoch 372)
2024-07-10 16:15:51,786 -                train: [    INFO] - Train: 376 [   0/97 (  0%)]  Loss:  1.807799 (1.8078)  Time: 0.337s, 1520.96/s  (0.337s, 1520.96/s)  LR: 2.244e-05  Data: 0.066 (0.066)
2024-07-10 16:16:18,576 -                train: [    INFO] - Train: 376 [  96/97 (100%)]  Loss:  1.579766 (1.6938)  Time: 0.272s, 1885.62/s  (0.280s, 1830.95/s)  LR: 2.244e-05  Data: 0.000 (0.004)
2024-07-10 16:16:18,697 -                train: [    INFO] - Test: [   0/19]  Time: 0.118 (0.118)  Loss:  0.7686 (0.7686)  Acc@1: 79.2969 (79.2969)  Acc@5: 94.1406 (94.1406)
2024-07-10 16:16:19,434 -                train: [    INFO] - Test: [  19/19]  Time: 0.027 (0.043)  Loss:  0.7500 (0.7573)  Acc@1: 77.9412 (79.2400)  Acc@5: 95.2206 (95.0000)
2024-07-10 16:16:19,657 -                train: [    INFO] - *** Best metric: 79.31999998779297 (epoch 372)
2024-07-10 16:16:20,005 -                train: [    INFO] - Train: 377 [   0/97 (  0%)]  Loss:  1.716999 (1.7170)  Time: 0.347s, 1476.10/s  (0.347s, 1476.10/s)  LR: 2.142e-05  Data: 0.073 (0.073)
2024-07-10 16:16:46,951 -                train: [    INFO] - Train: 377 [  96/97 (100%)]  Loss:  1.508605 (1.6128)  Time: 0.347s, 1476.81/s  (0.281s, 1819.75/s)  LR: 2.142e-05  Data: 0.000 (0.004)
2024-07-10 16:16:47,062 -                train: [    INFO] - Test: [   0/19]  Time: 0.109 (0.109)  Loss:  0.7754 (0.7754)  Acc@1: 79.2969 (79.2969)  Acc@5: 94.1406 (94.1406)
2024-07-10 16:16:47,812 -                train: [    INFO] - Test: [  19/19]  Time: 0.034 (0.043)  Loss:  0.7695 (0.7684)  Acc@1: 76.8382 (79.4200)  Acc@5: 94.1176 (94.9800)
2024-07-10 16:16:47,995 - timm.utils.checkpoint_saver: [    INFO] - Current checkpoints:
 ('./output/train/20240710-131949-vitsnn-32/checkpoint-377.pth.tar', 79.42000017089843)
 ('./output/train/20240710-131949-vitsnn-32/checkpoint-372.pth.tar', 79.31999998779297)

2024-07-10 16:16:47,996 -                train: [    INFO] - *** Best metric: 79.42000017089843 (epoch 377)
2024-07-10 16:16:48,336 -                train: [    INFO] - Train: 378 [   0/97 (  0%)]  Loss:  1.580107 (1.5801)  Time: 0.339s, 1510.18/s  (0.339s, 1510.18/s)  LR: 2.045e-05  Data: 0.068 (0.068)
2024-07-10 16:17:14,910 -                train: [    INFO] - Train: 378 [  96/97 (100%)]  Loss:  1.773844 (1.6770)  Time: 0.272s, 1883.02/s  (0.277s, 1845.46/s)  LR: 2.045e-05  Data: 0.000 (0.004)
2024-07-10 16:17:15,021 -                train: [    INFO] - Test: [   0/19]  Time: 0.109 (0.109)  Loss:  0.7529 (0.7529)  Acc@1: 80.2734 (80.2734)  Acc@5: 95.7031 (95.7031)
2024-07-10 16:17:15,766 -                train: [    INFO] - Test: [  19/19]  Time: 0.028 (0.043)  Loss:  0.7842 (0.7654)  Acc@1: 79.7794 (79.2300)  Acc@5: 94.4853 (94.8900)
2024-07-10 16:17:15,927 -                train: [    INFO] - *** Best metric: 79.42000017089843 (epoch 377)
2024-07-10 16:17:16,272 -                train: [    INFO] - Train: 379 [   0/97 (  0%)]  Loss:  1.383379 (1.3834)  Time: 0.343s, 1492.43/s  (0.343s, 1492.43/s)  LR: 1.953e-05  Data: 0.071 (0.071)
2024-07-10 16:17:42,921 -                train: [    INFO] - Train: 379 [  96/97 (100%)]  Loss:  1.321245 (1.3523)  Time: 0.272s, 1880.74/s  (0.278s, 1840.01/s)  LR: 1.953e-05  Data: 0.000 (0.004)
2024-07-10 16:17:43,035 -                train: [    INFO] - Test: [   0/19]  Time: 0.111 (0.111)  Loss:  0.7676 (0.7676)  Acc@1: 80.0781 (80.0781)  Acc@5: 94.5312 (94.5312)
2024-07-10 16:17:43,757 -                train: [    INFO] - Test: [  19/19]  Time: 0.024 (0.042)  Loss:  0.7734 (0.7649)  Acc@1: 75.3676 (79.3100)  Acc@5: 94.4853 (94.9200)
2024-07-10 16:17:44,002 -                train: [    INFO] - *** Best metric: 79.42000017089843 (epoch 377)
2024-07-10 16:17:44,371 -                train: [    INFO] - Train: 380 [   0/97 (  0%)]  Loss:  1.252088 (1.2521)  Time: 0.368s, 1391.33/s  (0.368s, 1391.33/s)  LR: 1.864e-05  Data: 0.094 (0.094)
2024-07-10 16:18:11,083 -                train: [    INFO] - Train: 380 [  96/97 (100%)]  Loss:  1.431225 (1.3417)  Time: 0.272s, 1884.54/s  (0.279s, 1834.10/s)  LR: 1.864e-05  Data: 0.000 (0.004)
2024-07-10 16:18:11,195 -                train: [    INFO] - Test: [   0/19]  Time: 0.111 (0.111)  Loss:  0.7446 (0.7446)  Acc@1: 80.2734 (80.2734)  Acc@5: 95.1172 (95.1172)
2024-07-10 16:18:11,947 -                train: [    INFO] - Test: [  19/19]  Time: 0.027 (0.043)  Loss:  0.7500 (0.7653)  Acc@1: 79.7794 (79.0700)  Acc@5: 94.1176 (94.8700)
2024-07-10 16:18:12,171 -                train: [    INFO] - *** Best metric: 79.42000017089843 (epoch 377)
2024-07-10 16:18:12,517 -                train: [    INFO] - Train: 381 [   0/97 (  0%)]  Loss:  1.318651 (1.3187)  Time: 0.344s, 1487.43/s  (0.344s, 1487.43/s)  LR: 1.780e-05  Data: 0.065 (0.065)
2024-07-10 16:18:39,352 -                train: [    INFO] - Train: 381 [  96/97 (100%)]  Loss:  1.369097 (1.3439)  Time: 0.272s, 1883.60/s  (0.280s, 1827.41/s)  LR: 1.780e-05  Data: 0.000 (0.004)
2024-07-10 16:18:39,466 -                train: [    INFO] - Test: [   0/19]  Time: 0.112 (0.112)  Loss:  0.7617 (0.7617)  Acc@1: 79.4922 (79.4922)  Acc@5: 93.9453 (93.9453)
2024-07-10 16:18:40,190 -                train: [    INFO] - Test: [  19/19]  Time: 0.027 (0.042)  Loss:  0.7900 (0.7640)  Acc@1: 78.3088 (79.0600)  Acc@5: 93.7500 (94.9600)
2024-07-10 16:18:40,357 -                train: [    INFO] - *** Best metric: 79.42000017089843 (epoch 377)
2024-07-10 16:18:40,731 -                train: [    INFO] - Train: 382 [   0/97 (  0%)]  Loss:  1.550134 (1.5501)  Time: 0.372s, 1374.71/s  (0.372s, 1374.71/s)  LR: 1.700e-05  Data: 0.102 (0.102)
2024-07-10 16:19:07,640 -                train: [    INFO] - Train: 382 [  96/97 (100%)]  Loss:  1.481707 (1.5159)  Time: 0.271s, 1890.89/s  (0.281s, 1820.58/s)  LR: 1.700e-05  Data: 0.000 (0.004)
2024-07-10 16:19:07,757 -                train: [    INFO] - Test: [   0/19]  Time: 0.116 (0.116)  Loss:  0.7803 (0.7803)  Acc@1: 78.5156 (78.5156)  Acc@5: 93.9453 (93.9453)
2024-07-10 16:19:08,495 -                train: [    INFO] - Test: [  19/19]  Time: 0.040 (0.043)  Loss:  0.7959 (0.7777)  Acc@1: 79.0441 (79.0200)  Acc@5: 93.7500 (94.9300)
2024-07-10 16:19:08,700 -                train: [    INFO] - *** Best metric: 79.42000017089843 (epoch 377)
2024-07-10 16:19:09,034 -                train: [    INFO] - Train: 383 [   0/97 (  0%)]  Loss:  1.419345 (1.4193)  Time: 0.332s, 1543.21/s  (0.332s, 1543.21/s)  LR: 1.625e-05  Data: 0.061 (0.061)
2024-07-10 16:19:35,839 -                train: [    INFO] - Train: 383 [  96/97 (100%)]  Loss:  1.447696 (1.4335)  Time: 0.271s, 1892.07/s  (0.280s, 1830.25/s)  LR: 1.625e-05  Data: 0.000 (0.004)
2024-07-10 16:19:35,953 -                train: [    INFO] - Test: [   0/19]  Time: 0.112 (0.112)  Loss:  0.7710 (0.7710)  Acc@1: 80.2734 (80.2734)  Acc@5: 93.3594 (93.3594)
2024-07-10 16:19:36,683 -                train: [    INFO] - Test: [  19/19]  Time: 0.027 (0.042)  Loss:  0.7339 (0.7723)  Acc@1: 78.3088 (79.0500)  Acc@5: 94.8529 (94.7200)
2024-07-10 16:19:36,869 -                train: [    INFO] - *** Best metric: 79.42000017089843 (epoch 377)
2024-07-10 16:19:37,219 -                train: [    INFO] - Train: 384 [   0/97 (  0%)]  Loss:  1.496866 (1.4969)  Time: 0.348s, 1470.47/s  (0.348s, 1470.47/s)  LR: 1.554e-05  Data: 0.074 (0.074)
2024-07-10 16:20:03,910 -                train: [    INFO] - Train: 384 [  96/97 (100%)]  Loss:  1.572345 (1.5346)  Time: 0.271s, 1890.38/s  (0.279s, 1836.88/s)  LR: 1.554e-05  Data: 0.000 (0.004)
2024-07-10 16:20:04,022 -                train: [    INFO] - Test: [   0/19]  Time: 0.111 (0.111)  Loss:  0.7549 (0.7549)  Acc@1: 80.0781 (80.0781)  Acc@5: 94.3359 (94.3359)
2024-07-10 16:20:04,762 -                train: [    INFO] - Test: [  19/19]  Time: 0.028 (0.043)  Loss:  0.7798 (0.7798)  Acc@1: 78.6765 (79.1500)  Acc@5: 94.4853 (94.7300)
2024-07-10 16:20:04,985 -                train: [    INFO] - *** Best metric: 79.42000017089843 (epoch 377)
2024-07-10 16:20:05,344 -                train: [    INFO] - Train: 385 [   0/97 (  0%)]  Loss:  1.353009 (1.3530)  Time: 0.357s, 1433.65/s  (0.357s, 1433.65/s)  LR: 1.487e-05  Data: 0.086 (0.086)
2024-07-10 16:20:32,169 -                train: [    INFO] - Train: 385 [  96/97 (100%)]  Loss:  1.939944 (1.6465)  Time: 0.274s, 1870.57/s  (0.280s, 1827.28/s)  LR: 1.487e-05  Data: 0.000 (0.005)
2024-07-10 16:20:32,282 -                train: [    INFO] - Test: [   0/19]  Time: 0.111 (0.111)  Loss:  0.7446 (0.7446)  Acc@1: 80.8594 (80.8594)  Acc@5: 94.5312 (94.5312)
2024-07-10 16:20:33,011 -                train: [    INFO] - Test: [  19/19]  Time: 0.028 (0.042)  Loss:  0.7300 (0.7524)  Acc@1: 79.4118 (79.5300)  Acc@5: 93.0147 (95.0900)
2024-07-10 16:20:33,243 - timm.utils.checkpoint_saver: [    INFO] - Current checkpoints:
 ('./output/train/20240710-131949-vitsnn-32/checkpoint-385.pth.tar', 79.53000003662109)
 ('./output/train/20240710-131949-vitsnn-32/checkpoint-377.pth.tar', 79.42000017089843)

2024-07-10 16:20:33,244 -                train: [    INFO] - *** Best metric: 79.53000003662109 (epoch 385)
2024-07-10 16:20:33,613 -                train: [    INFO] - Train: 386 [   0/97 (  0%)]  Loss:  1.438775 (1.4388)  Time: 0.368s, 1391.58/s  (0.368s, 1391.58/s)  LR: 1.424e-05  Data: 0.093 (0.093)
2024-07-10 16:21:00,399 -                train: [    INFO] - Train: 386 [  96/97 (100%)]  Loss:  2.456645 (1.9477)  Time: 0.353s, 1451.39/s  (0.280s, 1829.08/s)  LR: 1.424e-05  Data: 0.000 (0.005)
2024-07-10 16:21:00,510 -                train: [    INFO] - Test: [   0/19]  Time: 0.109 (0.109)  Loss:  0.7681 (0.7681)  Acc@1: 79.8828 (79.8828)  Acc@5: 94.1406 (94.1406)
2024-07-10 16:21:01,254 -                train: [    INFO] - Test: [  19/19]  Time: 0.035 (0.043)  Loss:  0.7764 (0.7725)  Acc@1: 79.7794 (79.3800)  Acc@5: 94.1176 (94.9900)
2024-07-10 16:21:01,480 -                train: [    INFO] - *** Best metric: 79.53000003662109 (epoch 385)
2024-07-10 16:21:01,820 -                train: [    INFO] - Train: 387 [   0/97 (  0%)]  Loss:  1.500461 (1.5005)  Time: 0.338s, 1514.96/s  (0.338s, 1514.96/s)  LR: 1.366e-05  Data: 0.068 (0.068)
2024-07-10 16:21:28,756 -                train: [    INFO] - Train: 387 [  96/97 (100%)]  Loss:  1.791617 (1.6460)  Time: 0.271s, 1886.33/s  (0.281s, 1821.02/s)  LR: 1.366e-05  Data: 0.000 (0.004)
2024-07-10 16:21:28,864 -                train: [    INFO] - Test: [   0/19]  Time: 0.107 (0.107)  Loss:  0.7529 (0.7529)  Acc@1: 80.8594 (80.8594)  Acc@5: 94.3359 (94.3359)
2024-07-10 16:21:29,618 -                train: [    INFO] - Test: [  19/19]  Time: 0.027 (0.043)  Loss:  0.7856 (0.7668)  Acc@1: 80.1471 (79.3200)  Acc@5: 93.3824 (95.0400)
2024-07-10 16:21:29,791 -                train: [    INFO] - *** Best metric: 79.53000003662109 (epoch 385)
2024-07-10 16:21:30,135 -                train: [    INFO] - Train: 388 [   0/97 (  0%)]  Loss:  1.659281 (1.6593)  Time: 0.342s, 1498.68/s  (0.342s, 1498.68/s)  LR: 1.312e-05  Data: 0.072 (0.072)
2024-07-10 16:21:56,781 -                train: [    INFO] - Train: 388 [  96/97 (100%)]  Loss:  1.704826 (1.6821)  Time: 0.271s, 1890.42/s  (0.278s, 1840.35/s)  LR: 1.312e-05  Data: 0.000 (0.004)
2024-07-10 16:21:56,897 -                train: [    INFO] - Test: [   0/19]  Time: 0.114 (0.114)  Loss:  0.7812 (0.7812)  Acc@1: 80.0781 (80.0781)  Acc@5: 93.7500 (93.7500)
2024-07-10 16:21:57,644 -                train: [    INFO] - Test: [  19/19]  Time: 0.027 (0.043)  Loss:  0.7529 (0.7631)  Acc@1: 77.5735 (79.2700)  Acc@5: 94.1176 (95.0800)
2024-07-10 16:21:57,843 -                train: [    INFO] - *** Best metric: 79.53000003662109 (epoch 385)
2024-07-10 16:21:58,202 -                train: [    INFO] - Train: 389 [   0/97 (  0%)]  Loss:  1.877855 (1.8779)  Time: 0.357s, 1434.54/s  (0.357s, 1434.54/s)  LR: 1.262e-05  Data: 0.087 (0.087)
2024-07-10 16:22:24,740 -                train: [    INFO] - Train: 389 [  96/97 (100%)]  Loss:  1.513290 (1.6956)  Time: 0.271s, 1886.66/s  (0.277s, 1846.71/s)  LR: 1.262e-05  Data: 0.000 (0.004)
2024-07-10 16:22:24,853 -                train: [    INFO] - Test: [   0/19]  Time: 0.112 (0.112)  Loss:  0.7441 (0.7441)  Acc@1: 80.2734 (80.2734)  Acc@5: 94.3359 (94.3359)
2024-07-10 16:22:25,610 -                train: [    INFO] - Test: [  19/19]  Time: 0.041 (0.043)  Loss:  0.7598 (0.7553)  Acc@1: 78.6765 (79.5400)  Acc@5: 93.7500 (95.0200)
2024-07-10 16:22:25,857 - timm.utils.checkpoint_saver: [    INFO] - Current checkpoints:
 ('./output/train/20240710-131949-vitsnn-32/checkpoint-389.pth.tar', 79.53999992675782)
 ('./output/train/20240710-131949-vitsnn-32/checkpoint-385.pth.tar', 79.53000003662109)

2024-07-10 16:22:25,857 -                train: [    INFO] - *** Best metric: 79.53999992675782 (epoch 389)
2024-07-10 16:22:26,192 -                train: [    INFO] - Train: 390 [   0/97 (  0%)]  Loss:  1.189429 (1.1894)  Time: 0.333s, 1536.38/s  (0.333s, 1536.38/s)  LR: 1.216e-05  Data: 0.063 (0.063)
2024-07-10 16:22:52,794 -                train: [    INFO] - Train: 390 [  96/97 (100%)]  Loss:  2.026918 (1.6082)  Time: 0.271s, 1886.64/s  (0.278s, 1843.97/s)  LR: 1.216e-05  Data: 0.000 (0.004)
2024-07-10 16:22:52,906 -                train: [    INFO] - Test: [   0/19]  Time: 0.110 (0.110)  Loss:  0.7700 (0.7700)  Acc@1: 79.4922 (79.4922)  Acc@5: 94.3359 (94.3359)
2024-07-10 16:22:53,656 -                train: [    INFO] - Test: [  19/19]  Time: 0.027 (0.043)  Loss:  0.7651 (0.7627)  Acc@1: 77.9412 (79.1700)  Acc@5: 94.1177 (95.2200)
2024-07-10 16:22:53,821 -                train: [    INFO] - *** Best metric: 79.53999992675782 (epoch 389)
2024-07-10 16:22:54,175 -                train: [    INFO] - Train: 391 [   0/97 (  0%)]  Loss:  1.548548 (1.5485)  Time: 0.353s, 1451.06/s  (0.353s, 1451.06/s)  LR: 1.175e-05  Data: 0.082 (0.082)
2024-07-10 16:23:20,868 -                train: [    INFO] - Train: 391 [  96/97 (100%)]  Loss:  0.947805 (1.2482)  Time: 0.271s, 1890.49/s  (0.279s, 1836.46/s)  LR: 1.175e-05  Data: 0.000 (0.004)
2024-07-10 16:23:20,978 -                train: [    INFO] - Test: [   0/19]  Time: 0.109 (0.109)  Loss:  0.7441 (0.7441)  Acc@1: 81.0547 (81.0547)  Acc@5: 95.1172 (95.1172)
2024-07-10 16:23:21,738 -                train: [    INFO] - Test: [  19/19]  Time: 0.028 (0.043)  Loss:  0.7256 (0.7472)  Acc@1: 80.5147 (79.6400)  Acc@5: 94.8529 (95.0800)
2024-07-10 16:23:21,985 - timm.utils.checkpoint_saver: [    INFO] - Current checkpoints:
 ('./output/train/20240710-131949-vitsnn-32/checkpoint-391.pth.tar', 79.64000009765626)
 ('./output/train/20240710-131949-vitsnn-32/checkpoint-389.pth.tar', 79.53999992675782)

2024-07-10 16:23:21,986 -                train: [    INFO] - *** Best metric: 79.64000009765626 (epoch 391)
2024-07-10 16:23:22,334 -                train: [    INFO] - Train: 392 [   0/97 (  0%)]  Loss:  1.471125 (1.4711)  Time: 0.347s, 1473.76/s  (0.347s, 1473.76/s)  LR: 1.139e-05  Data: 0.069 (0.069)
2024-07-10 16:23:49,162 -                train: [    INFO] - Train: 392 [  96/97 (100%)]  Loss:  1.174778 (1.3230)  Time: 0.271s, 1886.43/s  (0.280s, 1827.70/s)  LR: 1.139e-05  Data: 0.000 (0.004)
2024-07-10 16:23:49,259 -                train: [    INFO] - Test: [   0/19]  Time: 0.096 (0.096)  Loss:  0.7520 (0.7520)  Acc@1: 79.6875 (79.6875)  Acc@5: 94.7266 (94.7266)
2024-07-10 16:23:50,006 -                train: [    INFO] - Test: [  19/19]  Time: 0.031 (0.042)  Loss:  0.7725 (0.7513)  Acc@1: 78.6765 (79.6800)  Acc@5: 93.7500 (95.1100)
2024-07-10 16:23:50,188 - timm.utils.checkpoint_saver: [    INFO] - Current checkpoints:
 ('./output/train/20240710-131949-vitsnn-32/checkpoint-392.pth.tar', 79.67999992675782)
 ('./output/train/20240710-131949-vitsnn-32/checkpoint-391.pth.tar', 79.64000009765626)

2024-07-10 16:23:50,188 -                train: [    INFO] - *** Best metric: 79.67999992675782 (epoch 392)
2024-07-10 16:23:50,523 -                train: [    INFO] - Train: 393 [   0/97 (  0%)]  Loss:  1.572637 (1.5726)  Time: 0.334s, 1533.63/s  (0.334s, 1533.63/s)  LR: 1.106e-05  Data: 0.060 (0.060)
2024-07-10 16:24:17,112 -                train: [    INFO] - Train: 393 [  96/97 (100%)]  Loss:  1.121208 (1.3469)  Time: 0.271s, 1891.03/s  (0.278s, 1844.82/s)  LR: 1.106e-05  Data: 0.000 (0.004)
2024-07-10 16:24:17,225 -                train: [    INFO] - Test: [   0/19]  Time: 0.111 (0.111)  Loss:  0.7393 (0.7393)  Acc@1: 80.6641 (80.6641)  Acc@5: 94.9219 (94.9219)
2024-07-10 16:24:17,971 -                train: [    INFO] - Test: [  19/19]  Time: 0.034 (0.043)  Loss:  0.7520 (0.7476)  Acc@1: 79.0441 (79.5000)  Acc@5: 94.4853 (95.2100)
2024-07-10 16:24:18,137 -                train: [    INFO] - *** Best metric: 79.67999992675782 (epoch 392)
2024-07-10 16:24:18,478 -                train: [    INFO] - Train: 394 [   0/97 (  0%)]  Loss:  1.668737 (1.6687)  Time: 0.339s, 1511.42/s  (0.339s, 1511.42/s)  LR: 1.078e-05  Data: 0.068 (0.068)
2024-07-10 16:24:45,088 -                train: [    INFO] - Train: 394 [  96/97 (100%)]  Loss:  1.247087 (1.4579)  Time: 0.271s, 1886.61/s  (0.278s, 1843.07/s)  LR: 1.078e-05  Data: 0.000 (0.004)
2024-07-10 16:24:45,207 -                train: [    INFO] - Test: [   0/19]  Time: 0.118 (0.118)  Loss:  0.7295 (0.7295)  Acc@1: 80.0781 (80.0781)  Acc@5: 94.7266 (94.7266)
2024-07-10 16:24:45,978 -                train: [    INFO] - Test: [  19/19]  Time: 0.041 (0.044)  Loss:  0.7710 (0.7496)  Acc@1: 79.7794 (79.4200)  Acc@5: 94.4853 (95.2900)
2024-07-10 16:24:46,206 -                train: [    INFO] - *** Best metric: 79.67999992675782 (epoch 392)
2024-07-10 16:24:46,545 -                train: [    INFO] - Train: 395 [   0/97 (  0%)]  Loss:  1.234310 (1.2343)  Time: 0.337s, 1520.48/s  (0.337s, 1520.48/s)  LR: 1.054e-05  Data: 0.067 (0.067)
2024-07-10 16:25:13,270 -                train: [    INFO] - Train: 395 [  96/97 (100%)]  Loss:  1.948517 (1.5914)  Time: 0.271s, 1890.07/s  (0.279s, 1835.36/s)  LR: 1.054e-05  Data: 0.000 (0.004)
2024-07-10 16:25:13,380 -                train: [    INFO] - Test: [   0/19]  Time: 0.109 (0.109)  Loss:  0.7446 (0.7446)  Acc@1: 79.6875 (79.6875)  Acc@5: 95.5078 (95.5078)
2024-07-10 16:25:14,143 -                train: [    INFO] - Test: [  19/19]  Time: 0.041 (0.044)  Loss:  0.7822 (0.7692)  Acc@1: 79.7794 (79.1000)  Acc@5: 94.8529 (95.1100)
2024-07-10 16:25:14,327 -                train: [    INFO] - *** Best metric: 79.67999992675782 (epoch 392)
2024-07-10 16:25:14,673 -                train: [    INFO] - Train: 396 [   0/97 (  0%)]  Loss:  1.241035 (1.2410)  Time: 0.338s, 1513.82/s  (0.338s, 1513.82/s)  LR: 1.035e-05  Data: 0.068 (0.068)
2024-07-10 16:25:41,388 -                train: [    INFO] - Train: 396 [  96/97 (100%)]  Loss:  1.378594 (1.3098)  Time: 0.271s, 1886.98/s  (0.279s, 1835.92/s)  LR: 1.035e-05  Data: 0.000 (0.004)
2024-07-10 16:25:41,499 -                train: [    INFO] - Test: [   0/19]  Time: 0.109 (0.109)  Loss:  0.7515 (0.7515)  Acc@1: 79.4922 (79.4922)  Acc@5: 94.3359 (94.3359)
2024-07-10 16:25:42,231 -                train: [    INFO] - Test: [  19/19]  Time: 0.028 (0.042)  Loss:  0.7686 (0.7528)  Acc@1: 77.2059 (79.1400)  Acc@5: 94.4853 (95.2700)
2024-07-10 16:25:42,453 -                train: [    INFO] - *** Best metric: 79.67999992675782 (epoch 392)
2024-07-10 16:25:42,808 -                train: [    INFO] - Train: 397 [   0/97 (  0%)]  Loss:  1.386720 (1.3867)  Time: 0.354s, 1446.75/s  (0.354s, 1446.75/s)  LR: 1.019e-05  Data: 0.084 (0.084)
2024-07-10 16:26:09,835 -                train: [    INFO] - Train: 397 [  96/97 (100%)]  Loss:  1.276363 (1.3315)  Time: 0.271s, 1890.66/s  (0.282s, 1813.94/s)  LR: 1.019e-05  Data: 0.000 (0.004)
2024-07-10 16:26:09,960 -                train: [    INFO] - Test: [   0/19]  Time: 0.124 (0.124)  Loss:  0.7695 (0.7695)  Acc@1: 79.4922 (79.4922)  Acc@5: 93.3594 (93.3594)
2024-07-10 16:26:10,692 -                train: [    INFO] - Test: [  19/19]  Time: 0.028 (0.043)  Loss:  0.7954 (0.7859)  Acc@1: 78.3088 (79.2700)  Acc@5: 95.2206 (94.7200)
2024-07-10 16:26:10,928 -                train: [    INFO] - *** Best metric: 79.67999992675782 (epoch 392)
2024-07-10 16:26:11,276 -                train: [    INFO] - Train: 398 [   0/97 (  0%)]  Loss:  2.096010 (2.0960)  Time: 0.345s, 1484.53/s  (0.345s, 1484.53/s)  LR: 1.009e-05  Data: 0.065 (0.065)
2024-07-10 16:26:37,874 -                train: [    INFO] - Train: 398 [  96/97 (100%)]  Loss:  1.759126 (1.9276)  Time: 0.271s, 1890.22/s  (0.278s, 1843.37/s)  LR: 1.009e-05  Data: 0.000 (0.004)
2024-07-10 16:26:37,989 -                train: [    INFO] - Test: [   0/19]  Time: 0.114 (0.114)  Loss:  0.7832 (0.7832)  Acc@1: 79.1016 (79.1016)  Acc@5: 94.9219 (94.9219)
2024-07-10 16:26:38,735 -                train: [    INFO] - Test: [  19/19]  Time: 0.028 (0.043)  Loss:  0.7598 (0.7839)  Acc@1: 80.8824 (79.4300)  Acc@5: 94.8529 (94.9900)
2024-07-10 16:26:38,903 -                train: [    INFO] - *** Best metric: 79.67999992675782 (epoch 392)
2024-07-10 16:26:39,243 -                train: [    INFO] - Train: 399 [   0/97 (  0%)]  Loss:  2.092493 (2.0925)  Time: 0.337s, 1517.85/s  (0.337s, 1517.85/s)  LR: 1.002e-05  Data: 0.066 (0.066)
2024-07-10 16:27:05,905 -                train: [    INFO] - Train: 399 [  96/97 (100%)]  Loss:  1.653122 (1.8728)  Time: 0.272s, 1881.23/s  (0.278s, 1839.54/s)  LR: 1.002e-05  Data: 0.000 (0.004)
2024-07-10 16:27:06,016 -                train: [    INFO] - Test: [   0/19]  Time: 0.109 (0.109)  Loss:  0.7842 (0.7842)  Acc@1: 79.1016 (79.1016)  Acc@5: 94.7266 (94.7266)
2024-07-10 16:27:06,736 -                train: [    INFO] - Test: [  19/19]  Time: 0.028 (0.041)  Loss:  0.7773 (0.7811)  Acc@1: 78.3088 (79.0800)  Acc@5: 94.4853 (94.9700)
2024-07-10 16:27:06,955 -                train: [    INFO] - *** Best metric: 79.67999992675782 (epoch 392)
2024-07-10 16:27:07,299 -                train: [    INFO] - Train: 400 [   0/97 (  0%)]  Loss:  0.995794 (0.9958)  Time: 0.343s, 1491.19/s  (0.343s, 1491.19/s)  LR: 1.000e-05  Data: 0.072 (0.072)
2024-07-10 16:27:33,917 -                train: [    INFO] - Train: 400 [  96/97 (100%)]  Loss:  1.217908 (1.1069)  Time: 0.272s, 1883.96/s  (0.278s, 1842.14/s)  LR: 1.000e-05  Data: 0.000 (0.004)
2024-07-10 16:27:34,030 -                train: [    INFO] - Test: [   0/19]  Time: 0.111 (0.111)  Loss:  0.7861 (0.7861)  Acc@1: 79.1016 (79.1016)  Acc@5: 95.3125 (95.3125)
2024-07-10 16:27:34,780 -                train: [    INFO] - Test: [  19/19]  Time: 0.028 (0.043)  Loss:  0.7568 (0.7609)  Acc@1: 78.3088 (79.1800)  Acc@5: 93.7500 (95.0600)
2024-07-10 16:27:35,014 -                train: [    INFO] - *** Best metric: 79.67999992675782 (epoch 392)
2024-07-10 16:27:35,371 -                train: [    INFO] - Train: 401 [   0/97 (  0%)]  Loss:  1.837113 (1.8371)  Time: 0.356s, 1437.29/s  (0.356s, 1437.29/s)  LR: 1.000e-05  Data: 0.085 (0.085)
2024-07-10 16:28:02,043 -                train: [    INFO] - Train: 401 [  96/97 (100%)]  Loss:  1.247685 (1.5424)  Time: 0.271s, 1886.02/s  (0.279s, 1837.59/s)  LR: 1.000e-05  Data: 0.000 (0.004)
2024-07-10 16:28:02,158 -                train: [    INFO] - Test: [   0/19]  Time: 0.113 (0.113)  Loss:  0.7646 (0.7646)  Acc@1: 78.9062 (78.9062)  Acc@5: 93.7500 (93.7500)
2024-07-10 16:28:02,883 -                train: [    INFO] - Test: [  19/19]  Time: 0.024 (0.042)  Loss:  0.7676 (0.7776)  Acc@1: 78.3088 (78.8100)  Acc@5: 95.2206 (94.7700)
2024-07-10 16:28:03,125 -                train: [    INFO] - *** Best metric: 79.67999992675782 (epoch 392)
2024-07-10 16:28:03,471 -                train: [    INFO] - Train: 402 [   0/97 (  0%)]  Loss:  1.936830 (1.9368)  Time: 0.344s, 1487.62/s  (0.344s, 1487.62/s)  LR: 1.000e-05  Data: 0.073 (0.073)
2024-07-10 16:28:30,222 -                train: [    INFO] - Train: 402 [  96/97 (100%)]  Loss:  1.587108 (1.7620)  Time: 0.272s, 1881.10/s  (0.279s, 1833.02/s)  LR: 1.000e-05  Data: 0.000 (0.004)
2024-07-10 16:28:30,339 -                train: [    INFO] - Test: [   0/19]  Time: 0.114 (0.114)  Loss:  0.7715 (0.7715)  Acc@1: 80.4688 (80.4688)  Acc@5: 94.9219 (94.9219)
2024-07-10 16:28:31,048 -                train: [    INFO] - Test: [  19/19]  Time: 0.024 (0.041)  Loss:  0.7632 (0.7634)  Acc@1: 77.9412 (79.4900)  Acc@5: 95.2206 (94.9100)
2024-07-10 16:28:31,271 -                train: [    INFO] - *** Best metric: 79.67999992675782 (epoch 392)
2024-07-10 16:28:31,613 -                train: [    INFO] - Train: 403 [   0/97 (  0%)]  Loss:  1.997094 (1.9971)  Time: 0.341s, 1503.49/s  (0.341s, 1503.49/s)  LR: 1.000e-05  Data: 0.067 (0.067)
2024-07-10 16:28:58,203 -                train: [    INFO] - Train: 403 [  96/97 (100%)]  Loss:  1.710477 (1.8538)  Time: 0.272s, 1884.52/s  (0.278s, 1844.29/s)  LR: 1.000e-05  Data: 0.000 (0.004)
2024-07-10 16:28:58,315 -                train: [    INFO] - Test: [   0/19]  Time: 0.110 (0.110)  Loss:  0.7500 (0.7500)  Acc@1: 79.6875 (79.6875)  Acc@5: 94.7266 (94.7266)
2024-07-10 16:28:59,051 -                train: [    INFO] - Test: [  19/19]  Time: 0.027 (0.042)  Loss:  0.7646 (0.7730)  Acc@1: 77.2059 (79.1200)  Acc@5: 94.4853 (94.8900)
2024-07-10 16:28:59,269 -                train: [    INFO] - *** Best metric: 79.67999992675782 (epoch 392)
2024-07-10 16:28:59,622 -                train: [    INFO] - Train: 404 [   0/97 (  0%)]  Loss:  1.301542 (1.3015)  Time: 0.352s, 1453.41/s  (0.352s, 1453.41/s)  LR: 1.000e-05  Data: 0.074 (0.074)
2024-07-10 16:29:26,145 -                train: [    INFO] - Train: 404 [  96/97 (100%)]  Loss:  1.333104 (1.3173)  Time: 0.272s, 1878.93/s  (0.277s, 1848.08/s)  LR: 1.000e-05  Data: 0.000 (0.004)
2024-07-10 16:29:26,257 -                train: [    INFO] - Test: [   0/19]  Time: 0.110 (0.110)  Loss:  0.7515 (0.7515)  Acc@1: 80.2734 (80.2734)  Acc@5: 94.7266 (94.7266)
2024-07-10 16:29:27,002 -                train: [    INFO] - Test: [  19/19]  Time: 0.024 (0.043)  Loss:  0.7441 (0.7595)  Acc@1: 78.6765 (79.2200)  Acc@5: 94.1176 (95.0500)
2024-07-10 16:29:27,224 -                train: [    INFO] - *** Best metric: 79.67999992675782 (epoch 392)
2024-07-10 16:29:27,578 -                train: [    INFO] - Train: 405 [   0/97 (  0%)]  Loss:  1.124248 (1.1242)  Time: 0.352s, 1453.17/s  (0.352s, 1453.17/s)  LR: 1.000e-05  Data: 0.081 (0.081)
2024-07-10 16:29:54,187 -                train: [    INFO] - Train: 405 [  96/97 (100%)]  Loss:  1.546592 (1.3354)  Time: 0.271s, 1886.06/s  (0.278s, 1842.16/s)  LR: 1.000e-05  Data: 0.000 (0.004)
2024-07-10 16:29:54,299 -                train: [    INFO] - Test: [   0/19]  Time: 0.110 (0.110)  Loss:  0.7666 (0.7666)  Acc@1: 78.5156 (78.5156)  Acc@5: 94.5312 (94.5312)
2024-07-10 16:29:55,012 -                train: [    INFO] - Test: [  19/19]  Time: 0.024 (0.041)  Loss:  0.7661 (0.7660)  Acc@1: 78.6765 (79.3900)  Acc@5: 95.2206 (94.9400)
2024-07-10 16:29:55,177 -                train: [    INFO] - *** Best metric: 79.67999992675782 (epoch 392)
2024-07-10 16:29:55,513 -                train: [    INFO] - Train: 406 [   0/97 (  0%)]  Loss:  1.270302 (1.2703)  Time: 0.335s, 1530.63/s  (0.335s, 1530.63/s)  LR: 1.000e-05  Data: 0.064 (0.064)
2024-07-10 16:30:22,250 -                train: [    INFO] - Train: 406 [  96/97 (100%)]  Loss:  1.527299 (1.3988)  Time: 0.272s, 1880.54/s  (0.279s, 1834.64/s)  LR: 1.000e-05  Data: 0.000 (0.004)
2024-07-10 16:30:22,358 -                train: [    INFO] - Test: [   0/19]  Time: 0.106 (0.106)  Loss:  0.7446 (0.7446)  Acc@1: 80.8594 (80.8594)  Acc@5: 94.5312 (94.5312)
2024-07-10 16:30:23,100 -                train: [    INFO] - Test: [  19/19]  Time: 0.027 (0.042)  Loss:  0.7729 (0.7472)  Acc@1: 80.1471 (79.8000)  Acc@5: 95.2206 (95.1700)
2024-07-10 16:30:23,354 - timm.utils.checkpoint_saver: [    INFO] - Current checkpoints:
 ('./output/train/20240710-131949-vitsnn-32/checkpoint-406.pth.tar', 79.80000014648438)
 ('./output/train/20240710-131949-vitsnn-32/checkpoint-392.pth.tar', 79.67999992675782)

2024-07-10 16:30:23,355 -                train: [    INFO] - *** Best metric: 79.80000014648438 (epoch 406)
2024-07-10 16:30:23,692 -                train: [    INFO] - Train: 407 [   0/97 (  0%)]  Loss:  1.752503 (1.7525)  Time: 0.335s, 1526.21/s  (0.335s, 1526.21/s)  LR: 1.000e-05  Data: 0.064 (0.064)
2024-07-10 16:30:50,484 -                train: [    INFO] - Train: 407 [  96/97 (100%)]  Loss:  1.739919 (1.7462)  Time: 0.272s, 1885.05/s  (0.280s, 1830.85/s)  LR: 1.000e-05  Data: 0.000 (0.004)
2024-07-10 16:30:50,598 -                train: [    INFO] - Test: [   0/19]  Time: 0.112 (0.112)  Loss:  0.7563 (0.7563)  Acc@1: 80.2734 (80.2734)  Acc@5: 94.5312 (94.5312)
2024-07-10 16:30:51,312 -                train: [    INFO] - Test: [  19/19]  Time: 0.024 (0.041)  Loss:  0.7676 (0.7747)  Acc@1: 79.7794 (78.9100)  Acc@5: 94.4853 (94.9000)
2024-07-10 16:30:51,467 -                train: [    INFO] - *** Best metric: 79.80000014648438 (epoch 406)
2024-07-10 16:30:51,813 -                train: [    INFO] - Train: 408 [   0/97 (  0%)]  Loss:  1.123416 (1.1234)  Time: 0.344s, 1487.78/s  (0.344s, 1487.78/s)  LR: 1.000e-05  Data: 0.073 (0.073)
2024-07-10 16:31:18,416 -                train: [    INFO] - Train: 408 [  96/97 (100%)]  Loss:  1.108891 (1.1162)  Time: 0.272s, 1881.57/s  (0.278s, 1843.15/s)  LR: 1.000e-05  Data: 0.000 (0.004)
2024-07-10 16:31:18,534 -                train: [    INFO] - Test: [   0/19]  Time: 0.116 (0.116)  Loss:  0.7534 (0.7534)  Acc@1: 80.6641 (80.6641)  Acc@5: 93.9453 (93.9453)
2024-07-10 16:31:19,277 -                train: [    INFO] - Test: [  19/19]  Time: 0.028 (0.043)  Loss:  0.7437 (0.7594)  Acc@1: 78.3088 (79.3800)  Acc@5: 94.8529 (94.9900)
2024-07-10 16:31:19,449 -                train: [    INFO] - *** Best metric: 79.80000014648438 (epoch 406)
2024-07-10 16:31:19,797 -                train: [    INFO] - Train: 409 [   0/97 (  0%)]  Loss:  1.186468 (1.1865)  Time: 0.346s, 1479.02/s  (0.346s, 1479.02/s)  LR: 1.000e-05  Data: 0.075 (0.075)
2024-07-10 16:31:46,445 -                train: [    INFO] - Train: 409 [  96/97 (100%)]  Loss:  1.114396 (1.1504)  Time: 0.271s, 1886.76/s  (0.278s, 1839.89/s)  LR: 1.000e-05  Data: 0.000 (0.004)
2024-07-10 16:31:46,557 -                train: [    INFO] - Test: [   0/19]  Time: 0.110 (0.110)  Loss:  0.7666 (0.7666)  Acc@1: 80.6641 (80.6641)  Acc@5: 94.3359 (94.3359)
2024-07-10 16:31:47,297 -                train: [    INFO] - Test: [  19/19]  Time: 0.028 (0.042)  Loss:  0.7676 (0.7516)  Acc@1: 78.3088 (79.6800)  Acc@5: 93.3824 (95.1700)
2024-07-10 16:31:47,497 - timm.utils.checkpoint_saver: [    INFO] - Current checkpoints:
 ('./output/train/20240710-131949-vitsnn-32/checkpoint-406.pth.tar', 79.80000014648438)
 ('./output/train/20240710-131949-vitsnn-32/checkpoint-409.pth.tar', 79.67999997558594)

2024-07-10 16:31:47,497 -                train: [    INFO] - *** Best metric: 79.80000014648438 (epoch 406)
2024-07-10 16:31:47,497 -                train: [    INFO] - *** Best metric: 79.80000014648438 (epoch 406)
